,object,image,name_agreement,H_statistic,Normalised_H_statistic,recognition_RT_mean,recognition_RT_SD,recognition_RT_95CI,first_key_RT,is_natural,modalName,modalWordFreq,weightedWordFreq,modalWordLength,weightedWordLength,modalProductionFreq_raw,altName1,altName1ProductionFreq_raw,altName1WordFreq,altName1WordLength,altName2,altName2ProductionFreq_raw,altName2WordFreq,altName2WordLength,altName3,altName3ProductionFreq_raw,altName3WordFreq,altName3WordLength,altName4,altName4ProductionFreq_raw,altName4WordFreq,altName4WordLength,altName5,altName5ProductionFreq_raw,altName5WordFreq,altName5WordLength,altName6,altName6ProductionFreq_raw,altName6WordLength,altName6WordFreq,altName7,altName7ProductionFreq_raw,altName7WordLength,altName7WordFreq,altName8,altName8ProductionFreq_raw,altName8WordLength,altName8WordFreq,altName9,altName9ProductionFreq_raw,altName9WordLength,altName9WordFreq,altName10,altName10ProductionFreq_raw,altName10WordLength,altName10WordFreq,altName11,altName11ProductionFreq_raw,altName11WordLength,altName11WordFreq,altName12,altName12ProductionFreq_raw,altName12WordLength,altName12WordFreq,altName13,altName13ProductionFreq_raw,altName13WordLength,altName13WordFreq,altName14,altName14ProductionFreq_raw,altName14WordLength,altName14WordFreq,altName15,altName15ProductionFreq_raw,altName15WordLength,altName15WordFreq
1,airliner,airliner_1.png,71.875,1.385888579,0.536134887,914.235484,582.6945,205.12008,96.32258058,0,plane,4.58,4.446666667,5,5.740740741,23,aeroplane,5,3.86,9,aircraft,1,4.44,8,jumbo jet,1,2.760193715,8,boeing 737-600,1,NA,13,jet,1,4.21,3,NA,NA,NA,NA,NA,NA,NA,NA,NA,NA,NA,NA,NA,NA,NA,NA,NA,NA,NA,NA,NA,NA,NA,NA,NA,NA,NA,NA,NA,NA,NA,NA,NA,NA,NA,NA,NA,NA,NA,NA
2,airliner,airliner_2.png,62.5,1.684686051,0.60009728,838.08125,374.15745,129.63656,94.046875,0,plane,4.58,4.393333333,5,6.037037037,20,aeroplane,7,3.86,9,fly,1,4.9,3,jet,1,4.21,3,airliner,1,2.84,8,boeing 747,1,2.172856981,9,boeing 747-400,1,13,NA,NA,NA,NA,NA,NA,NA,NA,NA,NA,NA,NA,NA,NA,NA,NA,NA,NA,NA,NA,NA,NA,NA,NA,NA,NA,NA,NA,NA,NA,NA,NA,NA,NA,NA,NA,NA
3,airliner,airliner_3.png,57.57575758,1.734092672,0.617696273,981.4545455,479.67599,163.6587,90.39393935,0,plane,4.58,4.120357143,5,5.964285714,19,airplane,9,3.15,8,fly,1,4.9,3,jet,1,4.21,3,holiday,1,4.94,7,airliner,1,2.84,8,passenger plane,1,14,2.26393745,NA,NA,NA,NA,NA,NA,NA,NA,NA,NA,NA,NA,NA,NA,NA,NA,NA,NA,NA,NA,NA,NA,NA,NA,NA,NA,NA,NA,NA,NA,NA,NA,NA,NA,NA,NA
4,airliner,airliner_4.png,70.58823529,1.711169091,0.539813746,1013.551515,569.85241,194.42562,93.41818184,0,plane,4.58,4.496923077,5,5.461538462,24,aeroplane,3,3.86,9,fly,1,4.9,3,jet engine,1,2.863053061,9,concorde,1,3.27,8,jumbo jet,1,2.760193715,8,passenger plane,1,14,2.26393745,boeing 737-800,1,13,NA,jet,1,3,4.21,NA,NA,NA,NA,NA,NA,NA,NA,NA,NA,NA,NA,NA,NA,NA,NA,NA,NA,NA,NA,NA,NA,NA,NA,NA,NA,NA,NA
5,aloe,aloe_1.png,46.875,2.106145033,0.750223998,1302.206452,909.76813,320.25651,96.89354841,1,aloe vera,2.376976964,3.183488482,8,6.428571429,15,plant,8,4.81,5,aloe,4,2.67,4,cactus,2,3.35,6,flower,1,4.5,6,succulent,1,3.31,9,agave,1,5,2.02,NA,NA,NA,NA,NA,NA,NA,NA,NA,NA,NA,NA,NA,NA,NA,NA,NA,NA,NA,NA,NA,NA,NA,NA,NA,NA,NA,NA,NA,NA,NA,NA,NA,NA,NA,NA
6,aloe,aloe_2.png,46.875,2.124429394,0.756737019,1450.512903,571.40968,201.1476,99.79354847,1,plant,4.81,3.909817315,5,5.678571429,15,cactus,6,3.35,6,aloe vera,5,2.376976964,8,aloe,2,2.67,4,succulent,1,3.31,9,agave,1,2.02,5,flower,1,6,4.5,NA,NA,NA,NA,NA,NA,NA,NA,NA,NA,NA,NA,NA,NA,NA,NA,NA,NA,NA,NA,NA,NA,NA,NA,NA,NA,NA,NA,NA,NA,NA,NA,NA,NA,NA,NA
7,aloe,aloe_3.png,37.5,2.452619697,0.77371537,1290.64,654.91434,234.35378,87.80333331,1,aloe vera,2.376976964,3.436312379,8,6.607142857,12,plant,10,4.81,5,succulent,3,3.31,9,aloe,2,2.67,4,cactus,2,3.35,6,flower,1,4.5,6,agave,1,5,2.02,NA,NA,NA,NA,NA,NA,NA,NA,NA,NA,NA,NA,NA,NA,NA,NA,NA,NA,NA,NA,NA,NA,NA,NA,NA,NA,NA,NA,NA,NA,NA,NA,NA,NA,NA,NA
8,aloe,aloe_4.png,34.375,2.022497303,0.871042177,1192.634483,566.44584,206.16146,91.91379311,1,aloe vera,2.376976964,3.315598093,8,6.107142857,11,plant,10,4.81,5,aloe,5,2.67,4,cactus,4,3.35,6,agave,1,2.02,5,NA,NA,NA,NA,NA,NA,NA,NA,NA,NA,NA,NA,NA,NA,NA,NA,NA,NA,NA,NA,NA,NA,NA,NA,NA,NA,NA,NA,NA,NA,NA,NA,NA,NA,NA,NA,NA,NA,NA,NA,NA,NA,NA,NA
9,apple,apple_1.png,100,0,0,716.434375,196.92061,68.22825,87.99999999,1,apple,4.58,4.58,5,5,33,NA,NA,NA,NA,NA,NA,NA,NA,NA,NA,NA,NA,NA,NA,NA,NA,NA,NA,NA,NA,NA,NA,NA,NA,NA,NA,NA,NA,NA,NA,NA,NA,NA,NA,NA,NA,NA,NA,NA,NA,NA,NA,NA,NA,NA,NA,NA,NA,NA,NA,NA,NA,NA,NA,NA,NA,NA,NA,NA,NA
10,apple,apple_2.png,100,0,0,829.646875,321.85842,111.51621,95.16250001,1,apple,4.58,4.58,5,5,33,NA,NA,NA,NA,NA,NA,NA,NA,NA,NA,NA,NA,NA,NA,NA,NA,NA,NA,NA,NA,NA,NA,NA,NA,NA,NA,NA,NA,NA,NA,NA,NA,NA,NA,NA,NA,NA,NA,NA,NA,NA,NA,NA,NA,NA,NA,NA,NA,NA,NA,NA,NA,NA,NA,NA,NA,NA,NA,NA,NA
11,apple,apple_3.png,100,0,0,791.3399999,391.94147,140.25188,92.98999997,1,apple,4.58,4.58,5,5,31,NA,NA,NA,NA,NA,NA,NA,NA,NA,NA,NA,NA,NA,NA,NA,NA,NA,NA,NA,NA,NA,NA,NA,NA,NA,NA,NA,NA,NA,NA,NA,NA,NA,NA,NA,NA,NA,NA,NA,NA,NA,NA,NA,NA,NA,NA,NA,NA,NA,NA,NA,NA,NA,NA,NA,NA,NA,NA,NA,NA
12,apple,apple_4.png,96.875,0.200622324,0.200622324,843.9375,350.06394,121.28874,86.38750001,1,apple,4.58,4.58,5,5,31,fruit,1,4.73,5,NA,NA,NA,NA,NA,NA,NA,NA,NA,NA,NA,NA,NA,NA,NA,NA,NA,NA,NA,NA,NA,NA,NA,NA,NA,NA,NA,NA,NA,NA,NA,NA,NA,NA,NA,NA,NA,NA,NA,NA,NA,NA,NA,NA,NA,NA,NA,NA,NA,NA,NA,NA,NA,NA,NA,NA
13,artichoke,artichoke_1.png,43.75,2.343753085,0.739371778,1661.776923,1271.05494,488.56881,85.19615383,1,artichoke,3.13,3.676,9,8.2,14,vegetable,5,4.18,9,plant,4,4.81,5,bulb,1,3.68,4,broccoli,1,3.71,8,shrub,1,3.08,5,flower,1,6,4.5,asparagus,1,9,3.88,sprout,1,6,3.38,NA,NA,NA,NA,NA,NA,NA,NA,NA,NA,NA,NA,NA,NA,NA,NA,NA,NA,NA,NA,NA,NA,NA,NA,NA,NA,NA,NA
14,artichoke,artichoke_2.png,40.625,2.504846197,0.75403384,1005.85,472.09461,174.86308,91.67857142,1,artichoke,3.13,3.68,9,8.047619048,13,plant,5,4.81,5,vegetable,3,4.18,9,fruit,1,4.73,5,flower,1,4.5,6,asparagus,1,3.88,9,cabbage,1,7,4.07,avocado,1,7,3.25,bud,1,3,3.85,flower bud,1,9,1.871826985,NA,NA,NA,NA,NA,NA,NA,NA,NA,NA,NA,NA,NA,NA,NA,NA,NA,NA,NA,NA,NA,NA,NA,NA
15,artichoke,artichoke_3.png,40.625,2.562333356,0.771339199,1142.904,580.67111,227.61889,94.96000001,1,artichoke,3.13,3.661,9,8.15,13,flower,4,4.5,6,vegetable,3,4.18,9,plant,2,4.81,5,cactus,1,3.35,6,food,1,5.45,4,asparagus,1,9,3.88,avocado,1,7,NA,bud,1,3,3.85,flower bud,1,9,1.871826985,NA,NA,NA,NA,NA,NA,NA,NA,NA,NA,NA,NA,NA,NA,NA,NA,NA,NA,NA,NA,NA,NA,NA,NA
16,artichoke,artichoke_4.png,28.125,2.707569654,0.854143127,1018.6875,427.44347,171.00986,83.84166666,1,artichoke,3.13,4.08952381,9,6.714285714,9,plant,6,4.81,5,flower,4,4.5,6,vegetable,3,4.18,9,bud,2,3.85,3,coral,1,3.86,5,fennel,1,6,NA,fruit,1,5,4.73,asparagus flower,1,15,NA,NA,NA,NA,NA,NA,NA,NA,NA,NA,NA,NA,NA,NA,NA,NA,NA,NA,NA,NA,NA,NA,NA,NA,NA,NA,NA,NA,NA
17,ash,ash_1.png,100,0,0,848.6774194,427.41179,150.45747,103.0903227,1,tree,4.95,4.95,4,4,31,NA,NA,NA,NA,NA,NA,NA,NA,NA,NA,NA,NA,NA,NA,NA,NA,NA,NA,NA,NA,NA,NA,NA,NA,NA,NA,NA,NA,NA,NA,NA,NA,NA,NA,NA,NA,NA,NA,NA,NA,NA,NA,NA,NA,NA,NA,NA,NA,NA,NA,NA,NA,NA,NA,NA,NA,NA,NA,NA,NA
18,ash,ash_2.png,100,0,0,815.3375,337.21768,116.83782,89.21874999,1,tree,4.95,4.95,4,4,32,NA,NA,NA,NA,NA,NA,NA,NA,NA,NA,NA,NA,NA,NA,NA,NA,NA,NA,NA,NA,NA,NA,NA,NA,NA,NA,NA,NA,NA,NA,NA,NA,NA,NA,NA,NA,NA,NA,NA,NA,NA,NA,NA,NA,NA,NA,NA,NA,NA,NA,NA,NA,NA,NA,NA,NA,NA,NA,NA,NA
19,ash,ash_3.png,100,0,0,958.45,571.31105,197.94554,102.2593751,1,tree,4.95,4.95,4,4,32,NA,NA,NA,NA,NA,NA,NA,NA,NA,NA,NA,NA,NA,NA,NA,NA,NA,NA,NA,NA,NA,NA,NA,NA,NA,NA,NA,NA,NA,NA,NA,NA,NA,NA,NA,NA,NA,NA,NA,NA,NA,NA,NA,NA,NA,NA,NA,NA,NA,NA,NA,NA,NA,NA,NA,NA,NA,NA,NA,NA
20,ash,ash_4.png,100,0,0,831.5741935,434.40901,152.92063,83.83870968,1,tree,4.95,4.95,4,4,32,NA,NA,NA,NA,NA,NA,NA,NA,NA,NA,NA,NA,NA,NA,NA,NA,NA,NA,NA,NA,NA,NA,NA,NA,NA,NA,NA,NA,NA,NA,NA,NA,NA,NA,NA,NA,NA,NA,NA,NA,NA,NA,NA,NA,NA,NA,NA,NA,NA,NA,NA,NA,NA,NA,NA,NA,NA,NA,NA,NA
21,ashtray,ashtray_1.png,62.5,1.11607628,0.55803814,1443.926087,624.28136,255.13177,94.79130438,0,ashtray,3.2,3.54,7,6.090909091,20,pot,3,4.76,3,pan,2,4.6,3,steam,1,4.39,5,NA,NA,NA,NA,NA,NA,NA,NA,NA,NA,NA,NA,NA,NA,NA,NA,NA,NA,NA,NA,NA,NA,NA,NA,NA,NA,NA,NA,NA,NA,NA,NA,NA,NA,NA,NA,NA,NA,NA,NA,NA,NA,NA,NA,NA,NA,NA,NA
22,ashtray,ashtray_2.png,59.375,1.41543128,0.504186795,1571.680952,811.15308,346.92953,97.26190479,0,ashtray,3.2,3.2,7,7,19,cigarette holder,1,NA,15,chalk,1,NA,5,ceramic,1,3.6,7,ash,1,NA,3,tray,1,4.15,4,cup,1,3,5.09,NA,NA,NA,NA,NA,NA,NA,NA,NA,NA,NA,NA,NA,NA,NA,NA,NA,NA,NA,NA,NA,NA,NA,NA,NA,NA,NA,NA,NA,NA,NA,NA,NA,NA,NA,NA
23,ashtray,ashtray_3.png,81.81818182,0.74832655,0.374163275,1517.364286,708.22489,262.32535,93.28214287,0,ashtray,3.2,3.273076923,7,6.769230769,27,tray,2,4.15,4,puzzle,1,3.93,6,box,1,5.12,3,NA,NA,NA,NA,NA,NA,NA,NA,NA,NA,NA,NA,NA,NA,NA,NA,NA,NA,NA,NA,NA,NA,NA,NA,NA,NA,NA,NA,NA,NA,NA,NA,NA,NA,NA,NA,NA,NA,NA,NA,NA,NA,NA,NA,NA,NA,NA,NA
24,ashtray,ashtray_4.png,81.25,1.118392729,0.432653367,1127.815625,385.29206,133.49444,87.04062497,0,ashtray,3.2,3.252857143,7,7.214285714,26,cigarettes,2,3.94,10,cigarette holder,1,2.308519583,15,smoke,1,4.53,5,container,1,3.77,9,cigarette bowl,1,NA,13,NA,NA,NA,NA,NA,NA,NA,NA,NA,NA,NA,NA,NA,NA,NA,NA,NA,NA,NA,NA,NA,NA,NA,NA,NA,NA,NA,NA,NA,NA,NA,NA,NA,NA,NA,NA,NA,NA,NA,NA
25,asparagus,asparagus_1.png,75,0.9042326,0.570507251,1268.245161,915.52693,322.28372,84.73548393,1,asparagus,3.88,3.94,9,9,24,vegetable,6,4.18,9,celery,1,3.66,6,NA,NA,NA,NA,NA,NA,NA,NA,NA,NA,NA,NA,NA,NA,NA,NA,NA,NA,NA,NA,NA,NA,NA,NA,NA,NA,NA,NA,NA,NA,NA,NA,NA,NA,NA,NA,NA,NA,NA,NA,NA,NA,NA,NA,NA,NA,NA,NA,NA,NA,NA,NA
26,asparagus,asparagus_2.png,69.6969697,1.201509375,0.600754688,965.2129032,397.82228,140.04137,91.80645162,1,asparagus,3.88,3.942068966,9,9,23,vegetable,6,4.18,9,plant,2,4.81,5,posh,1,4.29,4,NA,NA,NA,NA,NA,NA,NA,NA,NA,NA,NA,NA,NA,NA,NA,NA,NA,NA,NA,NA,NA,NA,NA,NA,NA,NA,NA,NA,NA,NA,NA,NA,NA,NA,NA,NA,NA,NA,NA,NA,NA,NA,NA,NA,NA,NA,NA,NA
27,asparagus,asparagus_3.png,78.78787879,1.032302495,0.444588485,1268.009678,796.9434,280.53995,92.59354837,1,asparagus,3.88,3.912142857,9,9,26,vegetable,3,4.18,9,spears,1,3.4,6,food,1,5.45,4,nature,1,4.83,6,NA,NA,NA,NA,NA,NA,NA,NA,NA,NA,NA,NA,NA,NA,NA,NA,NA,NA,NA,NA,NA,NA,NA,NA,NA,NA,NA,NA,NA,NA,NA,NA,NA,NA,NA,NA,NA,NA,NA,NA,NA,NA,NA,NA
28,asparagus,asparagus_4.png,75,1.186648326,0.511061617,1154.858621,1072.13819,390.21132,95.02413795,1,asparagus,3.88,3.885714286,9,8.785714286,24,vegetable,3,4.18,9,celery,2,3.66,6,plant,1,4.81,5,mange tout,1,NA,9,NA,NA,NA,NA,NA,NA,NA,NA,NA,NA,NA,NA,NA,NA,NA,NA,NA,NA,NA,NA,NA,NA,NA,NA,NA,NA,NA,NA,NA,NA,NA,NA,NA,NA,NA,NA,NA,NA,NA,NA,NA,NA,NA,NA
29,baseball,baseball_1.png,55.88235294,1.389516583,0.694758292,1129.384848,750.43957,256.03943,94.43636364,0,baseball,3.74,4.214551896,8,6.8125,19,ball,12,5.33,4,cricket ball,2,2.587830329,11,glove,1,3.81,5,NA,NA,NA,NA,NA,NA,NA,NA,NA,NA,NA,NA,NA,NA,NA,NA,NA,NA,NA,NA,NA,NA,NA,NA,NA,NA,NA,NA,NA,NA,NA,NA,NA,NA,NA,NA,NA,NA,NA,NA,NA,NA,NA,NA,NA,NA,NA,NA
30,baseball,baseball_2.png,53.125,1.32523173,0.662615865,929.95,688.41815,238.52034,91.06875001,0,baseball,3.74,4.429,8,6.266666667,17,ball,13,5.33,4,glove,1,3.81,5,cricket ball,1,2.587830329,11,NA,NA,NA,NA,NA,NA,NA,NA,NA,NA,NA,NA,NA,NA,NA,NA,NA,NA,NA,NA,NA,NA,NA,NA,NA,NA,NA,NA,NA,NA,NA,NA,NA,NA,NA,NA,NA,NA,NA,NA,NA,NA,NA,NA,NA,NA,NA,NA
31,baseball,baseball_3.png,64.51612903,1.094265896,0.690404912,874.8161291,413.65409,145.61448,95.84193553,0,baseball,3.74,4.27,8,6.666666667,20,ball,10,5.33,4,cricket ball,1,2.587830329,11,NA,NA,NA,NA,NA,NA,NA,NA,NA,NA,NA,NA,NA,NA,NA,NA,NA,NA,NA,NA,NA,NA,NA,NA,NA,NA,NA,NA,NA,NA,NA,NA,NA,NA,NA,NA,NA,NA,NA,NA,NA,NA,NA,NA,NA,NA,NA,NA,NA,NA,NA,NA
32,baseball,baseball_4.png,66.66666667,1.206914707,0.603457353,844.2838711,338.88202,119.29322,87.48387094,0,baseball,3.74,4.17862069,8,6.896551724,22,ball,9,5.33,4,soccer,1,3.61,6,cricket ball,1,2.587830329,11,NA,NA,NA,NA,NA,NA,NA,NA,NA,NA,NA,NA,NA,NA,NA,NA,NA,NA,NA,NA,NA,NA,NA,NA,NA,NA,NA,NA,NA,NA,NA,NA,NA,NA,NA,NA,NA,NA,NA,NA,NA,NA,NA,NA,NA,NA,NA,NA
33,basketball,basketball_1.png,70.96774194,0.869137581,0.869137581,1200.610345,547.74794,199.35625,99.82758621,0,basketball,3.89,4.336896552,10,8.137931034,22,ball,9,5.33,4,NA,NA,NA,NA,NA,NA,NA,NA,NA,NA,NA,NA,NA,NA,NA,NA,NA,NA,NA,NA,NA,NA,NA,NA,NA,NA,NA,NA,NA,NA,NA,NA,NA,NA,NA,NA,NA,NA,NA,NA,NA,NA,NA,NA,NA,NA,NA,NA,NA,NA,NA,NA,NA,NA,NA,NA
34,basketball,basketball_2.png,68.75,1.184140762,0.592070381,834.4870967,260.41338,91.67069,89.47741938,0,basketball,3.89,4.287241379,10,8.344827586,22,ball,8,5.33,4,basketball court,1,2.376976964,15,baseball,1,3.74,8,NA,NA,NA,NA,NA,NA,NA,NA,NA,NA,NA,NA,NA,NA,NA,NA,NA,NA,NA,NA,NA,NA,NA,NA,NA,NA,NA,NA,NA,NA,NA,NA,NA,NA,NA,NA,NA,NA,NA,NA,NA,NA,NA,NA,NA,NA,NA,NA
35,basketball,basketball_3.png,68.75,1.042599356,0.657806954,950.975,743.16081,257.48735,96.60937497,0,basketball,3.89,4.308064516,10,8.258064516,22,ball,9,5.33,4,basketball ball,1,NA,14,NA,NA,NA,NA,NA,NA,NA,NA,NA,NA,NA,NA,NA,NA,NA,NA,NA,NA,NA,NA,NA,NA,NA,NA,NA,NA,NA,NA,NA,NA,NA,NA,NA,NA,NA,NA,NA,NA,NA,NA,NA,NA,NA,NA,NA,NA,NA,NA,NA,NA,NA,NA
36,basketball,basketball_4.png,72.72727273,0.845350937,0.845350937,899.339394,452.90968,154.52642,85.28787873,0,basketball,3.89,4.282727273,10,8.363636364,24,ball,9,5.33,4,NA,NA,NA,NA,NA,NA,NA,NA,NA,NA,NA,NA,NA,NA,NA,NA,NA,NA,NA,NA,NA,NA,NA,NA,NA,NA,NA,NA,NA,NA,NA,NA,NA,NA,NA,NA,NA,NA,NA,NA,NA,NA,NA,NA,NA,NA,NA,NA,NA,NA,NA,NA,NA,NA,NA,NA
37,bat,bat_1.png,93.93939394,0.390452131,0.246347867,990.6515151,407.08007,138.88999,92.47272728,1,bat,4.3,4.3,3,3,31,cave,1,4.19,4,mammal,1,3.71,6,NA,NA,NA,NA,NA,NA,NA,NA,NA,NA,NA,NA,NA,NA,NA,NA,NA,NA,NA,NA,NA,NA,NA,NA,NA,NA,NA,NA,NA,NA,NA,NA,NA,NA,NA,NA,NA,NA,NA,NA,NA,NA,NA,NA,NA,NA,NA,NA,NA,NA,NA,NA
38,bat,bat_2.png,84.375,0.98806367,0.382235204,1289.322581,917.30246,322.90874,89.90322578,1,bat,4.3,4.3,3,3,27,rodent,1,3.28,6,rat,1,4.23,3,mammal,1,3.71,6,big eared bat,1,NA,11,animal,1,4.93,6,NA,NA,NA,NA,NA,NA,NA,NA,NA,NA,NA,NA,NA,NA,NA,NA,NA,NA,NA,NA,NA,NA,NA,NA,NA,NA,NA,NA,NA,NA,NA,NA,NA,NA,NA,NA,NA,NA,NA,NA
39,bat,bat_3.png,100,0,0,944.9125,533.04851,184.68849,92.9375,1,bat,4.3,4.3,3,3,32,NA,NA,NA,NA,NA,NA,NA,NA,NA,NA,NA,NA,NA,NA,NA,NA,NA,NA,NA,NA,NA,NA,NA,NA,NA,NA,NA,NA,NA,NA,NA,NA,NA,NA,NA,NA,NA,NA,NA,NA,NA,NA,NA,NA,NA,NA,NA,NA,NA,NA,NA,NA,NA,NA,NA,NA,NA,NA,NA,NA
40,bat,bat_4.png,96.875,0.200622324,0.200622324,829.1375,250.25557,86.70754,86.87499999,1,bat,4.3,4.3,3,3,31,mouse,1,4.41,5,NA,NA,NA,NA,NA,NA,NA,NA,NA,NA,NA,NA,NA,NA,NA,NA,NA,NA,NA,NA,NA,NA,NA,NA,NA,NA,NA,NA,NA,NA,NA,NA,NA,NA,NA,NA,NA,NA,NA,NA,NA,NA,NA,NA,NA,NA,NA,NA,NA,NA,NA,NA,NA,NA,NA,NA
41,bathtub,bathtub_1.png,72.72727273,1.114376408,0.557188204,815.703125,243.72529,84.44496,95.55312496,0,bath,4.65,4.248064516,4,4.677419355,24,bathtub,7,2.87,7,tub,1,3.7,3,container,1,NA,9,NA,NA,NA,NA,NA,NA,NA,NA,NA,NA,NA,NA,NA,NA,NA,NA,NA,NA,NA,NA,NA,NA,NA,NA,NA,NA,NA,NA,NA,NA,NA,NA,NA,NA,NA,NA,NA,NA,NA,NA,NA,NA,NA,NA,NA,NA,NA,NA
42,bathtub,bathtub_2.png,75,0.811278124,0.811278124,858.628125,536.29,185.81159,104.971875,0,bath,4.65,4.205,4,4.75,24,bathtub,8,2.87,7,NA,NA,NA,NA,NA,NA,NA,NA,NA,NA,NA,NA,NA,NA,NA,NA,NA,NA,NA,NA,NA,NA,NA,NA,NA,NA,NA,NA,NA,NA,NA,NA,NA,NA,NA,NA,NA,NA,NA,NA,NA,NA,NA,NA,NA,NA,NA,NA,NA,NA,NA,NA,NA,NA,NA,NA
43,bathtub,bathtub_3.png,68.75,0.896038233,0.896038233,752.35,331.94719,115.01172,101.3937501,0,bath,4.65,4.09375,4,4.9375,22,bathtub,10,2.87,7,NA,NA,NA,NA,NA,NA,NA,NA,NA,NA,NA,NA,NA,NA,NA,NA,NA,NA,NA,NA,NA,NA,NA,NA,NA,NA,NA,NA,NA,NA,NA,NA,NA,NA,NA,NA,NA,NA,NA,NA,NA,NA,NA,NA,NA,NA,NA,NA,NA,NA,NA,NA,NA,NA,NA,NA
44,bathtub,bathtub_4.png,81.25,0.69621226,0.69621226,876.384375,460.88247,159.6847,90.88124996,0,bath,4.65,4.31625,4,4.5625,26,bathtub,6,2.87,7,NA,NA,NA,NA,NA,NA,NA,NA,NA,NA,NA,NA,NA,NA,NA,NA,NA,NA,NA,NA,NA,NA,NA,NA,NA,NA,NA,NA,NA,NA,NA,NA,NA,NA,NA,NA,NA,NA,NA,NA,NA,NA,NA,NA,NA,NA,NA,NA,NA,NA,NA,NA,NA,NA,NA,NA
45,battery,battery_1.png,93.75,0.399790067,0.252239448,975.71875,616.98321,213.76985,92.38124999,0,battery,3.87,3.87,7,7,30,cell,1,4.22,4,lighter,1,4.13,7,NA,NA,NA,NA,NA,NA,NA,NA,NA,NA,NA,NA,NA,NA,NA,NA,NA,NA,NA,NA,NA,NA,NA,NA,NA,NA,NA,NA,NA,NA,NA,NA,NA,NA,NA,NA,NA,NA,NA,NA,NA,NA,NA,NA,NA,NA,NA,NA,NA,NA,NA,NA
46,battery,battery_2.png,100,0,0,856.73125,329.46107,114.15034,92.69687493,0,battery,3.87,3.87,7,7,32,NA,NA,NA,NA,NA,NA,NA,NA,NA,NA,NA,NA,NA,NA,NA,NA,NA,NA,NA,NA,NA,NA,NA,NA,NA,NA,NA,NA,NA,NA,NA,NA,NA,NA,NA,NA,NA,NA,NA,NA,NA,NA,NA,NA,NA,NA,NA,NA,NA,NA,NA,NA,NA,NA,NA,NA,NA,NA,NA,NA
47,battery,battery_3.png,90.625,0.597454723,0.298727362,911.1354839,410.52069,144.51147,96.78709686,0,battery,3.87,3.87,7,7,29,tank,1,4.34,4,battery charger,1,1.172856981,14,gas,1,4.77,3,NA,NA,NA,NA,NA,NA,NA,NA,NA,NA,NA,NA,NA,NA,NA,NA,NA,NA,NA,NA,NA,NA,NA,NA,NA,NA,NA,NA,NA,NA,NA,NA,NA,NA,NA,NA,NA,NA,NA,NA,NA,NA,NA,NA,NA,NA,NA,NA
48,battery,battery_4.png,91.17647059,0.570401499,0.28520075,830.4,291.42439,97.95679,91.47058821,0,battery,3.87,3.87,7,7,31,cell,1,4.22,4,duracell battery,1,NA,15,aa battery,1,1.297795718,9,NA,NA,NA,NA,NA,NA,NA,NA,NA,NA,NA,NA,NA,NA,NA,NA,NA,NA,NA,NA,NA,NA,NA,NA,NA,NA,NA,NA,NA,NA,NA,NA,NA,NA,NA,NA,NA,NA,NA,NA,NA,NA,NA,NA,NA,NA,NA,NA
49,beagle,beagle_1.png,87.5,0.644974209,0.406933419,814.6612903,394.04999,138.71345,85.43548383,1,dog,5.17,4.962903226,3,3.290322581,28,beagle,3,3.03,6,animal,1,NA,6,NA,NA,NA,NA,NA,NA,NA,NA,NA,NA,NA,NA,NA,NA,NA,NA,NA,NA,NA,NA,NA,NA,NA,NA,NA,NA,NA,NA,NA,NA,NA,NA,NA,NA,NA,NA,NA,NA,NA,NA,NA,NA,NA,NA,NA,NA,NA,NA,NA,NA,NA,NA
50,beagle,beagle_2.png,78.125,0.757878463,0.757878463,917.5225806,460.48421,162.09962,93.22903227,1,dog,5.17,4.686774194,3,3.677419355,25,beagle,7,3.03,6,NA,NA,NA,NA,NA,NA,NA,NA,NA,NA,NA,NA,NA,NA,NA,NA,NA,NA,NA,NA,NA,NA,NA,NA,NA,NA,NA,NA,NA,NA,NA,NA,NA,NA,NA,NA,NA,NA,NA,NA,NA,NA,NA,NA,NA,NA,NA,NA,NA,NA,NA,NA,NA,NA,NA,NA
51,beagle,beagle_3.png,71.875,1.134580955,0.567290477,879.5225807,559.61668,196.99622,92.93870968,1,dog,5.17,4.653448276,3,3.724137931,23,beagle,7,3.03,6,leash,1,3.12,5,mammal,1,3.71,6,NA,NA,NA,NA,NA,NA,NA,NA,NA,NA,NA,NA,NA,NA,NA,NA,NA,NA,NA,NA,NA,NA,NA,NA,NA,NA,NA,NA,NA,NA,NA,NA,NA,NA,NA,NA,NA,NA,NA,NA,NA,NA,NA,NA,NA,NA,NA,NA
52,beagle,beagle_4.png,71.875,1.134580955,0.567290477,793.9580645,282.7494,99.53343,91.31612906,1,dog,5.17,4.653448276,3,3.724137931,23,beagle,7,3.03,6,dog leash,1,1.297795718,8,mammal,1,3.71,6,NA,NA,NA,NA,NA,NA,NA,NA,NA,NA,NA,NA,NA,NA,NA,NA,NA,NA,NA,NA,NA,NA,NA,NA,NA,NA,NA,NA,NA,NA,NA,NA,NA,NA,NA,NA,NA,NA,NA,NA,NA,NA,NA,NA,NA,NA,NA,NA
53,beaker,beaker_1.png,28.125,2.632831857,0.830565977,1027.665385,513.16902,197.2522,93.94615382,0,pot,4.76,4.474583333,3,3.291666667,9,vase,8,4.27,4,cup,4,5.09,3,urn,2,3.22,3,mug,2,3.93,3,boiling water,1,NA,12,pot/vase,1,8,NA,chalice,1,7,2.96,ceramic pot,1,10,1.649978236,NA,NA,NA,NA,NA,NA,NA,NA,NA,NA,NA,NA,NA,NA,NA,NA,NA,NA,NA,NA,NA,NA,NA,NA,NA,NA,NA,NA
54,beaker,beaker_2.png,34.375,2.794278974,0.779444408,1291.067857,743.4234,275.36282,93.15357142,0,goblet,3.22,3.907619048,6,4.952380952,11,cup,9,5.09,3,vase,2,4.27,4,chalice,2,2.96,7,candle holder,1,2.075946968,12,ornament,1,3.26,8,silver,1,6,5.01,egg cup,1,6,2.721041591,jug,1,3,4.06,bowl,1,4,4.69,pewter cup,1,9,NA,chariot,1,7,NA,NA,NA,NA,NA,NA,NA,NA,NA,NA,NA,NA,NA,NA,NA,NA,NA
55,beaker,beaker_3.png,34.375,2.959614736,0.825563653,1544.640741,861.80164,325.06748,105.5777779,0,cup,5.09,4.3725,3,4.1,11,vase,5,4.27,4,tankard,3,3.14,7,goblet,2,3.22,6,tin,2,4.35,3,tin jug,1,NA,6,metal pot,1,8,1.172856981,beaker,1,6,3.73,drink,1,5,5.06,metal cup,1,8,1.394705731,bin,1,3,4.49,pail,1,4,2.71,NA,NA,NA,NA,NA,NA,NA,NA,NA,NA,NA,NA,NA,NA,NA,NA
56,beaker,beaker_4.png,33.33333333,2.772717851,0.749294155,1674.376667,1110.42761,397.35411,101.3133334,0,vase,4.27,4.66047619,4,3.523809524,11,cup,11,5.09,3,candle holder,1,2.075946968,12,pottery,1,NA,7,pot,1,4.76,3,gold,1,5.1,4,glass,1,5,4.92,bin,1,3,4.49,vessel,1,6,3.93,goblet,1,6,3.22,fancy cup,1,8,0.996765722,ornament,1,8,3.26,NA,NA,NA,NA,NA,NA,NA,NA,NA,NA,NA,NA,NA,NA,NA,NA
57,beech,beech_1.png,90.625,0.597454723,0.298727362,948.7419355,624.20023,219.73091,92.73225809,1,tree,4.95,4.95,4,4,29,plant,1,4.81,5,bush,1,4.29,4,copper beach,1,NA,11,NA,NA,NA,NA,NA,NA,NA,NA,NA,NA,NA,NA,NA,NA,NA,NA,NA,NA,NA,NA,NA,NA,NA,NA,NA,NA,NA,NA,NA,NA,NA,NA,NA,NA,NA,NA,NA,NA,NA,NA,NA,NA,NA,NA,NA,NA,NA,NA
58,beech,beech_2.png,90.625,0.597454723,0.298727362,835.609375,602.74094,208.83524,96.95937496,1,tree,4.95,4.95,4,4,29,bush,1,4.29,4,plant,1,4.81,5,conifer,1,2.82,7,NA,NA,NA,NA,NA,NA,NA,NA,NA,NA,NA,NA,NA,NA,NA,NA,NA,NA,NA,NA,NA,NA,NA,NA,NA,NA,NA,NA,NA,NA,NA,NA,NA,NA,NA,NA,NA,NA,NA,NA,NA,NA,NA,NA,NA,NA,NA,NA
59,beech,beech_3.png,90.625,0.597454723,0.298727362,812.4483871,318.47881,112.11088,93.94516131,1,tree,4.95,4.95,4,4,29,nature,1,4.83,6,bush,1,4.29,4,NA,NA,NA,NA,NA,NA,NA,NA,NA,NA,NA,NA,NA,NA,NA,NA,NA,NA,NA,NA,NA,NA,NA,NA,NA,NA,NA,NA,NA,NA,NA,NA,NA,NA,NA,NA,NA,NA,NA,NA,NA,NA,NA,NA,NA,NA,NA,NA,NA,NA,NA,NA
60,beech,beech_4.png,96.875,0.200622324,0.200622324,795.5,274.44769,96.61106,102.8741935,1,tree,4.95,4.95,4,4,31,copper beech,1,1.974489327,11,NA,NA,NA,NA,NA,NA,NA,NA,NA,NA,NA,NA,NA,NA,NA,NA,NA,NA,NA,NA,NA,NA,NA,NA,NA,NA,NA,NA,NA,NA,NA,NA,NA,NA,NA,NA,NA,NA,NA,NA,NA,NA,NA,NA,NA,NA,NA,NA,NA,NA,NA,NA,NA,NA,NA,NA
61,beer bottle,beer bottle_1.png,40.625,2.132587475,0.759642986,853.871875,345.98146,119.87426,91.95937493,0,beer,4.47,3.950702926,4,6.071428571,13,bottle,8,4.65,6,beer bottle,7,2.18709742,10,bottle of beer,1,NA,12,glass bottle,1,2.473886977,11,drink,1,5.06,5,beer or lager,1,11,NA,NA,NA,NA,NA,NA,NA,NA,NA,NA,NA,NA,NA,NA,NA,NA,NA,NA,NA,NA,NA,NA,NA,NA,NA,NA,NA,NA,NA,NA,NA,NA,NA,NA,NA,NA,NA
62,beer bottle,beer bottle_2.png,57.57575758,1.658631308,0.714333623,928.740625,545.71671,189.07772,91.61249997,0,bottle,4.65,4.121419484,6,6.4,19,beer bottle,6,2.18709742,10,beer,6,4.47,4,drink,1,5.06,5,glass bottle,1,2.473886977,11,NA,NA,NA,NA,NA,NA,NA,NA,NA,NA,NA,NA,NA,NA,NA,NA,NA,NA,NA,NA,NA,NA,NA,NA,NA,NA,NA,NA,NA,NA,NA,NA,NA,NA,NA,NA,NA,NA,NA,NA,NA,NA,NA,NA
63,beer bottle,beer bottle_3.png,48.48484848,1.998050937,0.711720104,938.5757575,419.15453,143.00963,91.52424246,0,bottle,4.65,4.25442723,6,5.931034483,16,beer,9,4.47,4,beer bottle,4,2.18709742,10,bottle of beer,1,NA,12,glass bottle,1,2.473886977,11,drink,1,5.06,5,wine,1,4,4.84,NA,NA,NA,NA,NA,NA,NA,NA,NA,NA,NA,NA,NA,NA,NA,NA,NA,NA,NA,NA,NA,NA,NA,NA,NA,NA,NA,NA,NA,NA,NA,NA,NA,NA,NA,NA
64,beer bottle,beer bottle_4.png,52.94117647,1.717803282,0.739817605,1006.342424,539.85675,184.19154,102.6878788,0,bottle,4.65,4.126857565,6,6.258064516,18,beer,8,4.47,4,beer bottle,6,2.18709742,10,wine,1,4.84,4,drink,1,5.06,5,NA,NA,NA,NA,NA,NA,NA,NA,NA,NA,NA,NA,NA,NA,NA,NA,NA,NA,NA,NA,NA,NA,NA,NA,NA,NA,NA,NA,NA,NA,NA,NA,NA,NA,NA,NA,NA,NA,NA,NA,NA,NA,NA,NA
65,bin,bin_1.png,81.25,1.118392729,0.432653367,1047.503226,572.31125,201.46496,86.78709676,0,bin,4.49,4.49,3,3,26,red box,1,2.659523554,6,skip,1,4.1,4,comercial bin,1,NA,12,wheelie bin,1,2.933781829,10,box,1,5.12,3,rubbish bin,1,10,2.576549318,NA,NA,NA,NA,NA,NA,NA,NA,NA,NA,NA,NA,NA,NA,NA,NA,NA,NA,NA,NA,NA,NA,NA,NA,NA,NA,NA,NA,NA,NA,NA,NA,NA,NA,NA,NA
66,bin,bin_2.png,84.84848485,0.965426307,0.373477877,1010.80303,517.03947,176.4066,88.60303035,0,bin,4.49,4.49,3,3,28,rubbish,1,4.7,7,trash can,1,2.275519323,8,commercial wheelie bin,1,NA,20,container,1,3.77,9,green bin,1,1.841863762,8,NA,NA,NA,NA,NA,NA,NA,NA,NA,NA,NA,NA,NA,NA,NA,NA,NA,NA,NA,NA,NA,NA,NA,NA,NA,NA,NA,NA,NA,NA,NA,NA,NA,NA,NA,NA,NA,NA,NA,NA
67,bin,bin_3.png,84.84848485,0.965426307,0.373477877,947.4060605,544.38376,185.73608,92.31212123,0,bin,4.49,4.386252122,3,3.466666667,28,wheelie bin,2,2.933781829,10,trash can,1,2.275519323,8,commercial wheelie bin,1,NA,20,container,1,3.77,9,NA,NA,NA,NA,NA,NA,NA,NA,NA,NA,NA,NA,NA,NA,NA,NA,NA,NA,NA,NA,NA,NA,NA,NA,NA,NA,NA,NA,NA,NA,NA,NA,NA,NA,NA,NA,NA,NA,NA,NA,NA,NA,NA,NA
68,bin,bin_4.png,84.375,0.98806367,0.382235204,884.93,345.09351,123.48786,93.94999999,0,bin,4.49,4.49,3,3,27,trash,1,3.68,5,commercial wheelie bin,1,NA,20,container,1,3.77,9,waste bin,1,1.996765722,8,dustbin,1,3.27,7,NA,NA,NA,NA,NA,NA,NA,NA,NA,NA,NA,NA,NA,NA,NA,NA,NA,NA,NA,NA,NA,NA,NA,NA,NA,NA,NA,NA,NA,NA,NA,NA,NA,NA,NA,NA,NA,NA,NA,NA
69,birch,birch_1.png,93.93939394,0.390452131,0.246347867,804.2272728,472.1155,161.07917,94.08181819,1,tree,4.95,4.95,4,4,31,leaf,1,4.29,4,birch,1,3.43,5,NA,NA,NA,NA,NA,NA,NA,NA,NA,NA,NA,NA,NA,NA,NA,NA,NA,NA,NA,NA,NA,NA,NA,NA,NA,NA,NA,NA,NA,NA,NA,NA,NA,NA,NA,NA,NA,NA,NA,NA,NA,NA,NA,NA,NA,NA,NA,NA,NA,NA,NA,NA
70,birch,birch_2.png,93.75,0.399790067,0.252239448,906.9064516,789.79065,278.02205,98.19032257,1,tree,4.95,4.95,4,4,30,silverbirch,1,NA,11,birch,1,3.43,5,NA,NA,NA,NA,NA,NA,NA,NA,NA,NA,NA,NA,NA,NA,NA,NA,NA,NA,NA,NA,NA,NA,NA,NA,NA,NA,NA,NA,NA,NA,NA,NA,NA,NA,NA,NA,NA,NA,NA,NA,NA,NA,NA,NA,NA,NA,NA,NA,NA,NA,NA,NA
71,birch,birch_3.png,90.625,0.597454723,0.298727362,1018.665625,751.15681,260.25778,95.55625,1,tree,4.95,4.95,4,4,29,oak,1,4.23,3,nature,1,4.83,6,birch tree,1,2.110709074,9,NA,NA,NA,NA,NA,NA,NA,NA,NA,NA,NA,NA,NA,NA,NA,NA,NA,NA,NA,NA,NA,NA,NA,NA,NA,NA,NA,NA,NA,NA,NA,NA,NA,NA,NA,NA,NA,NA,NA,NA,NA,NA,NA,NA,NA,NA,NA,NA
72,birch,birch_4.png,90.625,0.597454723,0.298727362,771.48125,277.0255,95.98267,94.64687502,1,tree,4.95,4.95,4,4,29,nature,1,4.83,6,compost,1,3.87,7,birch,1,3.43,5,NA,NA,NA,NA,NA,NA,NA,NA,NA,NA,NA,NA,NA,NA,NA,NA,NA,NA,NA,NA,NA,NA,NA,NA,NA,NA,NA,NA,NA,NA,NA,NA,NA,NA,NA,NA,NA,NA,NA,NA,NA,NA,NA,NA,NA,NA,NA,NA
73,birdhouse,birdhouse_1.png,54.54545455,1.702638635,0.658670536,1124.224242,651.04306,222.12674,90.13030302,0,bird box,2.41173907,2.449043442,7,7.533333333,18,birdhouse,10,1.84,9,house,2,5.83,5,bird,1,4.85,4,nestbox,1,1.81,7,nesting box,1,1.809679079,10,NA,NA,NA,NA,NA,NA,NA,NA,NA,NA,NA,NA,NA,NA,NA,NA,NA,NA,NA,NA,NA,NA,NA,NA,NA,NA,NA,NA,NA,NA,NA,NA,NA,NA,NA,NA,NA,NA,NA,NA
74,birdhouse,birdhouse_2.png,44.11764706,1.737276728,0.672070379,1055.312121,542.40464,185.06084,94.12121211,0,bird box,2.41173907,2.372811566,7,7.8,15,birdhouse,14,1.84,9,house,2,5.83,5,woodpecker,1,3.24,10,nestbox,1,1.81,7,nesting box,1,1.809679079,10,NA,NA,NA,NA,NA,NA,NA,NA,NA,NA,NA,NA,NA,NA,NA,NA,NA,NA,NA,NA,NA,NA,NA,NA,NA,NA,NA,NA,NA,NA,NA,NA,NA,NA,NA,NA,NA,NA,NA,NA
75,birdhouse,birdhouse_3.png,39.39393939,1.941245192,0.750976152,1345.756667,707.62,253.21391,97.88666659,0,bird box,2.41173907,2.428550698,7,7.555555556,13,birdhouse,12,1.84,9,bird,3,4.85,4,bird feeder,2,2.515279662,10,mailbox,1,2.64,7,box,1,5.12,3,NA,NA,NA,NA,NA,NA,NA,NA,NA,NA,NA,NA,NA,NA,NA,NA,NA,NA,NA,NA,NA,NA,NA,NA,NA,NA,NA,NA,NA,NA,NA,NA,NA,NA,NA,NA,NA,NA,NA,NA
76,birdhouse,birdhouse_4.png,41.93548387,1.592537192,0.796268596,1021.69,609.72234,218.18233,103.9466666,0,bird box,2.41173907,2.626926512,7,7.620689655,13,birdhouse,13,1.84,9,house,4,5.83,5,bird feeder,1,2.515279662,10,NA,NA,NA,NA,NA,NA,NA,NA,NA,NA,NA,NA,NA,NA,NA,NA,NA,NA,NA,NA,NA,NA,NA,NA,NA,NA,NA,NA,NA,NA,NA,NA,NA,NA,NA,NA,NA,NA,NA,NA,NA,NA,NA,NA,NA,NA,NA,NA
77,blackberry,blackberry_1.png,44.11764706,2.366300903,0.788766968,1033.23871,659.36085,232.10816,95.77096775,1,blackberry,3.55,3.704,10,8,15,berry,7,3.8,5,grapes,3,3.79,6,fruit,3,4.73,5,blueberry,3,3.17,9,blackcurrant,1,3.01,12,raspberry,1,9,NA,loganberry,1,10,NA,NA,NA,NA,NA,NA,NA,NA,NA,NA,NA,NA,NA,NA,NA,NA,NA,NA,NA,NA,NA,NA,NA,NA,NA,NA,NA,NA,NA,NA,NA,NA,NA
78,blackberry,blackberry_2.png,46.875,2.069855675,0.737297468,1231.044828,718.60053,261.5391,91.72413793,1,blackberry,3.55,3.663076923,10,7.923076923,15,berry,7,3.8,5,grapes,6,3.79,6,blackcurrant,1,3.01,12,fruit,1,4.73,5,bramble,1,NA,7,sloe,1,4,2.46,NA,NA,NA,NA,NA,NA,NA,NA,NA,NA,NA,NA,NA,NA,NA,NA,NA,NA,NA,NA,NA,NA,NA,NA,NA,NA,NA,NA,NA,NA,NA,NA,NA,NA,NA,NA
79,blackberry,blackberry_3.png,46.875,1.76837518,0.761597736,1022.3625,639.66634,221.62901,106.415625,1,blackberry,3.55,3.637419355,10,7.774193548,15,berry,11,3.8,5,grapes,3,3.79,6,blueberry,2,3.17,9,black grapes,1,1.297795718,11,NA,NA,NA,NA,NA,NA,NA,NA,NA,NA,NA,NA,NA,NA,NA,NA,NA,NA,NA,NA,NA,NA,NA,NA,NA,NA,NA,NA,NA,NA,NA,NA,NA,NA,NA,NA,NA,NA,NA,NA,NA,NA,NA,NA
80,blackberry,blackberry_4.png,51.61290323,1.889049536,0.730784116,1023.8,498.5851,184.67511,94.81785721,1,blackberry,3.55,3.644230769,10,8.269230769,16,grapes,6,3.79,6,berry,6,3.8,5,blackcurrant,1,3.01,12,fruit,1,NA,5,blueberry,1,3.17,9,NA,NA,NA,NA,NA,NA,NA,NA,NA,NA,NA,NA,NA,NA,NA,NA,NA,NA,NA,NA,NA,NA,NA,NA,NA,NA,NA,NA,NA,NA,NA,NA,NA,NA,NA,NA,NA,NA,NA,NA
81,boar,boar_1.png,42.42424242,2.158980957,0.769044534,1303.480645,879.92763,309.75205,93.62258066,1,pig,4.51,4.010333333,3,4.3,14,boar,8,3.57,4,warthog,5,2.98,7,animal,2,4.93,6,mammal,2,3.71,6,hog,1,3.47,3,NA,NA,NA,NA,NA,NA,NA,NA,NA,NA,NA,NA,NA,NA,NA,NA,NA,NA,NA,NA,NA,NA,NA,NA,NA,NA,NA,NA,NA,NA,NA,NA,NA,NA,NA,NA,NA,NA,NA,NA
82,boar,boar_2.png,37.5,2.369068391,0.843879188,1337.025,1158.30562,429.03452,96.72500001,1,animal,4.93,4.253076923,6,4.576923077,12,boar,6,3.57,4,hog,5,3.47,3,pig,4,4.51,3,bull,2,4.28,4,bear,1,4.88,4,warthog,1,7,2.98,NA,NA,NA,NA,NA,NA,NA,NA,NA,NA,NA,NA,NA,NA,NA,NA,NA,NA,NA,NA,NA,NA,NA,NA,NA,NA,NA,NA,NA,NA,NA,NA,NA,NA,NA,NA
83,boar,boar_3.png,29.03225806,2.381937064,0.848463101,1192.03,575.89939,206.07916,94.57999992,1,boar,3.57,3.720740741,4,4.074074074,9,pig,8,4.51,3,warthog,5,2.98,7,hog,5,3.47,3,wild hog,1,1.695735726,7,hairy pig,1,1.172856981,8,wild boar,1,8,3.275519323,NA,NA,NA,NA,NA,NA,NA,NA,NA,NA,NA,NA,NA,NA,NA,NA,NA,NA,NA,NA,NA,NA,NA,NA,NA,NA,NA,NA,NA,NA,NA,NA,NA,NA,NA,NA
84,boar,boar_4.png,35.29411765,2.566380861,0.809603022,1252.539394,849.28833,289.76524,97.77272726,1,pig,4.51,3.718817723,3,4.034482759,12,boar,8,3.57,4,hog,4,3.47,3,warthog,3,2.98,7,hairy pig,2,1.172856981,8,animal,1,4.93,6,pork,1,4,4.39,ox,1,2,3.39,mammal,1,6,3.71,NA,NA,NA,NA,NA,NA,NA,NA,NA,NA,NA,NA,NA,NA,NA,NA,NA,NA,NA,NA,NA,NA,NA,NA,NA,NA,NA,NA
85,bobsled,bobsled_1.png,21.875,3.024635388,0.874315703,1365.6375,627.85847,251.19109,101.8625,0,bob sled,0.996765722,2.292529717,7,7.3,7,bobsleigh,6,2.69,9,toboggan,4,2.55,8,sledge,3,3.3,6,sled,2,3.09,4,car,1,5.44,3,snow,1,4,NA,racing car,1,9,3.12709949,toy,1,3,NA,luge,1,4,2.65,bob,1,3,4.86,NA,NA,NA,NA,NA,NA,NA,NA,NA,NA,NA,NA,NA,NA,NA,NA,NA,NA,NA,NA
86,bobsled,bobsled_2.png,23.52941176,3.01281634,0.870899232,1592.45,896.00889,392.68599,87.915,0,bobsleigh,2.69,2.350921907,9,7.933333333,8,bob sled,6,0.996765722,7,toboggan,2,2.55,8,sledge,2,3.3,6,vehicle,2,4.52,7,sled,1,NA,4,race car,1,7,2.695735726,ship,1,4,4.77,speed sled,1,9,NA,snowmobile,1,10,2.04,NA,NA,NA,NA,NA,NA,NA,NA,NA,NA,NA,NA,NA,NA,NA,NA,NA,NA,NA,NA,NA,NA,NA,NA
87,bobsled,bobsled_3.png,27.27272727,3.103020547,0.865565692,1618.304,1078.50417,422.76587,99.432,0,bobsleigh,2.69,2.728096243,9,7.105263158,9,bob sled,5,0.996765722,7,car,3,5.44,3,racing car,2,3.12709949,9,sledge,2,3.3,6,toboggan,2,2.55,8,sled,1,4,3.09,plane,1,5,NA,vehicle,1,7,4.52,snowmobile,1,10,2.04,bob,1,3,4.86,olympics,1,8,4.7,NA,NA,NA,NA,NA,NA,NA,NA,NA,NA,NA,NA,NA,NA,NA,NA
88,bobsled,bobsled_4.png,31.25,3.013707083,0.81441864,1405.95,741.67552,296.72655,98.43749999,0,bobsleigh,2.69,2.097588574,9,8.133333333,10,bob sled,6,0.996765722,7,toboggan,3,2.55,8,snow ski,1,0.996765722,7,ski mobil,1,NA,8,snow,1,4.79,4,jetski,1,6,1.6,drone,1,5,3.34,sledge,1,6,3.3,snowmobile,1,10,2.04,sled,1,4,NA,racing car,1,9,3.12709949,bob,1,3,4.86,NA,NA,NA,NA,NA,NA,NA,NA,NA,NA,NA,NA
89,breadbox,breadbox_1.png,33.33333333,2.849900914,0.85790566,1086.6875,563.73462,195.32049,98.71250001,0,box,5.12,3.068708065,3,5.607142857,11,lock box,5,1.394705731,7,moneybox,4,2.04,8,cashbox,4,1.6,7,money tin,3,0.996765722,8,safe,2,5.1,4,toolbox,1,7,2.88,locker,1,6,3.6,container,1,9,3.77,tin,1,3,4.35,NA,NA,NA,NA,NA,NA,NA,NA,NA,NA,NA,NA,NA,NA,NA,NA,NA,NA,NA,NA,NA,NA,NA,NA
90,breadbox,breadbox_2.png,25,3.059470571,0.853417733,1705.582353,723.72967,344.03293,107.0411765,0,box,5.12,4.685454545,3,5.363636364,8,container,5,3.77,9,tin,2,NA,3,case,2,5.43,4,butter dish,1,2.443923753,10,bathtub,1,2.87,7,kitchen,1,7,5.2,bin,1,3,4.49,dish,1,4,4.94,lock box,1,7,1.394705731,cistern,1,7,NA,NA,NA,NA,NA,NA,NA,NA,NA,NA,NA,NA,NA,NA,NA,NA,NA,NA,NA,NA,NA
91,breadbox,breadbox_3.png,33.33333333,3.379724204,0.844931051,1395.896429,765.81137,283.65529,92.06428574,0,breadbin,1.47,2.897619048,8,6.428571429,11,bureau,4,3.66,6,box,3,5.12,3,bread,2,4.69,5,chest,2,4.48,5,bread bin/roll door cabinet,1,NA,24,armoire,1,7,2.24,cupboard,1,8,4.27,container,1,9,3.77,furniture,1,9,4.52,bread basket,1,11,2.34894824,desk,1,4,4.34,filing cabinet,1,13,2.737128411,credenza,1,8,NA,NA,NA,NA,NA,NA,NA,NA,NA
92,breadbox,breadbox_4.png,53.125,2.301236446,0.692741197,1177.264516,703.36983,247.60019,92.99354838,0,breadbin,1.47,2.294166667,8,7.625,17,bread,4,4.69,5,container,3,3.77,9,chest,1,4.48,5,ring,1,4.92,4,writing,1,4.76,7,box,1,3,5.12,bread tin,1,8,NA,bread basket,1,11,2.34894824,desk,1,4,4.34,NA,NA,NA,NA,NA,NA,NA,NA,NA,NA,NA,NA,NA,NA,NA,NA,NA,NA,NA,NA,NA,NA,NA,NA
93,briefcase,briefcase_1.png,53.125,1.929945131,0.687460326,1104.217241,600.18495,218.44102,93.0689655,0,briefcase,3.14,3.830384615,9,7.538461538,17,case,8,5.43,4,suitcase,3,3.78,8,money,1,5.84,5,box,1,5.12,3,container,1,3.77,9,armoured suitcase,1,16,NA,NA,NA,NA,NA,NA,NA,NA,NA,NA,NA,NA,NA,NA,NA,NA,NA,NA,NA,NA,NA,NA,NA,NA,NA,NA,NA,NA,NA,NA,NA,NA,NA,NA,NA,NA,NA
94,briefcase,briefcase_2.png,65.625,1.305041691,0.652520846,986.5903226,422.38413,148.68763,102.5806452,0,briefcase,3.14,3.442,9,8.433333333,21,suitcase,8,3.78,8,case,2,5.43,4,notes,1,4.39,5,NA,NA,NA,NA,NA,NA,NA,NA,NA,NA,NA,NA,NA,NA,NA,NA,NA,NA,NA,NA,NA,NA,NA,NA,NA,NA,NA,NA,NA,NA,NA,NA,NA,NA,NA,NA,NA,NA,NA,NA,NA,NA,NA,NA,NA,NA,NA,NA
95,briefcase,briefcase_3.png,59.375,1.93061257,0.643537523,909.7870967,483.91775,170.34869,90.82258068,0,briefcase,3.14,3.463846154,9,8.384615385,19,suitcase,6,3.78,8,case,2,5.43,4,bag,1,4.89,3,wallet,1,3.81,6,container,1,3.77,9,attache case,1,11,1.871826985,papers,1,6,4.48,NA,NA,NA,NA,NA,NA,NA,NA,NA,NA,NA,NA,NA,NA,NA,NA,NA,NA,NA,NA,NA,NA,NA,NA,NA,NA,NA,NA,NA,NA,NA,NA
96,briefcase,briefcase_4.png,75,1.13597686,0.56798843,1084.783871,626.89228,220.67857,94.37096774,0,briefcase,3.14,3.399333333,9,8.5,24,suitcase,5,3.78,8,case,2,5.43,4,attache case,1,1.871826985,11,NA,NA,NA,NA,NA,NA,NA,NA,NA,NA,NA,NA,NA,NA,NA,NA,NA,NA,NA,NA,NA,NA,NA,NA,NA,NA,NA,NA,NA,NA,NA,NA,NA,NA,NA,NA,NA,NA,NA,NA,NA,NA,NA,NA,NA,NA,NA,NA
97,broccoli,broccoli_1.png,73.52941176,1.378745055,0.533371395,1084.446875,602.39959,208.71697,95.07187498,1,broccoli,3.71,3.741034483,8,7.862068966,25,vegetable,4,4.18,9,kale,2,3.22,4,sunday roast,1,2.886067424,11,legume,1,1.93,6,food,1,5.45,4,NA,NA,NA,NA,NA,NA,NA,NA,NA,NA,NA,NA,NA,NA,NA,NA,NA,NA,NA,NA,NA,NA,NA,NA,NA,NA,NA,NA,NA,NA,NA,NA,NA,NA,NA,NA,NA,NA,NA,NA
98,broccoli,broccoli_2.png,100,0,0,892.284375,550.85052,190.85647,94.075,1,broccoli,3.71,3.71,8,8,32,NA,NA,NA,NA,NA,NA,NA,NA,NA,NA,NA,NA,NA,NA,NA,NA,NA,NA,NA,NA,NA,NA,NA,NA,NA,NA,NA,NA,NA,NA,NA,NA,NA,NA,NA,NA,NA,NA,NA,NA,NA,NA,NA,NA,NA,NA,NA,NA,NA,NA,NA,NA,NA,NA,NA,NA,NA,NA,NA,NA
99,broccoli,broccoli_3.png,90.90909091,0.439496987,0.439496987,900.903125,366.75949,127.07334,95.34374999,1,broccoli,3.71,3.7540625,8,8.09375,30,vegetable,3,4.18,9,NA,NA,NA,NA,NA,NA,NA,NA,NA,NA,NA,NA,NA,NA,NA,NA,NA,NA,NA,NA,NA,NA,NA,NA,NA,NA,NA,NA,NA,NA,NA,NA,NA,NA,NA,NA,NA,NA,NA,NA,NA,NA,NA,NA,NA,NA,NA,NA,NA,NA,NA,NA,NA,NA,NA,NA
100,broccoli,broccoli_4.png,100,0,0,887.775,420.76009,145.78326,101.26875,1,broccoli,3.71,3.71,8,8,32,NA,NA,NA,NA,NA,NA,NA,NA,NA,NA,NA,NA,NA,NA,NA,NA,NA,NA,NA,NA,NA,NA,NA,NA,NA,NA,NA,NA,NA,NA,NA,NA,NA,NA,NA,NA,NA,NA,NA,NA,NA,NA,NA,NA,NA,NA,NA,NA,NA,NA,NA,NA,NA,NA,NA,NA,NA,NA,NA,NA
101,bucket,bucket_1.png,84.84848485,0.904820246,0.389684869,1020.872727,944.81485,322.35754,87.83333326,0,bucket,4.21,4.11,6,5.866666667,28,pail,2,2.71,4,tub,1,3.7,3,container,1,3.77,9,metal bucket,1,1.172856981,11,NA,NA,NA,NA,NA,NA,NA,NA,NA,NA,NA,NA,NA,NA,NA,NA,NA,NA,NA,NA,NA,NA,NA,NA,NA,NA,NA,NA,NA,NA,NA,NA,NA,NA,NA,NA,NA,NA,NA,NA,NA,NA,NA,NA
102,bucket,bucket_2.png,76.47058824,1.37536188,0.489913787,1107.147059,770.11243,258.8587,96.44705879,0,bucket,4.21,4.128666667,6,5.666666667,26,bin,2,4.49,3,pail,2,2.71,4,tin bucket,1,0.996765722,9,water,1,5.53,5,container,1,3.77,9,steel bucket,1,11,0.996765722,NA,NA,NA,NA,NA,NA,NA,NA,NA,NA,NA,NA,NA,NA,NA,NA,NA,NA,NA,NA,NA,NA,NA,NA,NA,NA,NA,NA,NA,NA,NA,NA,NA,NA,NA,NA
103,bucket,bucket_3.png,84.375,0.92556367,0.398618576,818.5812501,339.58634,117.6585,90.71875007,0,bucket,4.21,4.230689655,6,5.862068966,27,sand,2,4.51,4,plastic bucket,1,1.297795718,13,container,1,3.77,9,pail,1,2.71,4,NA,NA,NA,NA,NA,NA,NA,NA,NA,NA,NA,NA,NA,NA,NA,NA,NA,NA,NA,NA,NA,NA,NA,NA,NA,NA,NA,NA,NA,NA,NA,NA,NA,NA,NA,NA,NA,NA,NA,NA,NA,NA,NA,NA
104,bucket,bucket_4.png,87.5,0.731064443,0.365532222,863.225,292.88097,101.47621,95.84062497,0,bucket,4.21,4.11,6,5.866666667,28,pail,2,2.71,4,sink,1,4.26,4,metal bucket,1,1.172856981,11,NA,NA,NA,NA,NA,NA,NA,NA,NA,NA,NA,NA,NA,NA,NA,NA,NA,NA,NA,NA,NA,NA,NA,NA,NA,NA,NA,NA,NA,NA,NA,NA,NA,NA,NA,NA,NA,NA,NA,NA,NA,NA,NA,NA,NA,NA,NA,NA
105,bulldog,bulldog_1.png,61.29032258,1.279038126,0.639519063,847.5258064,514.04473,180.95398,104.3709678,1,dog,5.17,4.514827586,3,4.379310345,19,bulldog,10,3.27,7,boxer dog,1,2.017955021,8,box,1,5.12,3,NA,NA,NA,NA,NA,NA,NA,NA,NA,NA,NA,NA,NA,NA,NA,NA,NA,NA,NA,NA,NA,NA,NA,NA,NA,NA,NA,NA,NA,NA,NA,NA,NA,NA,NA,NA,NA,NA,NA,NA,NA,NA,NA,NA,NA,NA,NA,NA
106,bulldog,bulldog_2.png,56.25,1.465237568,0.631043472,897.6451613,489.52152,172.32133,91.1967742,1,dog,5.17,4.423571429,3,4.571428571,18,bulldog,11,3.27,7,pug,1,2.88,3,dog food,1,3.152101759,7,mammal,1,3.71,6,NA,NA,NA,NA,NA,NA,NA,NA,NA,NA,NA,NA,NA,NA,NA,NA,NA,NA,NA,NA,NA,NA,NA,NA,NA,NA,NA,NA,NA,NA,NA,NA,NA,NA,NA,NA,NA,NA,NA,NA,NA,NA,NA,NA
107,bulldog,bulldog_3.png,62.5,1.407253534,0.606071108,929.1812501,435.69708,150.95856,90.41249998,1,dog,5.17,4.580344828,3,4.24137931,20,bulldog,9,3.27,7,pitbull,1,2.58,7,mammal,1,3.71,6,boxer dog,1,2.017955021,8,NA,NA,NA,NA,NA,NA,NA,NA,NA,NA,NA,NA,NA,NA,NA,NA,NA,NA,NA,NA,NA,NA,NA,NA,NA,NA,NA,NA,NA,NA,NA,NA,NA,NA,NA,NA,NA,NA,NA,NA,NA,NA,NA,NA
108,bulldog,bulldog_4.png,67.74193548,1.344836622,0.579189608,957.5451614,500.29698,176.1145,96.15161287,1,dog,5.17,4.695,3,4,21,bulldog,7,3.27,7,boxer dog,1,2.017955021,8,puppy,1,3.85,5,pug,1,2.88,3,NA,NA,NA,NA,NA,NA,NA,NA,NA,NA,NA,NA,NA,NA,NA,NA,NA,NA,NA,NA,NA,NA,NA,NA,NA,NA,NA,NA,NA,NA,NA,NA,NA,NA,NA,NA,NA,NA,NA,NA,NA,NA,NA,NA
109,bulldozer,bulldozer_1.png,37.5,2.493529377,0.786620938,1338.04,1020.13335,365.04332,91.73333335,0,digger,3.81,3.556,6,6.64,12,tractor,7,3.84,7,bulldozer,5,2.91,9,jcb,2,2.78,3,machinery,1,3.88,9,earth mover,1,1.394705731,10,construction vehicle,1,19,0.996765722,machine,1,7,4.83,snow plough,1,10,2.385931806,NA,NA,NA,NA,NA,NA,NA,NA,NA,NA,NA,NA,NA,NA,NA,NA,NA,NA,NA,NA,NA,NA,NA,NA,NA,NA,NA,NA
110,bulldozer,bulldozer_2.png,53.125,2.236720317,0.705606699,1773.128,1250.17017,490.0577,98.396,0,digger,3.81,3.6795,6,6.6,17,bulldozer,4,2.91,9,tractor,3,3.84,7,construction vehicle,2,NA,19,farm machine,1,1.172856981,11,jcb,1,2.78,3,vehicle,1,7,4.52,excavator,1,9,2.26,machine,1,7,4.83,NA,NA,NA,NA,NA,NA,NA,NA,NA,NA,NA,NA,NA,NA,NA,NA,NA,NA,NA,NA,NA,NA,NA,NA,NA,NA,NA,NA
111,bulldozer,bulldozer_3.png,54.54545455,1.903601955,0.678076698,1382.752174,1006.07852,411.16492,93.84347827,0,digger,3.81,3.588,6,6.85,18,bulldozer,6,2.91,9,tractor,2,3.84,7,machine,2,4.83,7,cat,1,4.83,3,construction vehicle,1,NA,19,excavator,1,9,2.26,NA,NA,NA,NA,NA,NA,NA,NA,NA,NA,NA,NA,NA,NA,NA,NA,NA,NA,NA,NA,NA,NA,NA,NA,NA,NA,NA,NA,NA,NA,NA,NA,NA,NA,NA,NA
112,bulldozer,bulldozer_4.png,40.625,2.240592157,0.79811503,1172.934615,684.30916,263.03513,91.06153847,0,digger,3.81,3.707826087,6,6.956521739,13,tractor,7,3.84,7,bulldozer,5,2.91,9,machinery,3,3.88,9,earth mover,1,1.394705731,10,truck,1,4.22,5,caterpillar machine,1,18,NA,NA,NA,NA,NA,NA,NA,NA,NA,NA,NA,NA,NA,NA,NA,NA,NA,NA,NA,NA,NA,NA,NA,NA,NA,NA,NA,NA,NA,NA,NA,NA,NA,NA,NA,NA,NA
113,buttercup,buttercup_1.png,62.5,1.407253534,0.606071108,1060.6,822.87142,289.66713,89.16774192,1,flower,4.5,4.077142857,6,6.857142857,20,buttercup,9,3.02,9,butter,1,4.68,6,plant,1,4.81,5,poppy,1,3.98,5,NA,NA,NA,NA,NA,NA,NA,NA,NA,NA,NA,NA,NA,NA,NA,NA,NA,NA,NA,NA,NA,NA,NA,NA,NA,NA,NA,NA,NA,NA,NA,NA,NA,NA,NA,NA,NA,NA,NA,NA,NA,NA,NA,NA
114,buttercup,buttercup_2.png,76.47058824,1.151548925,0.495945128,933.75,572.88233,198.48995,92.153125,1,flower,4.5,4.531034483,6,6,26,butter,5,4.68,6,daffodil,1,3.15,8,plant,1,4.81,5,poppy,1,3.98,5,NA,NA,NA,NA,NA,NA,NA,NA,NA,NA,NA,NA,NA,NA,NA,NA,NA,NA,NA,NA,NA,NA,NA,NA,NA,NA,NA,NA,NA,NA,NA,NA,NA,NA,NA,NA,NA,NA,NA,NA,NA,NA,NA,NA
115,buttercup,buttercup_3.png,70.58823529,1.336025341,0.575394795,1070.017647,749.04163,251.77615,98.6,1,flower,4.5,4.19,6,6.5,24,buttercup,6,3.02,9,poppy,2,3.98,5,sunflower,1,3.55,9,plant,1,4.81,5,NA,NA,NA,NA,NA,NA,NA,NA,NA,NA,NA,NA,NA,NA,NA,NA,NA,NA,NA,NA,NA,NA,NA,NA,NA,NA,NA,NA,NA,NA,NA,NA,NA,NA,NA,NA,NA,NA,NA,NA,NA,NA,NA,NA
116,buttercup,buttercup_4.png,62.5,1.260692411,0.630346206,856.2781251,345.92635,119.85516,89.90624999,1,flower,4.5,4.006666667,6,7,20,buttercup,10,3.02,9,bud,1,3.85,3,plant,1,4.81,5,NA,NA,NA,NA,NA,NA,NA,NA,NA,NA,NA,NA,NA,NA,NA,NA,NA,NA,NA,NA,NA,NA,NA,NA,NA,NA,NA,NA,NA,NA,NA,NA,NA,NA,NA,NA,NA,NA,NA,NA,NA,NA,NA,NA,NA,NA,NA,NA
117,butterfly,butterfly_1.png,75,1.19847686,0.516155889,921.6870968,428.264,150.75746,90.54516129,1,butterfly,4.03,3.974285714,9,8.285714286,24,moth,5,3.64,4,fly,1,4.9,3,insect,1,3.85,6,monarch butterfly,1,1.809679079,16,NA,NA,NA,NA,NA,NA,NA,NA,NA,NA,NA,NA,NA,NA,NA,NA,NA,NA,NA,NA,NA,NA,NA,NA,NA,NA,NA,NA,NA,NA,NA,NA,NA,NA,NA,NA,NA,NA,NA,NA,NA,NA,NA,NA
118,butterfly,butterfly_2.png,81.25,1.118392729,0.432653367,909.0625,646.7898,224.09711,88.22812499,1,butterfly,4.03,4.002142857,9,8.642857143,26,moth,2,3.64,4,fly,1,4.9,3,rainforest,1,3.63,10,insect,1,3.85,6,monarch butterfly,1,1.809679079,16,NA,NA,NA,NA,NA,NA,NA,NA,NA,NA,NA,NA,NA,NA,NA,NA,NA,NA,NA,NA,NA,NA,NA,NA,NA,NA,NA,NA,NA,NA,NA,NA,NA,NA,NA,NA,NA,NA,NA,NA
119,butterfly,butterfly_3.png,93.75,0.399790067,0.252239448,864.9354839,354.03424,124.62711,90.50000003,1,butterfly,4.03,4.03,9,9,30,moth,1,3.64,4,monarch butterfly,1,1.809679079,16,NA,NA,NA,NA,NA,NA,NA,NA,NA,NA,NA,NA,NA,NA,NA,NA,NA,NA,NA,NA,NA,NA,NA,NA,NA,NA,NA,NA,NA,NA,NA,NA,NA,NA,NA,NA,NA,NA,NA,NA,NA,NA,NA,NA,NA,NA,NA,NA,NA,NA,NA,NA
120,butterfly,butterfly_4.png,75.75757576,1.121987352,0.483213651,872.3290323,396.45363,139.55958,92.59354831,1,butterfly,4.03,3.974285714,9,8.285714286,25,moth,4,3.64,4,fly,1,4.9,3,insect,1,3.85,6,monarch butterfly,1,1.809679079,16,NA,NA,NA,NA,NA,NA,NA,NA,NA,NA,NA,NA,NA,NA,NA,NA,NA,NA,NA,NA,NA,NA,NA,NA,NA,NA,NA,NA,NA,NA,NA,NA,NA,NA,NA,NA,NA,NA,NA,NA,NA,NA,NA,NA
121,cabriolet,cabriolet_1.png,87.5,0.644974209,0.406933419,1024.2875,783.60933,271.50179,96.04687501,0,car,5.44,5.048519909,3,3.387096774,28,audi car,3,1.394705731,7,sporty car,1,1.774916972,9,NA,NA,NA,NA,NA,NA,NA,NA,NA,NA,NA,NA,NA,NA,NA,NA,NA,NA,NA,NA,NA,NA,NA,NA,NA,NA,NA,NA,NA,NA,NA,NA,NA,NA,NA,NA,NA,NA,NA,NA,NA,NA,NA,NA,NA,NA,NA,NA,NA,NA,NA,NA
122,cabriolet,cabriolet_2.png,81.81818182,1.032819496,0.444811146,1032.218182,838.61383,286.12325,94.31212122,0,car,5.44,5.376551724,3,3.275862069,27,vehicle,2,4.52,7,mazda,1,2.64,5,mazda car,1,NA,8,classic car,1,3.028174186,10,mazda mx5,1,1.172856981,8,NA,NA,NA,NA,NA,NA,NA,NA,NA,NA,NA,NA,NA,NA,NA,NA,NA,NA,NA,NA,NA,NA,NA,NA,NA,NA,NA,NA,NA,NA,NA,NA,NA,NA,NA,NA,NA,NA,NA,NA
123,cabriolet,cabriolet_3.png,90.625,0.534954723,0.337518852,837.9935484,422.43117,148.70419,93.60322577,0,car,5.44,5.303180055,3,3.4,29,sports car,2,3.387700829,9,convertable,1,NA,11,NA,NA,NA,NA,NA,NA,NA,NA,NA,NA,NA,NA,NA,NA,NA,NA,NA,NA,NA,NA,NA,NA,NA,NA,NA,NA,NA,NA,NA,NA,NA,NA,NA,NA,NA,NA,NA,NA,NA,NA,NA,NA,NA,NA,NA,NA,NA,NA,NA,NA,NA,NA
124,cabriolet,cabriolet_4.png,81.25,1.118392729,0.432653367,1014.290323,826.79642,291.04881,94.47096773,0,car,5.44,5.44,3,3,26,sports car,1,3.387700829,9,race car,1,2.695735726,7,convertible car,1,1.598825713,14,vehicle,1,4.52,7,naff car,1,NA,7,convertable,1,11,NA,NA,NA,NA,NA,NA,NA,NA,NA,NA,NA,NA,NA,NA,NA,NA,NA,NA,NA,NA,NA,NA,NA,NA,NA,NA,NA,NA,NA,NA,NA,NA,NA,NA,NA,NA,NA
125,cactus,cactus_1.png,46.875,1.923016664,0.684992357,1553.040909,1160.90568,485.10269,111.3590909,1,cactus,3.35,3.698888889,6,5.833333333,15,plant,5,4.81,5,desert,2,4.3,6,fruit,1,4.73,5,flower,1,4.5,6,mushroom,1,3.87,8,spiky,1,5,3.51,NA,NA,NA,NA,NA,NA,NA,NA,NA,NA,NA,NA,NA,NA,NA,NA,NA,NA,NA,NA,NA,NA,NA,NA,NA,NA,NA,NA,NA,NA,NA,NA,NA,NA,NA,NA
126,cactus,cactus_2.png,57.57575758,1.23325704,0.77809856,1577.275,911.84876,337.7473,95.16785715,1,cactus,3.35,3.786071429,6,5.785714286,19,plant,7,4.81,5,flower,3,4.5,6,NA,NA,NA,NA,NA,NA,NA,NA,NA,NA,NA,NA,NA,NA,NA,NA,NA,NA,NA,NA,NA,NA,NA,NA,NA,NA,NA,NA,NA,NA,NA,NA,NA,NA,NA,NA,NA,NA,NA,NA,NA,NA,NA,NA,NA,NA,NA,NA,NA,NA,NA,NA
127,cactus,cactus_3.png,84.375,0.74832655,0.374163275,1067.2,464.12239,166.08101,97.12999994,1,cactus,3.35,3.35,6,6,27,plant,2,4.81,5,spikey,1,2.6,6,nature,1,4.83,6,NA,NA,NA,NA,NA,NA,NA,NA,NA,NA,NA,NA,NA,NA,NA,NA,NA,NA,NA,NA,NA,NA,NA,NA,NA,NA,NA,NA,NA,NA,NA,NA,NA,NA,NA,NA,NA,NA,NA,NA,NA,NA,NA,NA,NA,NA,NA,NA
128,cactus,cactus_4.png,69.6969697,1.468972924,0.523258713,1432.433333,760.9324,272.29116,93.43333333,1,cactus,3.35,3.501538462,6,5.846153846,23,plant,2,4.81,5,coral,2,3.86,5,sea,1,5.2,3,flower,1,4.5,6,mushroom,1,3.87,8,seaweed,1,7,3.83,NA,NA,NA,NA,NA,NA,NA,NA,NA,NA,NA,NA,NA,NA,NA,NA,NA,NA,NA,NA,NA,NA,NA,NA,NA,NA,NA,NA,NA,NA,NA,NA,NA,NA,NA,NA
129,canoe,canoe_1.png,56.25,1.247556249,0.787120357,1010.980645,395.3054,139.15537,97.97419366,0,canoe,3.5,4.056,5,4.6,18,boat,12,4.89,4,kayak,2,3.27,5,NA,NA,NA,NA,NA,NA,NA,NA,NA,NA,NA,NA,NA,NA,NA,NA,NA,NA,NA,NA,NA,NA,NA,NA,NA,NA,NA,NA,NA,NA,NA,NA,NA,NA,NA,NA,NA,NA,NA,NA,NA,NA,NA,NA,NA,NA,NA,NA,NA,NA,NA,NA
130,canoe,canoe_2.png,50,1.748320381,0.676342647,1087.374194,536.26034,188.77433,93.85806454,0,canoe,3.5,4.029642857,5,4.607142857,16,boat,11,4.89,4,kayak,2,3.27,5,boar,1,3.57,4,paddle boat,1,1.297795718,10,row boat,1,1.951008231,7,NA,NA,NA,NA,NA,NA,NA,NA,NA,NA,NA,NA,NA,NA,NA,NA,NA,NA,NA,NA,NA,NA,NA,NA,NA,NA,NA,NA,NA,NA,NA,NA,NA,NA,NA,NA,NA,NA,NA,NA
131,canoe,canoe_3.png,61.29032258,1.123087583,0.708589372,1018.858064,505.34978,177.89319,97.11290326,0,canoe,3.5,4.009666667,5,4.633333333,19,boat,11,4.89,4,kayak,1,3.27,5,NA,NA,NA,NA,NA,NA,NA,NA,NA,NA,NA,NA,NA,NA,NA,NA,NA,NA,NA,NA,NA,NA,NA,NA,NA,NA,NA,NA,NA,NA,NA,NA,NA,NA,NA,NA,NA,NA,NA,NA,NA,NA,NA,NA,NA,NA,NA,NA,NA,NA,NA,NA
132,canoe,canoe_4.png,46.875,1.35433702,0.854491523,817.5451614,244.32251,86.00639,87.31290322,0,canoe,3.5,4.105483871,5,4.548387097,15,boat,14,4.89,4,kayak,3,3.27,5,NA,NA,NA,NA,NA,NA,NA,NA,NA,NA,NA,NA,NA,NA,NA,NA,NA,NA,NA,NA,NA,NA,NA,NA,NA,NA,NA,NA,NA,NA,NA,NA,NA,NA,NA,NA,NA,NA,NA,NA,NA,NA,NA,NA,NA,NA,NA,NA,NA,NA,NA,NA
133,carrot,carrot_1.png,90.90909091,0.522978426,0.32996265,813.4499999,417.84358,144.77275,92.74062502,1,carrot,4.08,4.08,6,6,30,vegetable,2,4.18,9,orange,1,4.64,6,NA,NA,NA,NA,NA,NA,NA,NA,NA,NA,NA,NA,NA,NA,NA,NA,NA,NA,NA,NA,NA,NA,NA,NA,NA,NA,NA,NA,NA,NA,NA,NA,NA,NA,NA,NA,NA,NA,NA,NA,NA,NA,NA,NA,NA,NA,NA,NA,NA,NA,NA,NA
134,carrot,carrot_2.png,90.90909091,0.439496987,0.439496987,908.6696969,266.12016,90.79645,93.52424253,1,carrot,4.08,4.089090909,6,6.272727273,30,vegetable,3,4.18,9,NA,NA,NA,NA,NA,NA,NA,NA,NA,NA,NA,NA,NA,NA,NA,NA,NA,NA,NA,NA,NA,NA,NA,NA,NA,NA,NA,NA,NA,NA,NA,NA,NA,NA,NA,NA,NA,NA,NA,NA,NA,NA,NA,NA,NA,NA,NA,NA,NA,NA,NA,NA,NA,NA,NA,NA
135,carrot,carrot_3.png,93.75,0.337290067,0.337290067,867.8677419,316.36374,111.36634,92.60322582,1,carrot,4.08,4.086451613,6,6.193548387,30,vegetable,2,4.18,9,NA,NA,NA,NA,NA,NA,NA,NA,NA,NA,NA,NA,NA,NA,NA,NA,NA,NA,NA,NA,NA,NA,NA,NA,NA,NA,NA,NA,NA,NA,NA,NA,NA,NA,NA,NA,NA,NA,NA,NA,NA,NA,NA,NA,NA,NA,NA,NA,NA,NA,NA,NA,NA,NA,NA,NA
136,carrot,carrot_4.png,90.625,0.534954723,0.337518852,703.2433333,209.09868,74.82363,90.71333338,1,carrot,4.08,4.086896552,6,6.206896552,29,vegetable,2,4.18,9,farm,1,4.81,4,NA,NA,NA,NA,NA,NA,NA,NA,NA,NA,NA,NA,NA,NA,NA,NA,NA,NA,NA,NA,NA,NA,NA,NA,NA,NA,NA,NA,NA,NA,NA,NA,NA,NA,NA,NA,NA,NA,NA,NA,NA,NA,NA,NA,NA,NA,NA,NA,NA,NA,NA,NA
137,cashbox,cashbox_1.png,28.125,3.097067094,0.863905018,1208.953571,771.45247,285.74475,94.58214285,0,box,5.12,3.38775285,3,5.52173913,9,lock box,5,1.394705731,7,safe,4,5.1,4,money box,4,2.923622431,8,money tin,3,0.996765722,8,toolbox,1,2.88,7,safety box,1,9,NA,case,1,4,5.43,money,1,5,NA,locker,1,6,3.6,cashbox,1,7,1.6,cash tray,1,8,0.996765722,NA,NA,NA,NA,NA,NA,NA,NA,NA,NA,NA,NA,NA,NA,NA,NA
138,cashbox,cashbox_2.png,22.58064516,3.190614554,0.862225788,1228.486667,632.523,226.34128,98.56000009,0,box,5.12,3.03719475,3,5.608695652,7,lock box,6,1.394705731,7,cashbox,6,1.6,7,safe,2,5.1,4,money box,2,2.923622431,8,money tin,1,0.996765722,8,cash tin,1,7,1.774916972,locker,1,6,3.6,pink,1,4,4.8,safe box,1,7,1.172856981,lock,1,4,4.42,safety deposit box,1,16,NA,tin,1,3,NA,NA,NA,NA,NA,NA,NA,NA,NA,NA,NA,NA,NA
139,cashbox,cashbox_3.png,18.75,3.093946298,0.894351049,926.453125,333.82047,115.66076,99.81250001,0,box,5.12,3.335522284,3,5.37037037,6,lock box,6,1.394705731,7,safe,5,5.1,4,cashbox,5,1.6,7,money box,3,2.923622431,8,tin,2,4.35,3,money tin,1,8,0.996765722,locker box,1,9,NA,safe box,1,7,1.172856981,lock,1,4,4.42,key,1,3,5.07,NA,NA,NA,NA,NA,NA,NA,NA,NA,NA,NA,NA,NA,NA,NA,NA,NA,NA,NA,NA
140,cashbox,cashbox_4.png,21.875,3.163409377,0.914430382,1069.48125,430.48872,149.15399,108.70625,0,box,5.12,3.759214942,3,5.464285714,7,lock box,5,1.394705731,7,cashbox,4,1.6,7,money box,4,2.923622431,8,tin,3,4.35,3,safe,3,5.1,4,money tin,2,8,0.996765722,safety box,1,9,0.996765722,money,1,5,5.84,locker,1,6,3.6,locked box,1,9,1.394705731,NA,NA,NA,NA,NA,NA,NA,NA,NA,NA,NA,NA,NA,NA,NA,NA,NA,NA,NA,NA
141,cauliflower,cauliflower_1.png,78.125,0.887306883,0.559828313,942.6066666,393.60942,140.84873,93.36333337,1,cauliflower,3.56,3.645517241,11,10.72413793,25,vegetable,6,4.18,9,eat,1,5.21,3,NA,NA,NA,NA,NA,NA,NA,NA,NA,NA,NA,NA,NA,NA,NA,NA,NA,NA,NA,NA,NA,NA,NA,NA,NA,NA,NA,NA,NA,NA,NA,NA,NA,NA,NA,NA,NA,NA,NA,NA,NA,NA,NA,NA,NA,NA,NA,NA,NA,NA,NA,NA
142,cauliflower,cauliflower_2.png,87.5,0.644974209,0.406933419,828.5333333,353.76478,126.59078,90.48333333,1,cauliflower,3.56,3.624137931,11,10.79310345,28,vegetable,3,4.18,9,flower,1,4.5,6,NA,NA,NA,NA,NA,NA,NA,NA,NA,NA,NA,NA,NA,NA,NA,NA,NA,NA,NA,NA,NA,NA,NA,NA,NA,NA,NA,NA,NA,NA,NA,NA,NA,NA,NA,NA,NA,NA,NA,NA,NA,NA,NA,NA,NA,NA,NA,NA,NA,NA,NA,NA
143,cauliflower,cauliflower_3.png,90.90909091,0.522978426,0.32996265,926.6393939,440.82806,150.40434,90.57878788,1,cauliflower,3.56,3.59875,11,10.875,30,vegetable,2,4.18,9,cabbage,1,4.07,7,NA,NA,NA,NA,NA,NA,NA,NA,NA,NA,NA,NA,NA,NA,NA,NA,NA,NA,NA,NA,NA,NA,NA,NA,NA,NA,NA,NA,NA,NA,NA,NA,NA,NA,NA,NA,NA,NA,NA,NA,NA,NA,NA,NA,NA,NA,NA,NA,NA,NA,NA,NA
144,cauliflower,cauliflower_4.png,78.125,0.887306883,0.559828313,758.10625,307.33006,106.48248,95.75312491,1,cauliflower,3.56,3.68,11,10.61290323,25,vegetable,6,4.18,9,flower,1,4.5,6,NA,NA,NA,NA,NA,NA,NA,NA,NA,NA,NA,NA,NA,NA,NA,NA,NA,NA,NA,NA,NA,NA,NA,NA,NA,NA,NA,NA,NA,NA,NA,NA,NA,NA,NA,NA,NA,NA,NA,NA,NA,NA,NA,NA,NA,NA,NA,NA,NA,NA,NA,NA
145,celery,celery_1.png,39.39393939,2.45728621,0.775187492,1331.57037,769.14606,290.11824,94.09999997,1,celery,3.66,3.859130435,6,6.739130435,13,vegetable,7,4.18,9,herb,5,3.76,4,parsley,2,3.98,7,leaf,1,4.29,4,spring onion,1,NA,11,plant,1,5,4.81,coriander,1,9,3.88,food,1,4,5.45,NA,NA,NA,NA,NA,NA,NA,NA,NA,NA,NA,NA,NA,NA,NA,NA,NA,NA,NA,NA,NA,NA,NA,NA,NA,NA,NA,NA
146,celery,celery_2.png,31.25,2.695600715,0.850367347,1054.808333,498.73782,199.53302,91.5375,1,celery,3.66,3.915,6,6.05,10,herb,6,3.76,4,vegetable,5,4.18,9,plant,2,4.81,5,leek,2,3.56,4,coriander,2,3.88,9,leaf,1,4,4.29,greens,1,6,3.98,salad,1,5,4.38,NA,NA,NA,NA,NA,NA,NA,NA,NA,NA,NA,NA,NA,NA,NA,NA,NA,NA,NA,NA,NA,NA,NA,NA,NA,NA,NA,NA
147,celery,celery_3.png,45.16129032,2.60539812,0.784302985,1136.263333,593.78746,212.48021,97.56666668,1,celery,3.66,3.748,6,5.96,14,vegetable,4,4.18,9,herb,3,3.76,4,leek,3,3.56,4,parsley,2,3.98,7,onions,1,4.29,6,chives,1,6,3.42,coriander,1,9,3.88,leaf,1,4,4.29,food,1,4,5.45,NA,NA,NA,NA,NA,NA,NA,NA,NA,NA,NA,NA,NA,NA,NA,NA,NA,NA,NA,NA,NA,NA,NA,NA
148,celery,celery_4.png,33.33333333,2.537230147,0.845743382,1127.575862,592.70464,215.71852,100.0310345,1,celery,3.66,4.024444444,6,6.814814815,11,vegetable,8,4.18,9,plant,4,4.81,5,parsley,3,3.98,7,herb,2,3.76,4,coriander,2,3.88,9,food,1,4,5.45,broccoli,1,8,3.71,NA,NA,NA,NA,NA,NA,NA,NA,NA,NA,NA,NA,NA,NA,NA,NA,NA,NA,NA,NA,NA,NA,NA,NA,NA,NA,NA,NA,NA,NA,NA,NA
149,chalice,chalice_1.png,37.5,2.272371848,0.809435184,1212.272414,1124.60161,409.30571,91.84827582,0,goblet,3.22,3.640769231,6,5.423076923,12,chalice,7,2.96,7,cup,5,5.09,3,vase,3,4.27,4,ornament,1,3.26,8,gold,1,5.1,4,old,1,3,5.79,NA,NA,NA,NA,NA,NA,NA,NA,NA,NA,NA,NA,NA,NA,NA,NA,NA,NA,NA,NA,NA,NA,NA,NA,NA,NA,NA,NA,NA,NA,NA,NA,NA,NA,NA,NA
150,chalice,chalice_2.png,71.875,1.686189844,0.531933671,1233.23,723.87591,259.03091,98.72333336,0,goblet,3.22,3.3696,6,5.76,23,cup,2,5.09,3,urn,1,NA,3,chalice,1,2.96,7,vase,1,4.27,4,vessel,1,3.93,6,gauntlet,1,8,3.21,ornament,1,8,3.26,NA,NA,NA,NA,NA,NA,NA,NA,NA,NA,NA,NA,NA,NA,NA,NA,NA,NA,NA,NA,NA,NA,NA,NA,NA,NA,NA,NA,NA,NA,NA,NA
151,chalice,chalice_3.png,39.39393939,2.127890138,0.757969761,1125.713793,578.27917,210.46828,91.69655181,0,goblet,3.22,3.5108,6,5.72,13,chalice,8,2.96,7,cup,6,5.09,3,ornament,1,3.26,8,gold,1,5.1,4,gold goblet,1,NA,10,vase,1,4,4.27,NA,NA,NA,NA,NA,NA,NA,NA,NA,NA,NA,NA,NA,NA,NA,NA,NA,NA,NA,NA,NA,NA,NA,NA,NA,NA,NA,NA,NA,NA,NA,NA,NA,NA,NA,NA
152,chalice,chalice_4.png,57.57575758,1.98453699,0.66151233,1349.317241,1077.2192,392.06058,94.47586205,0,goblet,3.22,3.488,6,5.64,19,cup,6,5.09,3,chalice,3,2.96,7,egg cup,1,2.721041591,6,glass,1,4.92,5,beaker,1,3.73,6,urn,1,3,3.22,grail,1,5,NA,NA,NA,NA,NA,NA,NA,NA,NA,NA,NA,NA,NA,NA,NA,NA,NA,NA,NA,NA,NA,NA,NA,NA,NA,NA,NA,NA,NA,NA,NA,NA,NA
153,chameleon,chameleon_1.png,53.125,1.781354897,0.767187796,984.3800001,453.64088,162.33032,105.7800001,1,lizard,3.73,3.493448276,6,6.620689655,17,chameleon,8,3.35,9,iguana,3,2.98,6,gecko,3,3.08,5,reptile,1,3.36,7,NA,NA,NA,NA,NA,NA,NA,NA,NA,NA,NA,NA,NA,NA,NA,NA,NA,NA,NA,NA,NA,NA,NA,NA,NA,NA,NA,NA,NA,NA,NA,NA,NA,NA,NA,NA,NA,NA,NA,NA,NA,NA,NA,NA
154,chameleon,chameleon_2.png,32.35294118,2.214539291,0.856700741,1106.34,581.54951,208.101,97.49000002,1,chameleon,3.35,3.645517241,9,6.931034483,11,lizard,10,3.73,6,animal,7,4.93,6,gecko,3,3.08,5,iguana,2,2.98,6,amphibian,1,2.78,9,NA,NA,NA,NA,NA,NA,NA,NA,NA,NA,NA,NA,NA,NA,NA,NA,NA,NA,NA,NA,NA,NA,NA,NA,NA,NA,NA,NA,NA,NA,NA,NA,NA,NA,NA,NA,NA,NA,NA,NA
155,chameleon,chameleon_3.png,45.45454545,2.055228697,0.795070991,1231.989286,767.09979,284.13251,93.40714285,1,chameleon,3.35,3.401851852,9,7.555555556,15,lizard,9,3.73,6,iguana,3,2.98,6,reptile,3,3.36,7,gecko,2,3.08,5,animal,1,4.93,6,NA,NA,NA,NA,NA,NA,NA,NA,NA,NA,NA,NA,NA,NA,NA,NA,NA,NA,NA,NA,NA,NA,NA,NA,NA,NA,NA,NA,NA,NA,NA,NA,NA,NA,NA,NA,NA,NA,NA,NA
156,chameleon,chameleon_4.png,42.42424242,2.13433276,0.760264669,1404.2,800.51663,277.35976,98.61562491,1,chameleon,3.35,3.443793103,9,7.448275862,14,lizard,10,3.73,6,iguana,3,2.98,6,reptile,3,3.36,7,green,1,5.22,5,gecko,1,3.08,5,exotic,1,6,4.1,NA,NA,NA,NA,NA,NA,NA,NA,NA,NA,NA,NA,NA,NA,NA,NA,NA,NA,NA,NA,NA,NA,NA,NA,NA,NA,NA,NA,NA,NA,NA,NA,NA,NA,NA,NA
157,chicken,chicken_1.png,50,1.271782222,0.802405244,994.978125,581.32033,201.41351,94.40624999,1,hen,3.96,4.391875,3,4.8125,16,chicken,14,4.82,7,bird,2,4.85,4,NA,NA,NA,NA,NA,NA,NA,NA,NA,NA,NA,NA,NA,NA,NA,NA,NA,NA,NA,NA,NA,NA,NA,NA,NA,NA,NA,NA,NA,NA,NA,NA,NA,NA,NA,NA,NA,NA,NA,NA,NA,NA,NA,NA,NA,NA,NA,NA,NA,NA,NA,NA
158,chicken,chicken_2.png,71.875,1.134580955,0.567290477,1183.096774,822.02899,289.37059,88.97096774,1,chicken,4.82,4.612413793,7,6.034482759,23,hen,7,3.96,3,egg,1,4.8,3,farm,1,4.81,4,NA,NA,NA,NA,NA,NA,NA,NA,NA,NA,NA,NA,NA,NA,NA,NA,NA,NA,NA,NA,NA,NA,NA,NA,NA,NA,NA,NA,NA,NA,NA,NA,NA,NA,NA,NA,NA,NA,NA,NA,NA,NA,NA,NA,NA,NA,NA,NA
159,chicken,chicken_3.png,63.63636364,1.096139159,0.69158681,930.6096774,480.60126,169.18122,86.56774194,1,chicken,4.82,4.504666667,7,5.533333333,21,hen,11,3.96,3,bird,1,4.85,4,NA,NA,NA,NA,NA,NA,NA,NA,NA,NA,NA,NA,NA,NA,NA,NA,NA,NA,NA,NA,NA,NA,NA,NA,NA,NA,NA,NA,NA,NA,NA,NA,NA,NA,NA,NA,NA,NA,NA,NA,NA,NA,NA,NA,NA,NA,NA,NA,NA,NA,NA,NA
160,chicken,chicken_4.png,53.125,1.162817587,0.733656214,903.4875,411.63379,142.62121,94.64062501,1,chicken,4.82,4.431612903,7,5.193548387,17,hen,14,3.96,3,bird,1,4.85,4,NA,NA,NA,NA,NA,NA,NA,NA,NA,NA,NA,NA,NA,NA,NA,NA,NA,NA,NA,NA,NA,NA,NA,NA,NA,NA,NA,NA,NA,NA,NA,NA,NA,NA,NA,NA,NA,NA,NA,NA,NA,NA,NA,NA,NA,NA,NA,NA,NA,NA,NA,NA
161,chihuahua,chihuahua_1.png,75,0.947169235,0.597597252,1032.703125,376.89832,130.58621,95.603125,1,dog,5.17,4.695806452,3,4.35483871,24,chihuahua,7,3.07,9,mammal,1,3.71,6,NA,NA,NA,NA,NA,NA,NA,NA,NA,NA,NA,NA,NA,NA,NA,NA,NA,NA,NA,NA,NA,NA,NA,NA,NA,NA,NA,NA,NA,NA,NA,NA,NA,NA,NA,NA,NA,NA,NA,NA,NA,NA,NA,NA,NA,NA,NA,NA,NA,NA,NA,NA
162,chihuahua,chihuahua_2.png,84.375,0.625262405,0.625262405,868.9,417.21232,144.55404,97.79375,1,dog,5.17,4.841875,3,3.9375,27,chihuahua,5,3.07,9,NA,NA,NA,NA,NA,NA,NA,NA,NA,NA,NA,NA,NA,NA,NA,NA,NA,NA,NA,NA,NA,NA,NA,NA,NA,NA,NA,NA,NA,NA,NA,NA,NA,NA,NA,NA,NA,NA,NA,NA,NA,NA,NA,NA,NA,NA,NA,NA,NA,NA,NA,NA,NA,NA,NA,NA
163,chihuahua,chihuahua_3.png,91.17647059,0.51157797,0.322769763,931.9294118,735.73243,247.30252,92.15000001,1,dog,5.17,5.042727273,3,3.363636364,31,chihuahua,2,3.07,9,mammal,1,3.71,6,NA,NA,NA,NA,NA,NA,NA,NA,NA,NA,NA,NA,NA,NA,NA,NA,NA,NA,NA,NA,NA,NA,NA,NA,NA,NA,NA,NA,NA,NA,NA,NA,NA,NA,NA,NA,NA,NA,NA,NA,NA,NA,NA,NA,NA,NA,NA,NA,NA,NA,NA,NA
164,chihuahua,chihuahua_4.png,87.5,0.543564443,0.543564443,1010.471875,489.26501,169.51856,102.915625,1,dog,5.17,4.9075,3,3.75,28,chihuahua,4,3.07,9,NA,NA,NA,NA,NA,NA,NA,NA,NA,NA,NA,NA,NA,NA,NA,NA,NA,NA,NA,NA,NA,NA,NA,NA,NA,NA,NA,NA,NA,NA,NA,NA,NA,NA,NA,NA,NA,NA,NA,NA,NA,NA,NA,NA,NA,NA,NA,NA,NA,NA,NA,NA,NA,NA,NA,NA
165,clock,clock_1.png,96.875,0.200622324,0.200622324,876.840625,437.22717,151.4887,89.84375001,0,clock,4.89,4.89,5,5,31,timepiece,1,3.02,9,NA,NA,NA,NA,NA,NA,NA,NA,NA,NA,NA,NA,NA,NA,NA,NA,NA,NA,NA,NA,NA,NA,NA,NA,NA,NA,NA,NA,NA,NA,NA,NA,NA,NA,NA,NA,NA,NA,NA,NA,NA,NA,NA,NA,NA,NA,NA,NA,NA,NA,NA,NA,NA,NA,NA,NA
166,clock,clock_2.png,96.875,0.200622324,0.200622324,824.221875,297.26309,102.99452,88.8625,0,clock,4.89,4.89,5,5,31,timepiece,1,3.02,9,NA,NA,NA,NA,NA,NA,NA,NA,NA,NA,NA,NA,NA,NA,NA,NA,NA,NA,NA,NA,NA,NA,NA,NA,NA,NA,NA,NA,NA,NA,NA,NA,NA,NA,NA,NA,NA,NA,NA,NA,NA,NA,NA,NA,NA,NA,NA,NA,NA,NA,NA,NA,NA,NA,NA,NA
167,clock,clock_3.png,90.90909091,0.583584487,0.291792243,919.7303031,521.53995,177.9421,86.52121211,0,clock,4.89,4.89,5,5,30,timepiece,1,3.02,9,time,1,6.35,4,wall clock,1,2.673459331,9,NA,NA,NA,NA,NA,NA,NA,NA,NA,NA,NA,NA,NA,NA,NA,NA,NA,NA,NA,NA,NA,NA,NA,NA,NA,NA,NA,NA,NA,NA,NA,NA,NA,NA,NA,NA,NA,NA,NA,NA,NA,NA,NA,NA,NA,NA,NA,NA
168,clock,clock_4.png,68.75,1.015244839,0.640548176,884.7064517,584.73177,205.83724,92.7612903,0,clock,4.89,4.434766427,5,6.333333333,22,alarm clock,8,3.182874102,10,timepiece,1,3.02,9,NA,NA,NA,NA,NA,NA,NA,NA,NA,NA,NA,NA,NA,NA,NA,NA,NA,NA,NA,NA,NA,NA,NA,NA,NA,NA,NA,NA,NA,NA,NA,NA,NA,NA,NA,NA,NA,NA,NA,NA,NA,NA,NA,NA,NA,NA,NA,NA,NA,NA,NA,NA
169,clothes basket,clothes basket_1.png,76.47058824,1.37536188,0.489913787,1146.95,694.63104,233.48706,96.18529412,0,basket,4.16,3.943186381,6,6.466666667,26,container,2,3.77,9,wash basket,2,1.297795718,10,washing basket,1,2.057463562,13,washing machine,1,3.726740008,14,laundry basket,1,2.534584817,13,chest,1,5,4.48,NA,NA,NA,NA,NA,NA,NA,NA,NA,NA,NA,NA,NA,NA,NA,NA,NA,NA,NA,NA,NA,NA,NA,NA,NA,NA,NA,NA,NA,NA,NA,NA,NA,NA,NA,NA
170,clothes basket,clothes basket_2.png,61.76470588,1.97721458,0.659071527,778.3764706,215.12786,72.31116,95.06470587,0,basket,4.16,3.564905443,6,7.709677419,21,laundry basket,3,2.534584817,13,wash basket,3,1.297795718,10,washing basket,2,2.057463562,13,container,2,3.77,9,clothing,1,4.14,8,bucket,1,6,4.21,chest,1,5,4.48,NA,NA,NA,NA,NA,NA,NA,NA,NA,NA,NA,NA,NA,NA,NA,NA,NA,NA,NA,NA,NA,NA,NA,NA,NA,NA,NA,NA,NA,NA,NA,NA
171,clothes basket,clothes basket_3.png,84.84848485,0.965426307,0.373477877,1088.948485,667.50482,227.74326,92.39696968,0,basket,4.16,4.16,6,6,28,wicker basket,1,2.18709742,12,wash basket,1,1.297795718,10,wicker,1,3.05,6,container,1,3.77,9,chest,1,4.48,5,NA,NA,NA,NA,NA,NA,NA,NA,NA,NA,NA,NA,NA,NA,NA,NA,NA,NA,NA,NA,NA,NA,NA,NA,NA,NA,NA,NA,NA,NA,NA,NA,NA,NA,NA,NA,NA,NA,NA,NA
172,clothes basket,clothes basket_4.png,46.875,2.47287433,0.744409349,951.2656251,452.17631,156.66821,83.86249998,0,basket,4.16,3.39881539,6,8.423076923,15,washing basket,4,2.057463562,13,laundry basket,3,2.534584817,13,wash basket,2,1.297795718,10,container,2,3.77,9,washing carrier,1,NA,14,ring,1,4,4.92,washing,1,7,4.41,plastic basket,1,13,1.172856981,clothes basket,1,13,1.172856981,laundry,1,7,3.72,NA,NA,NA,NA,NA,NA,NA,NA,NA,NA,NA,NA,NA,NA,NA,NA,NA,NA,NA,NA
173,cockatoo,cockatoo_1.png,41.17647059,1.974748314,0.763936929,1015.75,616.6689,213.66095,95.78124999,1,parrot,3.84,4.053333333,6,5.533333333,14,bird,12,4.85,4,cockatiel,3,2.06,9,cockatoo,3,2.76,8,toucan,1,2.7,6,macaw,1,2.63,5,NA,NA,NA,NA,NA,NA,NA,NA,NA,NA,NA,NA,NA,NA,NA,NA,NA,NA,NA,NA,NA,NA,NA,NA,NA,NA,NA,NA,NA,NA,NA,NA,NA,NA,NA,NA,NA,NA,NA,NA
174,cockatoo,cockatoo_2.png,48.48484848,1.937444877,0.749505989,800.7060606,211.90997,72.3007,96.85757575,1,parrot,3.84,3.879032258,6,5.870967742,16,bird,9,4.85,4,cockatoo,4,2.76,8,cockatiel,2,2.06,9,white bird,1,2.12709949,9,parakeet,1,2.5,8,NA,NA,NA,NA,NA,NA,NA,NA,NA,NA,NA,NA,NA,NA,NA,NA,NA,NA,NA,NA,NA,NA,NA,NA,NA,NA,NA,NA,NA,NA,NA,NA,NA,NA,NA,NA,NA,NA,NA,NA
175,cockatoo,cockatoo_3.png,54.54545455,1.520820453,0.760410227,1085.178125,648.02827,224.52621,94.334375,1,parrot,3.84,3.993870968,6,5.677419355,18,bird,10,4.85,4,cockatoo,4,2.76,8,cockatiel,1,2.06,9,NA,NA,NA,NA,NA,NA,NA,NA,NA,NA,NA,NA,NA,NA,NA,NA,NA,NA,NA,NA,NA,NA,NA,NA,NA,NA,NA,NA,NA,NA,NA,NA,NA,NA,NA,NA,NA,NA,NA,NA,NA,NA,NA,NA,NA,NA,NA,NA
176,cockatoo,cockatoo_4.png,53.125,1.574192694,0.787096347,1000.093548,500.27587,176.10707,94.3580645,1,parrot,3.84,3.929333333,6,5.8,17,bird,9,4.85,4,cockatoo,5,2.76,8,cockatiel,1,2.06,9,NA,NA,NA,NA,NA,NA,NA,NA,NA,NA,NA,NA,NA,NA,NA,NA,NA,NA,NA,NA,NA,NA,NA,NA,NA,NA,NA,NA,NA,NA,NA,NA,NA,NA,NA,NA,NA,NA,NA,NA,NA,NA,NA,NA,NA,NA,NA,NA
177,coconut,coconut_1.png,90.90909091,0.205592508,0.205592508,1299.170968,1003.42743,353.22644,93.75161291,1,coconut,4.08,4.08,7,7,30,mole,1,3.73,4,NA,NA,NA,NA,NA,NA,NA,NA,NA,NA,NA,NA,NA,NA,NA,NA,NA,NA,NA,NA,NA,NA,NA,NA,NA,NA,NA,NA,NA,NA,NA,NA,NA,NA,NA,NA,NA,NA,NA,NA,NA,NA,NA,NA,NA,NA,NA,NA,NA,NA,NA,NA,NA,NA,NA,NA
178,coconut,coconut_2.png,93.93939394,0.390452131,0.246347867,1018.051515,656.32677,223.92946,86.44545453,1,coconut,4.08,4.08,7,7,31,kiwi,1,3.27,4,fruit,1,4.73,5,NA,NA,NA,NA,NA,NA,NA,NA,NA,NA,NA,NA,NA,NA,NA,NA,NA,NA,NA,NA,NA,NA,NA,NA,NA,NA,NA,NA,NA,NA,NA,NA,NA,NA,NA,NA,NA,NA,NA,NA,NA,NA,NA,NA,NA,NA,NA,NA,NA,NA,NA,NA
179,coconut,coconut_3.png,100,0,0,979.9766666,325.57346,116.50282,97.26999995,1,coconut,4.08,4.08,7,7,31,NA,NA,NA,NA,NA,NA,NA,NA,NA,NA,NA,NA,NA,NA,NA,NA,NA,NA,NA,NA,NA,NA,NA,NA,NA,NA,NA,NA,NA,NA,NA,NA,NA,NA,NA,NA,NA,NA,NA,NA,NA,NA,NA,NA,NA,NA,NA,NA,NA,NA,NA,NA,NA,NA,NA,NA,NA,NA,NA,NA
180,coconut,coconut_4.png,81.25,1.032302495,0.444588485,1105.10625,416.4799,144.30027,95.484375,1,coconut,4.08,4.147241379,7,6.793103448,26,fruit,3,4.73,5,coconut oil,1,2.057463562,10,food,1,5.45,4,swede,1,3.2,5,NA,NA,NA,NA,NA,NA,NA,NA,NA,NA,NA,NA,NA,NA,NA,NA,NA,NA,NA,NA,NA,NA,NA,NA,NA,NA,NA,NA,NA,NA,NA,NA,NA,NA,NA,NA,NA,NA,NA,NA,NA,NA,NA,NA
181,collie,collie_1.png,93.93939394,0.32984607,0.32984607,999.6515151,506.74676,172.89486,87.33939392,1,dog,5.17,5.063939394,3,3.181818182,31,lassie,2,3.42,6,NA,NA,NA,NA,NA,NA,NA,NA,NA,NA,NA,NA,NA,NA,NA,NA,NA,NA,NA,NA,NA,NA,NA,NA,NA,NA,NA,NA,NA,NA,NA,NA,NA,NA,NA,NA,NA,NA,NA,NA,NA,NA,NA,NA,NA,NA,NA,NA,NA,NA,NA,NA,NA,NA,NA,NA
182,collie,collie_2.png,75,1.35018789,0.522323976,768.4709677,282.93365,99.59828,90.55161292,1,dog,5.17,4.821071429,3,3.535714286,24,collie,3,3.08,6,lassie,2,3.42,6,animal,1,4.93,6,dog comb,1,NA,7,mammal,1,3.71,6,NA,NA,NA,NA,NA,NA,NA,NA,NA,NA,NA,NA,NA,NA,NA,NA,NA,NA,NA,NA,NA,NA,NA,NA,NA,NA,NA,NA,NA,NA,NA,NA,NA,NA,NA,NA,NA,NA,NA,NA
183,collie,collie_3.png,93.75,0.399790067,0.252239448,927.832258,416.78431,146.71638,97.79032259,1,dog,5.17,5.17,3,3,30,collie,1,3.08,6,lassie,1,3.42,6,NA,NA,NA,NA,NA,NA,NA,NA,NA,NA,NA,NA,NA,NA,NA,NA,NA,NA,NA,NA,NA,NA,NA,NA,NA,NA,NA,NA,NA,NA,NA,NA,NA,NA,NA,NA,NA,NA,NA,NA,NA,NA,NA,NA,NA,NA,NA,NA,NA,NA,NA,NA
184,collie,collie_4.png,81.25,1.032302495,0.444588485,843.0741935,416.11318,146.48013,95.71612905,1,dog,5.17,4.953793103,3,3.310344828,26,collie,3,3.08,6,comb,1,NA,4,mammal,1,3.71,6,lassie,1,3.42,6,NA,NA,NA,NA,NA,NA,NA,NA,NA,NA,NA,NA,NA,NA,NA,NA,NA,NA,NA,NA,NA,NA,NA,NA,NA,NA,NA,NA,NA,NA,NA,NA,NA,NA,NA,NA,NA,NA,NA,NA,NA,NA,NA,NA
185,coral,coral_1.png,25,3.636842188,0.95521491,1195.468182,572.91551,239.40176,96.80909078,1,coral,3.86,3.838943665,5,6.25,4,seaweed,3,3.83,7,anemone,3,2.92,7,sea creature,2,2.576549318,11,fungus,2,3.48,6,sea,2,5.2,3,plant,2,5,4.81,mushroom,1,8,3.87,ocean,1,5,4.49,coral reef,1,9,2.835614813,sea urchin,1,9,2.729159482,sea plant,1,8,0.996765722,sea anemone,1,10,2.057463562,NA,NA,NA,NA,NA,NA,NA,NA,NA,NA,NA,NA
186,coral,coral_2.png,34.375,2.575360421,0.775260736,1465.56,1084.18596,475.15672,102.67,1,coral,3.86,3.914285714,5,5.214285714,11,fungus,3,3.48,6,plant,2,4.81,5,sea,1,5.2,3,sludge,1,3.17,6,sea urchin,1,2.729159482,9,sea creature,1,11,2.576549318,brain coral,1,10,1.473886977,seaweed,1,7,3.83,anemone,1,7,NA,NA,NA,NA,NA,NA,NA,NA,NA,NA,NA,NA,NA,NA,NA,NA,NA,NA,NA,NA,NA,NA,NA,NA,NA
187,coral,coral_3.png,30.3030303,2.804585169,0.810706925,1359.335,583.96673,255.93,91.94500002,1,coral,3.86,4.23,5,5,10,brain,3,4.84,5,plant,3,4.81,5,sea,1,5.2,3,fungus,1,3.48,6,fish,1,5.19,4,anemone,1,7,2.92,sea urchin,1,9,2.729159482,sea creature,1,11,2.576549318,shell,1,5,4.39,sealife,1,7,NA,NA,NA,NA,NA,NA,NA,NA,NA,NA,NA,NA,NA,NA,NA,NA,NA,NA,NA,NA,NA
188,coral,coral_4.png,31.25,2.700825795,0.813029577,1598.083333,777.15024,359.0185,98.55555554,1,coral,3.86,4.126153846,5,5.153846154,10,brain,4,4.84,5,plant,2,4.81,5,sponge,2,4.12,6,ball,1,5.33,4,reef,1,3.79,4,sea creature,1,11,2.576549318,fungus,1,6,NA,brain coral,1,10,1.473886977,cell,1,4,NA,NA,NA,NA,NA,NA,NA,NA,NA,NA,NA,NA,NA,NA,NA,NA,NA,NA,NA,NA,NA,NA,NA,NA,NA
189,corn,corn_1.png,40.625,1.941245192,0.750976152,785.6064516,335.57124,118.12776,95.3064516,1,corn,3.94,3.651111111,4,6.592592593,13,sweetcorn,12,3.25,9,corn on the cob,3,NA,12,vegetable,2,4.18,9,fruit,1,NA,5,grill,1,3.72,5,NA,NA,NA,NA,NA,NA,NA,NA,NA,NA,NA,NA,NA,NA,NA,NA,NA,NA,NA,NA,NA,NA,NA,NA,NA,NA,NA,NA,NA,NA,NA,NA,NA,NA,NA,NA,NA,NA,NA,NA
190,corn,corn_2.png,48.48484848,1.709432065,0.736212318,993.9060605,701.05063,239.18862,89.64242432,1,corn,3.94,3.658888889,4,6.037037037,16,sweetcorn,11,3.25,9,corn on the cob,4,NA,12,cob,1,3.22,3,vegetable,1,4.18,9,NA,NA,NA,NA,NA,NA,NA,NA,NA,NA,NA,NA,NA,NA,NA,NA,NA,NA,NA,NA,NA,NA,NA,NA,NA,NA,NA,NA,NA,NA,NA,NA,NA,NA,NA,NA,NA,NA,NA,NA,NA,NA,NA,NA
191,corn,corn_3.png,46.875,1.675693861,0.721682064,895.6548387,523.8491,184.40532,92.11935484,1,corn,3.94,3.621538462,4,6.307692308,15,sweetcorn,12,3.25,9,corn on the cob,3,NA,12,grill,1,3.72,5,vegetable,1,4.18,9,NA,NA,NA,NA,NA,NA,NA,NA,NA,NA,NA,NA,NA,NA,NA,NA,NA,NA,NA,NA,NA,NA,NA,NA,NA,NA,NA,NA,NA,NA,NA,NA,NA,NA,NA,NA,NA,NA,NA,NA,NA,NA,NA,NA
192,corn,corn_4.png,43.75,1.719801338,0.859900669,866.5125,665.08732,230.43677,99.99374995,1,corn,3.94,3.6364,4,6.2,14,sweetcorn,11,3.25,9,corn on the cob,5,NA,12,sweetcorn on cob,1,NA,14,sweetcorn cob,1,0.996765722,12,NA,NA,NA,NA,NA,NA,NA,NA,NA,NA,NA,NA,NA,NA,NA,NA,NA,NA,NA,NA,NA,NA,NA,NA,NA,NA,NA,NA,NA,NA,NA,NA,NA,NA,NA,NA,NA,NA,NA,NA,NA,NA,NA,NA
193,cow,cow_1.png,100,0,0,805.959375,262.48367,90.94429,99.44687503,1,cow,4.44,4.44,3,3,32,NA,NA,NA,NA,NA,NA,NA,NA,NA,NA,NA,NA,NA,NA,NA,NA,NA,NA,NA,NA,NA,NA,NA,NA,NA,NA,NA,NA,NA,NA,NA,NA,NA,NA,NA,NA,NA,NA,NA,NA,NA,NA,NA,NA,NA,NA,NA,NA,NA,NA,NA,NA,NA,NA,NA,NA,NA,NA,NA,NA
194,cow,cow_2.png,90.625,0.409633444,0.258449928,819.2258064,324.50662,114.23279,94.41612895,1,cow,4.44,4.44,3,3,29,fresian cow,1,NA,10,dairy cow,1,2.214249666,8,NA,NA,NA,NA,NA,NA,NA,NA,NA,NA,NA,NA,NA,NA,NA,NA,NA,NA,NA,NA,NA,NA,NA,NA,NA,NA,NA,NA,NA,NA,NA,NA,NA,NA,NA,NA,NA,NA,NA,NA,NA,NA,NA,NA,NA,NA,NA,NA,NA,NA,NA,NA
195,cow,cow_3.png,90.625,0.597454723,0.298727362,815.4516129,299.65991,105.48626,94.41290329,1,cow,4.44,4.44,3,3,29,animal,1,4.93,6,mammal,1,3.71,6,farm,1,NA,4,NA,NA,NA,NA,NA,NA,NA,NA,NA,NA,NA,NA,NA,NA,NA,NA,NA,NA,NA,NA,NA,NA,NA,NA,NA,NA,NA,NA,NA,NA,NA,NA,NA,NA,NA,NA,NA,NA,NA,NA,NA,NA,NA,NA,NA,NA,NA,NA
196,cow,cow_4.png,48.48484848,1.334282222,0.667141111,1431.193333,1075.74374,384.94288,101.4166667,1,cow,4.44,4.19862069,3,3.482758621,16,calf,14,3.94,4,dog,1,5.17,3,goat,1,NA,4,NA,NA,NA,NA,NA,NA,NA,NA,NA,NA,NA,NA,NA,NA,NA,NA,NA,NA,NA,NA,NA,NA,NA,NA,NA,NA,NA,NA,NA,NA,NA,NA,NA,NA,NA,NA,NA,NA,NA,NA,NA,NA,NA,NA,NA,NA,NA,NA
197,crate,crate_1.png,40.625,2.355154958,0.742968669,1236.392593,552.62515,208.44758,93.29629631,0,chest,4.48,4.579130435,5,4.391304348,13,box,9,5.12,3,trunk,4,3.93,5,wood,1,NA,4,aztec pillar,1,NA,11,container,1,3.77,9,coffin,1,6,3.82,arabic chest,1,11,NA,crate,1,5,3.29,NA,NA,NA,NA,NA,NA,NA,NA,NA,NA,NA,NA,NA,NA,NA,NA,NA,NA,NA,NA,NA,NA,NA,NA,NA,NA,NA,NA
198,crate,crate_2.png,46.875,2.152103627,0.717367876,976.2645161,484.51964,170.56056,91.30000001,0,box,5.12,4.156350795,3,4.703703704,15,crate,9,3.29,5,container,2,3.77,9,wooden crate,2,1.695735726,11,basket,1,4.16,6,chest,1,4.48,5,trunk,1,5,3.93,wooden case,1,10,1.871826985,NA,NA,NA,NA,NA,NA,NA,NA,NA,NA,NA,NA,NA,NA,NA,NA,NA,NA,NA,NA,NA,NA,NA,NA,NA,NA,NA,NA,NA,NA,NA,NA
199,crate,crate_3.png,43.75,2.537101753,0.800366492,1052.883871,560.75376,197.3965,93.8516129,0,box,5.12,4.826893362,3,5,14,crate,6,3.29,5,wooden box,2,2.744953749,9,container,2,3.77,9,chest,2,4.48,5,trunk,2,3.93,5,wooden crate,2,11,1.695735726,oak,1,3,4.23,wooden cast,1,10,NA,NA,NA,NA,NA,NA,NA,NA,NA,NA,NA,NA,NA,NA,NA,NA,NA,NA,NA,NA,NA,NA,NA,NA,NA,NA,NA,NA,NA
200,crate,crate_4.png,68.75,1.535550528,0.594032032,1124.446875,601.10301,208.26774,98.06875002,0,chest,4.48,4.427310999,5,5.551724138,22,box,4,5.12,3,treasure chest,3,3.117339653,13,trunk,1,3.93,5,container,1,3.77,9,treasure,1,4.46,8,NA,NA,NA,NA,NA,NA,NA,NA,NA,NA,NA,NA,NA,NA,NA,NA,NA,NA,NA,NA,NA,NA,NA,NA,NA,NA,NA,NA,NA,NA,NA,NA,NA,NA,NA,NA,NA,NA,NA,NA
201,dachshund,dachshund_1.png,57.57575758,1.750915598,0.754078303,966.8484848,470.37874,160.48662,87.59999998,1,dog,5.17,4.052028909,3,5.59375,19,dachshund,8,2.48,9,sausage dog,5,2.318985017,10,mammal,1,3.71,6,NA,NA,NA,NA,NA,NA,NA,NA,NA,NA,NA,NA,NA,NA,NA,NA,NA,NA,NA,NA,NA,NA,NA,NA,NA,NA,NA,NA,NA,NA,NA,NA,NA,NA,NA,NA,NA,NA,NA,NA,NA,NA,NA,NA,NA,NA,NA,NA
202,dachshund,dachshund_2.png,84.375,0.98806367,0.382235204,1138.019355,652.33393,229.63454,95.62903227,1,dog,5.17,5.17,3,3,27,corgi,1,3.09,5,dachshund,1,2.48,9,mammal,1,3.71,6,wirehaired dachshund,1,NA,19,sausage dog,1,2.318985017,10,NA,NA,NA,NA,NA,NA,NA,NA,NA,NA,NA,NA,NA,NA,NA,NA,NA,NA,NA,NA,NA,NA,NA,NA,NA,NA,NA,NA,NA,NA,NA,NA,NA,NA,NA,NA,NA,NA,NA,NA
203,dachshund,dachshund_3.png,87.5,0.644974209,0.406933419,929.8033333,582.55642,208.46131,98.8566667,1,dog,5.17,4.891724138,3,3.620689655,28,dachshund,3,2.48,9,sausage dog,1,2.318985017,10,NA,NA,NA,NA,NA,NA,NA,NA,NA,NA,NA,NA,NA,NA,NA,NA,NA,NA,NA,NA,NA,NA,NA,NA,NA,NA,NA,NA,NA,NA,NA,NA,NA,NA,NA,NA,NA,NA,NA,NA,NA,NA,NA,NA,NA,NA,NA,NA,NA,NA,NA,NA
204,dachshund,dachshund_4.png,90.90909091,0.439496987,0.439496987,906.79375,818.20582,283.48864,95.67812501,1,dog,5.17,4.9178125,3,3.5625,30,dachshund,3,2.48,9,NA,NA,NA,NA,NA,NA,NA,NA,NA,NA,NA,NA,NA,NA,NA,NA,NA,NA,NA,NA,NA,NA,NA,NA,NA,NA,NA,NA,NA,NA,NA,NA,NA,NA,NA,NA,NA,NA,NA,NA,NA,NA,NA,NA,NA,NA,NA,NA,NA,NA,NA,NA,NA,NA,NA,NA
205,daffodil,daffodil_1.png,58.06451613,0.981152234,0.981152234,1044.109677,843.83168,297.04556,87.31935493,1,flower,4.5,3.933870968,6,6.838709677,18,daffodil,13,3.15,8,NA,NA,NA,NA,NA,NA,NA,NA,NA,NA,NA,NA,NA,NA,NA,NA,NA,NA,NA,NA,NA,NA,NA,NA,NA,NA,NA,NA,NA,NA,NA,NA,NA,NA,NA,NA,NA,NA,NA,NA,NA,NA,NA,NA,NA,NA,NA,NA,NA,NA,NA,NA,NA,NA,NA,NA
206,daffodil,daffodil_2.png,68.75,1.184140762,0.592070381,1100.675,601.67409,208.46561,94.25312501,1,flower,4.5,4.14,6,6.533333333,22,daffodil,8,3.15,8,orchid,1,3.31,6,tulip,1,3.21,5,NA,NA,NA,NA,NA,NA,NA,NA,NA,NA,NA,NA,NA,NA,NA,NA,NA,NA,NA,NA,NA,NA,NA,NA,NA,NA,NA,NA,NA,NA,NA,NA,NA,NA,NA,NA,NA,NA,NA,NA,NA,NA,NA,NA,NA,NA,NA,NA
207,daffodil,daffodil_3.png,56.25,1.310056249,0.655028124,805.4937501,455.72236,157.89684,89.21562497,1,flower,4.5,3.96,6,6.8,18,daffodil,12,3.15,8,daisy,1,4.61,5,plant,1,4.81,5,NA,NA,NA,NA,NA,NA,NA,NA,NA,NA,NA,NA,NA,NA,NA,NA,NA,NA,NA,NA,NA,NA,NA,NA,NA,NA,NA,NA,NA,NA,NA,NA,NA,NA,NA,NA,NA,NA,NA,NA,NA,NA,NA,NA,NA,NA,NA,NA
208,daffodil,daffodil_4.png,59.375,1.133432101,0.715116036,1020.990625,601.27471,208.32723,89.55625009,1,flower,4.5,3.977419355,6,6.774193548,19,daffodil,12,3.15,8,plant,1,4.81,5,NA,NA,NA,NA,NA,NA,NA,NA,NA,NA,NA,NA,NA,NA,NA,NA,NA,NA,NA,NA,NA,NA,NA,NA,NA,NA,NA,NA,NA,NA,NA,NA,NA,NA,NA,NA,NA,NA,NA,NA,NA,NA,NA,NA,NA,NA,NA,NA,NA,NA,NA,NA
209,dalmatian,dalmatian_1.png,63.63636364,0.945660305,0.945660305,795.921875,369.33838,127.96687,86.825,1,dog,5.17,4.225,3,5.25,21,dalmatian,12,2.65,9,NA,NA,NA,NA,NA,NA,NA,NA,NA,NA,NA,NA,NA,NA,NA,NA,NA,NA,NA,NA,NA,NA,NA,NA,NA,NA,NA,NA,NA,NA,NA,NA,NA,NA,NA,NA,NA,NA,NA,NA,NA,NA,NA,NA,NA,NA,NA,NA,NA,NA,NA,NA,NA,NA,NA,NA
210,dalmatian,dalmatian_2.png,51.51515152,1.162872082,0.733690596,998.1031249,832.06627,288.29096,89.28749993,1,dog,5.17,4.031935484,3,5.709677419,17,dalmatian,15,2.65,9,mammal,1,3.71,6,NA,NA,NA,NA,NA,NA,NA,NA,NA,NA,NA,NA,NA,NA,NA,NA,NA,NA,NA,NA,NA,NA,NA,NA,NA,NA,NA,NA,NA,NA,NA,NA,NA,NA,NA,NA,NA,NA,NA,NA,NA,NA,NA,NA,NA,NA,NA,NA,NA,NA,NA,NA
211,dalmatian,dalmatian_3.png,59.375,0.974489403,0.974489403,912.409375,534.6005,185.22621,88.73125,1,dog,5.17,4.14625,3,5.4375,19,dalmatian,13,2.65,9,NA,NA,NA,NA,NA,NA,NA,NA,NA,NA,NA,NA,NA,NA,NA,NA,NA,NA,NA,NA,NA,NA,NA,NA,NA,NA,NA,NA,NA,NA,NA,NA,NA,NA,NA,NA,NA,NA,NA,NA,NA,NA,NA,NA,NA,NA,NA,NA,NA,NA,NA,NA,NA,NA,NA,NA
212,dalmatian,dalmatian_4.png,57.57575758,1.140868692,0.719808003,791.1787879,307.77013,105.00684,91.77575755,1,dog,5.17,4.14625,3,5.4375,19,dalmatian,13,2.65,9,mammal,1,3.71,6,NA,NA,NA,NA,NA,NA,NA,NA,NA,NA,NA,NA,NA,NA,NA,NA,NA,NA,NA,NA,NA,NA,NA,NA,NA,NA,NA,NA,NA,NA,NA,NA,NA,NA,NA,NA,NA,NA,NA,NA,NA,NA,NA,NA,NA,NA,NA,NA,NA,NA,NA,NA
213,dandelion,dandelion_1.png,72.72727273,0.845350937,0.845350937,844.534375,384.28851,133.14672,89.14687502,1,flower,4.5,4.145,6,6.75,24,dandelion,9,3.08,9,NA,NA,NA,NA,NA,NA,NA,NA,NA,NA,NA,NA,NA,NA,NA,NA,NA,NA,NA,NA,NA,NA,NA,NA,NA,NA,NA,NA,NA,NA,NA,NA,NA,NA,NA,NA,NA,NA,NA,NA,NA,NA,NA,NA,NA,NA,NA,NA,NA,NA,NA,NA,NA,NA,NA,NA
214,dandelion,dandelion_2.png,68.75,1.042599356,0.657806954,763.3874999,329.77176,114.25799,95.47500001,1,flower,4.5,4.087741935,6,6.870967742,22,dandelion,9,3.08,9,buttercup flower,1,NA,15,NA,NA,NA,NA,NA,NA,NA,NA,NA,NA,NA,NA,NA,NA,NA,NA,NA,NA,NA,NA,NA,NA,NA,NA,NA,NA,NA,NA,NA,NA,NA,NA,NA,NA,NA,NA,NA,NA,NA,NA,NA,NA,NA,NA,NA,NA,NA,NA,NA,NA,NA,NA
215,dandelion,dandelion_3.png,63.63636364,1.182032094,0.745779218,1062.08125,627.18589,217.30483,96.71874999,1,flower,4.5,4.01625,6,6.96875,21,dandelion,10,3.08,9,daffodil,2,3.15,8,NA,NA,NA,NA,NA,NA,NA,NA,NA,NA,NA,NA,NA,NA,NA,NA,NA,NA,NA,NA,NA,NA,NA,NA,NA,NA,NA,NA,NA,NA,NA,NA,NA,NA,NA,NA,NA,NA,NA,NA,NA,NA,NA,NA,NA,NA,NA,NA,NA,NA,NA,NA
216,dandelion,dandelion_4.png,76.47058824,1.257714821,0.486550509,886.3441176,612.9266,206.02366,96.67941175,1,flower,4.5,4.310666667,6,6.4,26,dandelion,4,3.08,9,sunflower,1,3.55,9,buttercup,1,3.02,9,weed,1,3.78,4,plant,1,4.81,5,NA,NA,NA,NA,NA,NA,NA,NA,NA,NA,NA,NA,NA,NA,NA,NA,NA,NA,NA,NA,NA,NA,NA,NA,NA,NA,NA,NA,NA,NA,NA,NA,NA,NA,NA,NA,NA,NA,NA,NA
217,dinghy,dinghy_1.png,34.375,2.365049678,0.842447693,1159.867857,655.41024,242.76288,92.66785712,0,boat,4.89,3.936153846,4,5.653846154,11,dinghy,8,2.98,6,lifeboat,6,3.7,8,speedboat,3,2.89,9,raft,2,3.6,4,engine,1,4.5,6,water,1,5,5.53,NA,NA,NA,NA,NA,NA,NA,NA,NA,NA,NA,NA,NA,NA,NA,NA,NA,NA,NA,NA,NA,NA,NA,NA,NA,NA,NA,NA,NA,NA,NA,NA,NA,NA,NA,NA
218,dinghy,dinghy_2.png,34.375,2.198826352,0.850622147,1183.2,736.36003,263.49821,93.49333332,0,dinghy,2.98,3.733210298,6,5.655172414,11,boat,10,4.89,4,lifeboat,5,3.7,8,raft,3,3.6,4,life raft,2,2.576549318,8,water,1,5.53,5,NA,NA,NA,NA,NA,NA,NA,NA,NA,NA,NA,NA,NA,NA,NA,NA,NA,NA,NA,NA,NA,NA,NA,NA,NA,NA,NA,NA,NA,NA,NA,NA,NA,NA,NA,NA,NA,NA,NA,NA
219,dinghy,dinghy_3.png,45.45454545,1.592687215,0.685933048,1076.235484,704.96108,248.16035,91.82903224,0,boat,4.89,4.017586207,4,5.103448276,15,dinghy,14,2.98,6,lifeboat,2,3.7,8,rib,1,3.52,3,raft,1,3.6,4,NA,NA,NA,NA,NA,NA,NA,NA,NA,NA,NA,NA,NA,NA,NA,NA,NA,NA,NA,NA,NA,NA,NA,NA,NA,NA,NA,NA,NA,NA,NA,NA,NA,NA,NA,NA,NA,NA,NA,NA,NA,NA,NA,NA
220,dinghy,dinghy_4.png,39.39393939,1.994847412,0.771712321,965.867742,510.15736,179.58556,91.78709678,0,dinghy,2.98,3.744827586,6,5.689655172,13,boat,12,4.89,4,lifeboat,3,3.7,8,speedboat,3,2.89,9,ship,1,4.77,4,rib,1,3.52,3,NA,NA,NA,NA,NA,NA,NA,NA,NA,NA,NA,NA,NA,NA,NA,NA,NA,NA,NA,NA,NA,NA,NA,NA,NA,NA,NA,NA,NA,NA,NA,NA,NA,NA,NA,NA,NA,NA,NA,NA
221,dragonfly,dragonfly_1.png,68.75,1.224606936,0.612303468,1336.845161,604.11946,212.66209,97.25483871,1,dragonfly,3.2,3.388,9,8,22,insect,6,3.85,6,bug,2,4.07,3,horse fly,1,1.473886977,8,NA,NA,NA,NA,NA,NA,NA,NA,NA,NA,NA,NA,NA,NA,NA,NA,NA,NA,NA,NA,NA,NA,NA,NA,NA,NA,NA,NA,NA,NA,NA,NA,NA,NA,NA,NA,NA,NA,NA,NA,NA,NA,NA,NA,NA,NA,NA,NA
222,dragonfly,dragonfly_2.png,37.5,1.97875015,0.852201304,1150.98,440.0112,157.45309,84.19000007,1,dragonfly,3.2,3.77862069,9,6.310344828,12,insect,10,3.85,6,fly,4,4.9,3,bug,4,4.07,3,wings,1,4.4,5,NA,NA,NA,NA,NA,NA,NA,NA,NA,NA,NA,NA,NA,NA,NA,NA,NA,NA,NA,NA,NA,NA,NA,NA,NA,NA,NA,NA,NA,NA,NA,NA,NA,NA,NA,NA,NA,NA,NA,NA,NA,NA,NA,NA
223,dragonfly,dragonfly_3.png,47.05882353,1.89939747,0.67657903,1470.72069,751.33812,273.45415,89.64827587,1,dragonfly,3.2,3.516923077,9,7.384615385,16,insect,10,3.85,6,bug,2,4.07,3,dragon,1,4.28,6,fence,1,NA,5,moth,1,3.64,4,fly,1,3,4.9,NA,NA,NA,NA,NA,NA,NA,NA,NA,NA,NA,NA,NA,NA,NA,NA,NA,NA,NA,NA,NA,NA,NA,NA,NA,NA,NA,NA,NA,NA,NA,NA,NA,NA,NA,NA
224,dragonfly,dragonfly_4.png,37.5,2.068273412,0.800117376,1429.116667,925.2642,370.17597,91.125,1,dragonfly,3.2,3.747272727,9,6.545454545,12,insect,9,3.85,6,fly,5,4.9,3,bug,2,4.07,3,cricket,1,4.45,7,grasshopper,1,2.91,11,NA,NA,NA,NA,NA,NA,NA,NA,NA,NA,NA,NA,NA,NA,NA,NA,NA,NA,NA,NA,NA,NA,NA,NA,NA,NA,NA,NA,NA,NA,NA,NA,NA,NA,NA,NA,NA,NA,NA,NA
225,drum,drum_1.png,21.21212121,3.118102258,0.901333688,1184.09,493.83542,176.71349,89.36666665,0,barrel,4.06,3.942489946,6,5.038461538,7,drum,7,4.33,4,oil drum,4,1.926184648,7,bin,3,4.49,3,can,3,6.56,3,container,3,3.77,9,tin,2,3,4.35,tank,1,4,4.34,metal,1,5,4.63,metal container,1,14,1.737128411,cylinder,1,8,3.52,NA,NA,NA,NA,NA,NA,NA,NA,NA,NA,NA,NA,NA,NA,NA,NA,NA,NA,NA,NA
226,drum,drum_2.png,31.25,2.967621829,0.857835089,1439.266667,986.755,353.09925,96.46333331,0,barrell,1.6,3.05710533,7,5.807692308,10,drum,5,4.33,4,oil drum,4,1.926184648,7,bin,3,4.49,3,can,2,6.56,3,container,2,3.77,9,rust,1,4,3.33,cylinder,1,8,3.52,tin,1,3,4.35,rusty drum,1,9,NA,tank,1,4,NA,NA,NA,NA,NA,NA,NA,NA,NA,NA,NA,NA,NA,NA,NA,NA,NA,NA,NA,NA,NA
227,drum,drum_3.png,31.25,2.263870813,0.806407054,1225.33,698.61814,249.9927,99.18666669,0,barrel,4.06,3.394063916,6,5.807692308,10,oil drum,9,1.926184648,7,drum,7,4.33,4,container,2,3.77,9,can,1,6.56,3,jar,1,3.96,3,tin,1,3,4.35,NA,NA,NA,NA,NA,NA,NA,NA,NA,NA,NA,NA,NA,NA,NA,NA,NA,NA,NA,NA,NA,NA,NA,NA,NA,NA,NA,NA,NA,NA,NA,NA,NA,NA,NA,NA
228,drum,drum_4.png,25,2.667837797,0.889279266,1283.196875,819.31089,283.87153,94.60624998,0,barrel,4.06,4.065417513,6,5.689655172,8,drum,6,4.33,4,oil drum,6,1.926184648,7,can,5,6.56,3,container,4,3.77,9,tank,1,4.34,4,oil barrel,1,9,1.172856981,cylinder,1,8,3.52,NA,NA,NA,NA,NA,NA,NA,NA,NA,NA,NA,NA,NA,NA,NA,NA,NA,NA,NA,NA,NA,NA,NA,NA,NA,NA,NA,NA,NA,NA,NA,NA
229,duck,duck_1.png,81.25,0.930892729,0.465446365,869.1548387,301.24464,106.04411,94.0548387,1,duck,4.53,4.574137931,4,4,26,bird,4,4.85,4,duck pond,1,2.774916972,8,mallard,1,2.86,7,NA,NA,NA,NA,NA,NA,NA,NA,NA,NA,NA,NA,NA,NA,NA,NA,NA,NA,NA,NA,NA,NA,NA,NA,NA,NA,NA,NA,NA,NA,NA,NA,NA,NA,NA,NA,NA,NA,NA,NA,NA,NA,NA,NA,NA,NA,NA,NA
230,duck,duck_2.png,85.29411765,0.826243757,0.413121879,909.5441176,579.08669,194.64902,91.23235294,1,duck,4.53,4.448181818,4,4.181818182,29,bird,2,4.85,4,mallard,2,2.86,7,duck pond,1,2.774916972,8,NA,NA,NA,NA,NA,NA,NA,NA,NA,NA,NA,NA,NA,NA,NA,NA,NA,NA,NA,NA,NA,NA,NA,NA,NA,NA,NA,NA,NA,NA,NA,NA,NA,NA,NA,NA,NA,NA,NA,NA,NA,NA,NA,NA,NA,NA,NA,NA
231,duck,duck_3.png,93.75,0.399790067,0.252239448,874.5062499,328.75864,113.90696,91.17500005,1,duck,4.53,4.53,4,4,30,bird,1,4.85,4,mallard,1,2.86,7,NA,NA,NA,NA,NA,NA,NA,NA,NA,NA,NA,NA,NA,NA,NA,NA,NA,NA,NA,NA,NA,NA,NA,NA,NA,NA,NA,NA,NA,NA,NA,NA,NA,NA,NA,NA,NA,NA,NA,NA,NA,NA,NA,NA,NA,NA,NA,NA,NA,NA,NA,NA
232,duck,duck_4.png,81.25,0.818091464,0.516158246,839.409375,343.16442,118.89822,99.75624998,1,duck,4.53,4.307333333,4,4.4,26,mallard,4,2.86,7,mallard duck,1,1.809679079,11,mallard drake,1,NA,12,NA,NA,NA,NA,NA,NA,NA,NA,NA,NA,NA,NA,NA,NA,NA,NA,NA,NA,NA,NA,NA,NA,NA,NA,NA,NA,NA,NA,NA,NA,NA,NA,NA,NA,NA,NA,NA,NA,NA,NA,NA,NA,NA,NA,NA,NA,NA,NA
233,eagle,eagle_1.png,68.75,1.508839497,0.583698795,812.396875,289.93497,100.45549,95.44062504,1,eagle,4.11,4.247037037,5,4.814814815,22,bird,5,4.85,4,bird of prey,2,NA,10,president of the united states,1,NA,26,raptor,1,2.72,6,bald eagle,1,2.5019157,9,NA,NA,NA,NA,NA,NA,NA,NA,NA,NA,NA,NA,NA,NA,NA,NA,NA,NA,NA,NA,NA,NA,NA,NA,NA,NA,NA,NA,NA,NA,NA,NA,NA,NA,NA,NA,NA,NA,NA,NA
234,eagle,eagle_2.png,62.5,1.724903441,0.667283739,864.6870968,309.50545,108.95208,92.17419354,1,eagle,4.11,4.042524903,5,5.166666667,20,bird,5,4.85,4,bald eagle,3,2.5019157,9,hawk,2,3.66,4,tag,1,NA,3,bird of prey,1,NA,10,NA,NA,NA,NA,NA,NA,NA,NA,NA,NA,NA,NA,NA,NA,NA,NA,NA,NA,NA,NA,NA,NA,NA,NA,NA,NA,NA,NA,NA,NA,NA,NA,NA,NA,NA,NA,NA,NA,NA,NA
235,eagle,eagle_3.png,79.41176471,1.076228648,0.46350645,976.9705882,501.3425,168.51678,90.21470586,1,eagle,4.11,4.205483871,5,4.870967742,27,bird,4,4.85,4,american flag,1,2.443923753,12,bird of prey,1,NA,10,bald eagle,1,2.5019157,9,NA,NA,NA,NA,NA,NA,NA,NA,NA,NA,NA,NA,NA,NA,NA,NA,NA,NA,NA,NA,NA,NA,NA,NA,NA,NA,NA,NA,NA,NA,NA,NA,NA,NA,NA,NA,NA,NA,NA,NA,NA,NA,NA,NA
236,eagle,eagle_4.png,65.625,1.742541691,0.620705874,873.734375,425.29075,147.35302,93.46562508,1,eagle,4.11,4.2284,5,4.84,21,bird,4,4.85,4,bird of prey,2,NA,10,fly,1,4.9,3,american flag,1,2.443923753,12,bald headed eagle,1,NA,15,hawk,1,4,3.66,bald eagle,1,9,2.5019157,NA,NA,NA,NA,NA,NA,NA,NA,NA,NA,NA,NA,NA,NA,NA,NA,NA,NA,NA,NA,NA,NA,NA,NA,NA,NA,NA,NA,NA,NA,NA,NA
237,elm,elm_1.png,93.75,0.399790067,0.252239448,939.921875,602.5922,208.7837,88.51250003,1,tree,4.95,4.95,4,4,30,grow,1,4.93,4,leaves,1,4.81,6,NA,NA,NA,NA,NA,NA,NA,NA,NA,NA,NA,NA,NA,NA,NA,NA,NA,NA,NA,NA,NA,NA,NA,NA,NA,NA,NA,NA,NA,NA,NA,NA,NA,NA,NA,NA,NA,NA,NA,NA,NA,NA,NA,NA,NA,NA,NA,NA,NA,NA,NA,NA
238,elm,elm_2.png,93.75,0.399790067,0.252239448,970.61875,577.36487,200.04305,88.44375002,1,tree,4.95,4.95,4,4,30,plant,1,4.81,5,nature,1,4.83,6,NA,NA,NA,NA,NA,NA,NA,NA,NA,NA,NA,NA,NA,NA,NA,NA,NA,NA,NA,NA,NA,NA,NA,NA,NA,NA,NA,NA,NA,NA,NA,NA,NA,NA,NA,NA,NA,NA,NA,NA,NA,NA,NA,NA,NA,NA,NA,NA,NA,NA,NA,NA
239,elm,elm_3.png,100,0,0,959.70625,521.27404,180.60892,98.31874998,1,tree,4.95,4.95,4,4,32,NA,NA,NA,NA,NA,NA,NA,NA,NA,NA,NA,NA,NA,NA,NA,NA,NA,NA,NA,NA,NA,NA,NA,NA,NA,NA,NA,NA,NA,NA,NA,NA,NA,NA,NA,NA,NA,NA,NA,NA,NA,NA,NA,NA,NA,NA,NA,NA,NA,NA,NA,NA,NA,NA,NA,NA,NA,NA,NA,NA
240,elm,elm_4.png,100,0,0,881.169697,522.39072,178.23236,89.36060597,1,tree,4.95,4.95,4,4,33,NA,NA,NA,NA,NA,NA,NA,NA,NA,NA,NA,NA,NA,NA,NA,NA,NA,NA,NA,NA,NA,NA,NA,NA,NA,NA,NA,NA,NA,NA,NA,NA,NA,NA,NA,NA,NA,NA,NA,NA,NA,NA,NA,NA,NA,NA,NA,NA,NA,NA,NA,NA,NA,NA,NA,NA,NA,NA,NA,NA
241,envelope,envelope_1.png,84.375,0.625262405,0.625262405,846.909375,277.27882,96.07044,96.33749998,0,envelope,4.1,4.2171875,8,7.6875,27,letter,5,4.85,6,NA,NA,NA,NA,NA,NA,NA,NA,NA,NA,NA,NA,NA,NA,NA,NA,NA,NA,NA,NA,NA,NA,NA,NA,NA,NA,NA,NA,NA,NA,NA,NA,NA,NA,NA,NA,NA,NA,NA,NA,NA,NA,NA,NA,NA,NA,NA,NA,NA,NA,NA,NA,NA,NA,NA,NA
242,envelope,envelope_2.png,78.78787879,0.87102419,0.549555077,939.1212121,442.41561,150.94599,89.77575759,0,envelope,4.1,4.240625,8,7.625,26,letter,6,4.85,6,container,1,3.77,9,NA,NA,NA,NA,NA,NA,NA,NA,NA,NA,NA,NA,NA,NA,NA,NA,NA,NA,NA,NA,NA,NA,NA,NA,NA,NA,NA,NA,NA,NA,NA,NA,NA,NA,NA,NA,NA,NA,NA,NA,NA,NA,NA,NA,NA,NA,NA,NA,NA,NA,NA,NA
243,envelope,envelope_3.png,72.72727273,0.98260321,0.619953601,971.9875,458.40612,158.8267,98.45312499,0,envelope,4.1,4.293548387,8,7.483870968,24,letter,8,4.85,6,container,1,3.77,9,NA,NA,NA,NA,NA,NA,NA,NA,NA,NA,NA,NA,NA,NA,NA,NA,NA,NA,NA,NA,NA,NA,NA,NA,NA,NA,NA,NA,NA,NA,NA,NA,NA,NA,NA,NA,NA,NA,NA,NA,NA,NA,NA,NA,NA,NA,NA,NA,NA,NA,NA,NA
244,envelope,envelope_4.png,81.81818182,0.80222433,0.506147199,842.6878788,452.14594,154.26583,94.82727273,0,envelope,4.1,4.2171875,8,7.6875,27,letter,5,4.85,6,container,1,3.77,9,NA,NA,NA,NA,NA,NA,NA,NA,NA,NA,NA,NA,NA,NA,NA,NA,NA,NA,NA,NA,NA,NA,NA,NA,NA,NA,NA,NA,NA,NA,NA,NA,NA,NA,NA,NA,NA,NA,NA,NA,NA,NA,NA,NA,NA,NA,NA,NA,NA,NA,NA,NA
245,excavator,excavator_1.png,81.25,1.055892729,0.454748246,944.990625,479.9982,166.30783,95.27812499,0,digger,3.81,3.708666667,6,6.266666667,26,tractor,2,3.84,7,excavator,2,2.26,9,claw machine,1,NA,11,construction vehicle,1,0.996765722,19,NA,NA,NA,NA,NA,NA,NA,NA,NA,NA,NA,NA,NA,NA,NA,NA,NA,NA,NA,NA,NA,NA,NA,NA,NA,NA,NA,NA,NA,NA,NA,NA,NA,NA,NA,NA,NA,NA,NA,NA,NA,NA,NA,NA
246,excavator,excavator_2.png,68.75,1.621640762,0.577640094,1200.57931,615.73053,224.09893,95.31724144,0,digger,3.81,3.735384615,6,5.923076923,22,tractor,4,3.84,7,jcb,2,2.78,3,excavator,1,2.26,9,vehicle,1,4.52,7,dig,1,4.44,3,building machine,1,15,NA,NA,NA,NA,NA,NA,NA,NA,NA,NA,NA,NA,NA,NA,NA,NA,NA,NA,NA,NA,NA,NA,NA,NA,NA,NA,NA,NA,NA,NA,NA,NA,NA,NA,NA,NA,NA
247,excavator,excavator_3.png,59.375,2.003695979,0.66789866,1078.603846,487.81346,187.50601,99.95384613,0,digger,3.81,3.725909091,6,6.136363636,19,machinery,3,3.88,9,jcb,2,2.78,3,tractor,2,3.84,7,excavator,2,2.26,9,warehouse,1,3.8,9,vehicle,1,7,4.52,construction vehicle,1,19,NA,NA,NA,NA,NA,NA,NA,NA,NA,NA,NA,NA,NA,NA,NA,NA,NA,NA,NA,NA,NA,NA,NA,NA,NA,NA,NA,NA,NA,NA,NA,NA,NA
248,excavator,excavator_4.png,71.875,1.436189844,0.555594073,1217.393548,883.02951,310.84398,92.61935484,0,digger,3.81,3.814444444,6,6.148148148,23,tractor,4,3.84,7,excavator,2,2.26,9,claw,1,4.22,4,truck,1,4.22,5,vehicle,1,4.52,7,NA,NA,NA,NA,NA,NA,NA,NA,NA,NA,NA,NA,NA,NA,NA,NA,NA,NA,NA,NA,NA,NA,NA,NA,NA,NA,NA,NA,NA,NA,NA,NA,NA,NA,NA,NA,NA,NA,NA,NA
249,ferryboat,ferryboat_1.png,41.17647059,1.914001122,0.824315415,1022.484848,545.82568,186.22804,96.89696971,0,ship,4.77,4.436313014,4,4.5,14,ferry,8,4.02,5,boat,8,4.89,4,car ferry,2,1.951008231,8,assault rifle,1,2.18709742,12,NA,NA,NA,NA,NA,NA,NA,NA,NA,NA,NA,NA,NA,NA,NA,NA,NA,NA,NA,NA,NA,NA,NA,NA,NA,NA,NA,NA,NA,NA,NA,NA,NA,NA,NA,NA,NA,NA,NA,NA,NA,NA,NA,NA
250,ferryboat,ferryboat_2.png,46.875,1.914302362,0.740553243,1099.916667,820.16378,293.48644,89.74666669,0,boat,4.89,4.688518519,4,4.148148148,15,ship,9,4.77,4,berry,5,3.8,5,car ferry,1,1.951008231,8,passenger ferry,1,1.974489327,14,army,1,4.91,4,NA,NA,NA,NA,NA,NA,NA,NA,NA,NA,NA,NA,NA,NA,NA,NA,NA,NA,NA,NA,NA,NA,NA,NA,NA,NA,NA,NA,NA,NA,NA,NA,NA,NA,NA,NA,NA,NA,NA,NA
251,ferryboat,ferryboat_3.png,51.51515152,1.991424628,0.709359765,1212.657143,985.7031,365.10283,87.76785723,0,boat,4.89,4.692,4,4.2,17,ship,7,4.77,4,ferry,5,4.02,5,diving boat,1,NA,10,tourist boat,1,1.737128411,11,passenger ferry,1,1.974489327,14,yacht,1,5,3.77,NA,NA,NA,NA,NA,NA,NA,NA,NA,NA,NA,NA,NA,NA,NA,NA,NA,NA,NA,NA,NA,NA,NA,NA,NA,NA,NA,NA,NA,NA,NA,NA,NA,NA,NA,NA
252,ferryboat,ferryboat_4.png,59.375,1.96640154,0.65546718,967.0275862,512.85849,186.65801,89.92758621,0,boat,4.89,4.766538462,4,4.115384615,19,ship,5,4.77,4,ferry,3,4.02,5,shipping ferry,1,NA,13,submarine,1,3.77,9,fishing boat,1,NA,11,navy,1,4,4.28,tug boat,1,7,NA,NA,NA,NA,NA,NA,NA,NA,NA,NA,NA,NA,NA,NA,NA,NA,NA,NA,NA,NA,NA,NA,NA,NA,NA,NA,NA,NA,NA,NA,NA,NA,NA
253,fig,fig_1.png,50,2.01163886,0.77820814,1583.52963,1292.09062,487.37044,99.61111113,1,fig,3.48,3.898076923,3,3.846153846,16,fruit,5,4.73,5,onion,5,4.28,5,plum,2,3.79,4,vegetable,2,4.18,9,bulb,1,NA,4,NA,NA,NA,NA,NA,NA,NA,NA,NA,NA,NA,NA,NA,NA,NA,NA,NA,NA,NA,NA,NA,NA,NA,NA,NA,NA,NA,NA,NA,NA,NA,NA,NA,NA,NA,NA,NA,NA,NA,NA
254,fig,fig_2.png,21.875,2.703333158,0.852806662,1538.240909,698.9156,292.05287,94.11363635,1,fig,3.48,4.056666667,3,5,7,fruit,7,4.73,5,mango,5,3.74,5,vegetable,4,4.18,9,onion,1,4.28,5,food,1,5.45,4,kumquat,1,7,NA,melon,1,5,3.49,plum,1,4,3.79,NA,NA,NA,NA,NA,NA,NA,NA,NA,NA,NA,NA,NA,NA,NA,NA,NA,NA,NA,NA,NA,NA,NA,NA,NA,NA,NA,NA
255,fig,fig_3.png,52.94117647,2.057085827,0.732748756,1199.348276,592.68446,215.71116,104.062069,1,fig,3.48,3.808,3,3.64,18,fruit,5,4.73,5,onion,5,4.28,5,vegetable,3,4.18,9,passion fruit,1,3.168492176,12,turnip,1,3.36,6,pumpkin,1,7,3.79,NA,NA,NA,NA,NA,NA,NA,NA,NA,NA,NA,NA,NA,NA,NA,NA,NA,NA,NA,NA,NA,NA,NA,NA,NA,NA,NA,NA,NA,NA,NA,NA,NA,NA,NA,NA
256,fig,fig_4.png,50,2.304229297,0.726903411,1490.309677,944.96621,332.64693,102.316129,1,fig,3.48,3.590769231,3,5.076923077,16,vegetable,6,4.18,9,onion,3,4.28,5,passionfruit,2,1.97,12,plant,1,4.81,5,food,1,5.45,4,fruit,1,5,4.73,pumpkin,1,7,3.79,plum,1,4,3.79,NA,NA,NA,NA,NA,NA,NA,NA,NA,NA,NA,NA,NA,NA,NA,NA,NA,NA,NA,NA,NA,NA,NA,NA,NA,NA,NA,NA
257,firetruck,firetruck_1.png,75.75757576,1.223290945,0.526842734,1019.015625,471.50177,163.36403,84.196875,0,fire engine,3.175742669,3.177540458,10,9.466666667,25,fire truck,4,2.18709742,9,fire,2,5.18,4,vehicle,1,4.52,7,fire brigade,1,3.535213774,11,NA,NA,NA,NA,NA,NA,NA,NA,NA,NA,NA,NA,NA,NA,NA,NA,NA,NA,NA,NA,NA,NA,NA,NA,NA,NA,NA,NA,NA,NA,NA,NA,NA,NA,NA,NA,NA,NA,NA,NA,NA,NA,NA,NA
258,firetruck,firetruck_2.png,65.625,1.079439162,0.681050284,1024.134375,553.57611,191.80081,94.80624999,0,fire engine,3.175742669,2.856824847,10,9.677419355,21,fire truck,10,2.18709742,9,vehicle,1,4.52,7,NA,NA,NA,NA,NA,NA,NA,NA,NA,NA,NA,NA,NA,NA,NA,NA,NA,NA,NA,NA,NA,NA,NA,NA,NA,NA,NA,NA,NA,NA,NA,NA,NA,NA,NA,NA,NA,NA,NA,NA,NA,NA,NA,NA,NA,NA,NA,NA,NA,NA,NA,NA
259,firetruck,firetruck_3.png,71.875,1.201509375,0.600754688,1059.384375,585.25576,202.77706,100.15625,0,fire engine,3.175742669,3.1136989,10,9.419354839,23,fire truck,6,2.18709742,9,fire,2,5.18,4,emergency,1,4.65,9,NA,NA,NA,NA,NA,NA,NA,NA,NA,NA,NA,NA,NA,NA,NA,NA,NA,NA,NA,NA,NA,NA,NA,NA,NA,NA,NA,NA,NA,NA,NA,NA,NA,NA,NA,NA,NA,NA,NA,NA,NA,NA,NA,NA,NA,NA,NA,NA
260,firetruck,firetruck_4.png,57.57575758,1.734092672,0.617696273,916.296875,454.52923,157.48345,98.46562505,0,fire engine,3.175742669,2.846194253,10,9.666666667,19,fire truck,9,2.18709742,9,fire fighters,1,3.091935073,12,engine,1,4.5,6,vehicle,1,4.52,7,fire,1,5.18,4,truck,1,5,4.22,NA,NA,NA,NA,NA,NA,NA,NA,NA,NA,NA,NA,NA,NA,NA,NA,NA,NA,NA,NA,NA,NA,NA,NA,NA,NA,NA,NA,NA,NA,NA,NA,NA,NA,NA,NA
261,flowerpot,flowerpot_1.png,46.875,2.242036144,0.747345381,1043.262069,521.17627,189.68532,91.03448273,0,plant pot,2.868921995,3.44753792,8,6.653846154,15,pot,7,4.76,3,flowerpot,4,2.65,9,bucket,2,4.21,6,bin,1,4.49,3,plant holder,1,NA,11,plant,1,5,4.81,vase,1,4,4.27,NA,NA,NA,NA,NA,NA,NA,NA,NA,NA,NA,NA,NA,NA,NA,NA,NA,NA,NA,NA,NA,NA,NA,NA,NA,NA,NA,NA,NA,NA,NA,NA
262,flowerpot,flowerpot_2.png,40.625,2.158926511,0.71964217,1054.925806,468.85504,165.04631,86.59677418,0,pot,4.76,3.755116368,3,5.703703704,13,plant pot,11,2.868921995,8,flowerpot,3,2.65,9,flower,1,NA,6,clay pot,1,1.951008231,7,container,1,3.77,9,bucket,1,6,4.21,vase,1,4,4.27,NA,NA,NA,NA,NA,NA,NA,NA,NA,NA,NA,NA,NA,NA,NA,NA,NA,NA,NA,NA,NA,NA,NA,NA,NA,NA,NA,NA,NA,NA,NA,NA
263,flowerpot,flowerpot_3.png,39.39393939,2.228807706,0.742935902,894.7515152,515.93212,176.02878,93.00606066,0,plant pot,2.868921995,3.660206411,8,5.931034483,13,pot,11,4.76,3,flowerpot,3,2.65,9,vase,2,4.27,4,planter,1,2.84,7,container,1,3.77,9,plant,1,5,4.81,cup,1,3,5.09,NA,NA,NA,NA,NA,NA,NA,NA,NA,NA,NA,NA,NA,NA,NA,NA,NA,NA,NA,NA,NA,NA,NA,NA,NA,NA,NA,NA,NA,NA,NA,NA
264,flowerpot,flowerpot_4.png,33.33333333,2.14501834,0.829806366,1105.781818,514.08949,175.4001,89.72121211,0,plant pot,2.868921995,3.707359417,8,6.322580645,11,bucket,10,4.21,6,pot,7,4.76,3,flowerpot,3,2.65,9,planter,1,2.84,7,container,1,3.77,9,NA,NA,NA,NA,NA,NA,NA,NA,NA,NA,NA,NA,NA,NA,NA,NA,NA,NA,NA,NA,NA,NA,NA,NA,NA,NA,NA,NA,NA,NA,NA,NA,NA,NA,NA,NA,NA,NA,NA,NA
265,flytrap,flytrap_1.png,51.61290323,2.171465262,0.723821754,1152.829032,669.21554,235.57721,88.78709677,1,venus flytrap,2.358493558,2.992440627,12,9.444444444,16,plant,6,4.81,5,flytrap,3,2.5,7,cactus,2,3.35,6,fly,1,4.9,3,aloe vera,1,2.376976964,8,trap,1,4,4.22,flower,1,6,4.5,NA,NA,NA,NA,NA,NA,NA,NA,NA,NA,NA,NA,NA,NA,NA,NA,NA,NA,NA,NA,NA,NA,NA,NA,NA,NA,NA,NA,NA,NA,NA,NA
266,flytrap,flytrap_2.png,43.75,2.476365862,0.745460405,1454.567857,1163.91251,431.1113,95.68571429,1,venus flytrap,2.358493558,3.052814668,12,9.181818182,14,plant,6,4.81,5,flytrap,4,2.5,7,venus,1,3.88,5,flower,1,NA,6,snapdragon,1,1.87,10,fly eating plant,1,14,NA,fly catcher,1,10,1.473886977,fly,1,3,4.9,cactus,1,6,3.35,NA,NA,NA,NA,NA,NA,NA,NA,NA,NA,NA,NA,NA,NA,NA,NA,NA,NA,NA,NA,NA,NA,NA,NA
267,flytrap,flytrap_3.png,48.38709677,1.838792201,0.711341925,1388.882759,997.64642,363.09957,97.52068966,1,venus flytrap,2.358493558,3.282181845,12,8.851851852,15,plant,10,4.81,5,flytrap,3,2.5,7,cactus,1,3.35,6,flower,1,4.5,6,trap,1,NA,4,NA,NA,NA,NA,NA,NA,NA,NA,NA,NA,NA,NA,NA,NA,NA,NA,NA,NA,NA,NA,NA,NA,NA,NA,NA,NA,NA,NA,NA,NA,NA,NA,NA,NA,NA,NA,NA,NA,NA,NA
268,flytrap,flytrap_4.png,46.875,2.344753534,0.781584511,1424.86129,995.59278,350.4685,88.01935484,1,venus flytrap,2.358493558,3.12715184,12,9,15,plant,5,4.81,5,flytrap,4,2.5,7,flower,3,4.5,6,venus,2,3.88,5,snapdragon,1,1.87,10,fly,1,3,4.9,shrimp,1,6,NA,NA,NA,NA,NA,NA,NA,NA,NA,NA,NA,NA,NA,NA,NA,NA,NA,NA,NA,NA,NA,NA,NA,NA,NA,NA,NA,NA,NA,NA,NA,NA,NA
269,forklift,forklift_1.png,78.125,1.246987352,0.482400558,1090.775862,871.8428,317.31257,89.92413793,0,forklift,2.89,2.830081966,8,8.230769231,25,forklift truck,2,2.481065561,13,lifter,2,2.52,6,buggy,1,3.41,5,vehicle,1,4.52,7,trolley,1,3.82,7,NA,NA,NA,NA,NA,NA,NA,NA,NA,NA,NA,NA,NA,NA,NA,NA,NA,NA,NA,NA,NA,NA,NA,NA,NA,NA,NA,NA,NA,NA,NA,NA,NA,NA,NA,NA,NA,NA,NA,NA
270,forklift,forklift_2.png,62.5,1.962704706,0.654234902,1067.351613,445.5134,156.8296,89.70645152,0,forklift,2.89,2.988266544,8,8.555555556,20,forklift truck,3,2.481065561,13,machinery,2,3.88,9,tractor,2,3.84,7,lifter,2,2.52,6,lift,1,4.75,4,vehicle,1,7,4.52,tool,1,4,4.07,NA,NA,NA,NA,NA,NA,NA,NA,NA,NA,NA,NA,NA,NA,NA,NA,NA,NA,NA,NA,NA,NA,NA,NA,NA,NA,NA,NA,NA,NA,NA,NA
271,forklift,forklift_3.png,71.875,1.623689844,0.541229948,1330.370968,607.87848,213.98534,87.45483871,0,forklift,2.89,3.003412264,8,8.296296296,23,forklift truck,2,2.481065561,13,machine,2,4.83,7,truck,1,4.22,5,construction vehicle,1,NA,19,vehicle,1,4.52,7,trolley,1,7,3.82,lifter,1,6,2.52,NA,NA,NA,NA,NA,NA,NA,NA,NA,NA,NA,NA,NA,NA,NA,NA,NA,NA,NA,NA,NA,NA,NA,NA,NA,NA,NA,NA,NA,NA,NA,NA
272,forklift,forklift_4.png,58.82352941,2.192211021,0.659921274,1080.15,428.04524,148.30739,97.45624997,0,forklift,2.89,3.004697351,8,8.230769231,20,tractor,4,3.84,7,forklift truck,2,2.481065561,13,vehicle,2,4.52,7,machinery,1,3.88,9,construction vehicle,1,NA,19,fork truck,1,9,1.394705731,jcb,1,3,2.78,digger,1,6,3.81,machine lifter,1,13,NA,NA,NA,NA,NA,NA,NA,NA,NA,NA,NA,NA,NA,NA,NA,NA,NA,NA,NA,NA,NA,NA,NA,NA,NA
273,fox,fox_1.png,100,0,0,922.2866667,332.32924,118.9203,92.08999997,1,fox,4.46,4.46,3,3,32,NA,NA,NA,NA,NA,NA,NA,NA,NA,NA,NA,NA,NA,NA,NA,NA,NA,NA,NA,NA,NA,NA,NA,NA,NA,NA,NA,NA,NA,NA,NA,NA,NA,NA,NA,NA,NA,NA,NA,NA,NA,NA,NA,NA,NA,NA,NA,NA,NA,NA,NA,NA,NA,NA,NA,NA,NA,NA,NA,NA
274,fox,fox_2.png,90.625,0.534954723,0.337518852,833.6375,236.1504,81.82044,93.56875,1,fox,4.46,4.411612903,3,3.193548387,29,mammal,2,3.71,6,pine tree,1,2.45916372,8,NA,NA,NA,NA,NA,NA,NA,NA,NA,NA,NA,NA,NA,NA,NA,NA,NA,NA,NA,NA,NA,NA,NA,NA,NA,NA,NA,NA,NA,NA,NA,NA,NA,NA,NA,NA,NA,NA,NA,NA,NA,NA,NA,NA,NA,NA,NA,NA,NA,NA,NA,NA
275,fox,fox_3.png,93.93939394,0.390452131,0.246347867,882.569697,301.78929,102.96626,94.67575759,1,fox,4.46,4.46,3,3,31,mammal,1,3.71,6,animal,1,4.93,6,NA,NA,NA,NA,NA,NA,NA,NA,NA,NA,NA,NA,NA,NA,NA,NA,NA,NA,NA,NA,NA,NA,NA,NA,NA,NA,NA,NA,NA,NA,NA,NA,NA,NA,NA,NA,NA,NA,NA,NA,NA,NA,NA,NA,NA,NA,NA,NA,NA,NA,NA,NA
276,fox,fox_4.png,96.96969697,0.195909271,0.195909271,992.2967742,557.35195,196.199,93.45483864,1,fox,4.46,4.46,3,3,32,mammal,1,3.71,6,NA,NA,NA,NA,NA,NA,NA,NA,NA,NA,NA,NA,NA,NA,NA,NA,NA,NA,NA,NA,NA,NA,NA,NA,NA,NA,NA,NA,NA,NA,NA,NA,NA,NA,NA,NA,NA,NA,NA,NA,NA,NA,NA,NA,NA,NA,NA,NA,NA,NA,NA,NA,NA,NA,NA,NA
277,frog,frog_1.png,84.375,0.92556367,0.398618576,879.0322581,438.50264,154.36166,87.63870967,1,frog,4.05,4.024285714,4,4,27,toad,2,3.69,4,reptile,1,3.36,7,amphibian,1,2.78,9,tree frog,1,2.376976964,8,NA,NA,NA,NA,NA,NA,NA,NA,NA,NA,NA,NA,NA,NA,NA,NA,NA,NA,NA,NA,NA,NA,NA,NA,NA,NA,NA,NA,NA,NA,NA,NA,NA,NA,NA,NA,NA,NA,NA,NA,NA,NA,NA,NA
278,frog,frog_2.png,84.375,0.73806367,0.465666329,1047.978125,778.07893,269.58565,96.9625,1,frog,4.05,4.003548387,4,4,27,toad,4,3.69,4,reptile,1,3.36,7,NA,NA,NA,NA,NA,NA,NA,NA,NA,NA,NA,NA,NA,NA,NA,NA,NA,NA,NA,NA,NA,NA,NA,NA,NA,NA,NA,NA,NA,NA,NA,NA,NA,NA,NA,NA,NA,NA,NA,NA,NA,NA,NA,NA,NA,NA,NA,NA,NA,NA,NA,NA
279,frog,frog_3.png,71.875,1.533489053,0.511163018,1371.053333,1090.91564,390.37198,89.32999999,1,frog,4.05,3.916158157,4,4.32,23,tree frog,2,2.376976964,8,animal,1,4.93,6,lily pad,1,2.466587738,7,lizard,1,3.73,6,reptile,1,3.36,7,amphibian,1,9,2.78,gecko,1,5,NA,NA,NA,NA,NA,NA,NA,NA,NA,NA,NA,NA,NA,NA,NA,NA,NA,NA,NA,NA,NA,NA,NA,NA,NA,NA,NA,NA,NA,NA,NA,NA,NA
280,frog,frog_4.png,78.125,0.887306883,0.559828313,1192.263333,488.738,174.88944,90.15999998,1,frog,4.05,3.975517241,4,4,25,toad,6,3.69,4,amphibian,1,2.78,9,NA,NA,NA,NA,NA,NA,NA,NA,NA,NA,NA,NA,NA,NA,NA,NA,NA,NA,NA,NA,NA,NA,NA,NA,NA,NA,NA,NA,NA,NA,NA,NA,NA,NA,NA,NA,NA,NA,NA,NA,NA,NA,NA,NA,NA,NA,NA,NA,NA,NA,NA,NA
281,frogfish,frogfish_1.png,82.35294118,0.965426307,0.373477877,1340.85,562.136,194.76661,96.73437497,1,fish,5.19,5.19,4,4,28,pond,1,4.2,4,fossil,1,3.73,6,coral,1,3.86,5,seaweed,1,3.83,7,stonefish,1,2.19,9,NA,NA,NA,NA,NA,NA,NA,NA,NA,NA,NA,NA,NA,NA,NA,NA,NA,NA,NA,NA,NA,NA,NA,NA,NA,NA,NA,NA,NA,NA,NA,NA,NA,NA,NA,NA,NA,NA,NA,NA
282,frogfish,frogfish_2.png,34.375,3.191399282,0.890218317,1566.957143,947.12341,496.12447,104.4928571,1,cheese,4.81,4.4775,6,4.75,1,fish,5,5.19,4,coral,5,3.86,5,fungus,2,3.48,6,plant,1,4.81,5,flower,1,4.5,6,sea urchin,1,9,2.729159482,sweet on a carpet,1,14,NA,frogfish,1,8,1.9,leaf,1,4,NA,stonefish,1,9,NA,sea sponge,1,9,1.649978236,NA,NA,NA,NA,NA,NA,NA,NA,NA,NA,NA,NA,NA,NA,NA,NA
283,frogfish,frogfish_3.png,51.61290323,1.810081021,0.644763869,1686.976923,689.86079,265.16908,105.4423078,1,fish,5.19,4.81,4,4.285714286,16,coral,6,3.86,5,sea,1,5.2,3,sea creature,1,2.576549318,11,seaweed,1,3.83,7,plant,1,4.81,5,stonefish,1,9,2.19,NA,NA,NA,NA,NA,NA,NA,NA,NA,NA,NA,NA,NA,NA,NA,NA,NA,NA,NA,NA,NA,NA,NA,NA,NA,NA,NA,NA,NA,NA,NA,NA,NA,NA,NA,NA
284,frogfish,frogfish_4.png,96.96969697,0.195909271,0.195909271,1219.106061,598.70662,204.27028,95.16363632,1,fish,5.19,5.19,4,4,32,sea creature,1,2.576549318,11,NA,NA,NA,NA,NA,NA,NA,NA,NA,NA,NA,NA,NA,NA,NA,NA,NA,NA,NA,NA,NA,NA,NA,NA,NA,NA,NA,NA,NA,NA,NA,NA,NA,NA,NA,NA,NA,NA,NA,NA,NA,NA,NA,NA,NA,NA,NA,NA,NA,NA,NA,NA,NA,NA,NA,NA
285,frying pan,frying pan_1.png,48.48484848,1.329140818,0.664570409,960.016129,603.66978,212.50379,98.10967739,0,pan,4.6,3.965609737,3,6,16,frying pan,15,3.331219473,9,skillet,1,NA,7,cooking,1,4.94,7,NA,NA,NA,NA,NA,NA,NA,NA,NA,NA,NA,NA,NA,NA,NA,NA,NA,NA,NA,NA,NA,NA,NA,NA,NA,NA,NA,NA,NA,NA,NA,NA,NA,NA,NA,NA,NA,NA,NA,NA,NA,NA,NA,NA,NA,NA,NA,NA
286,frying pan,frying pan_2.png,43.75,2.020102603,0.719575066,1015.740625,773.30228,267.93065,92.65625001,0,pan,4.6,3.704032609,3,6.034482759,14,frying pan,11,3.331219473,9,pancake pan,2,0.996765722,10,skillet,2,2.19,7,egg,1,4.8,3,saucepan,1,3.17,8,omlette/pancake frying pan,1,24,NA,NA,NA,NA,NA,NA,NA,NA,NA,NA,NA,NA,NA,NA,NA,NA,NA,NA,NA,NA,NA,NA,NA,NA,NA,NA,NA,NA,NA,NA,NA,NA,NA,NA,NA,NA,NA
287,frying pan,frying pan_3.png,43.75,2.020102603,0.719575066,971.6903226,454.49455,159.99114,90.34838709,0,pan,4.6,3.827264793,3,6,14,frying pan,11,3.331219473,9,saucepan,2,3.17,8,skillet,2,2.19,7,water,1,5.53,5,wok,1,3.28,3,cast iron,1,8,3.556073733,NA,NA,NA,NA,NA,NA,NA,NA,NA,NA,NA,NA,NA,NA,NA,NA,NA,NA,NA,NA,NA,NA,NA,NA,NA,NA,NA,NA,NA,NA,NA,NA,NA,NA,NA,NA
288,frying pan,frying pan_4.png,50,1.496696365,0.644592039,825.86875,629.55967,218.12729,94.90000001,0,pan,4.6,4.007902421,3,5.8,16,frying pan,14,3.331219473,9,sand,1,4.51,4,sauce pan,1,1.809679079,8,NA,NA,NA,NA,NA,NA,NA,NA,NA,NA,NA,NA,NA,NA,NA,NA,NA,NA,NA,NA,NA,NA,NA,NA,NA,NA,NA,NA,NA,NA,NA,NA,NA,NA,NA,NA,NA,NA,NA,NA,NA,NA,NA,NA,NA,NA,NA,NA
289,gecko,gecko_1.png,81.81818182,0.911607375,0.455803688,976.7965517,450.83048,164.08254,95.98275868,1,lizard,3.73,3.657777778,6,5.888888889,27,gecko,4,3.08,5,reptile,1,3.36,7,iguana,1,2.98,6,NA,NA,NA,NA,NA,NA,NA,NA,NA,NA,NA,NA,NA,NA,NA,NA,NA,NA,NA,NA,NA,NA,NA,NA,NA,NA,NA,NA,NA,NA,NA,NA,NA,NA,NA,NA,NA,NA,NA,NA,NA,NA,NA,NA,NA,NA,NA,NA
290,gecko,gecko_2.png,57.57575758,1.294994945,0.647497472,1152.74375,560.5572,194.21959,95.63750008,1,lizard,3.73,3.586774194,6,6.387096774,19,reptile,12,3.36,7,animal,1,4.93,6,newt,1,NA,4,NA,NA,NA,NA,NA,NA,NA,NA,NA,NA,NA,NA,NA,NA,NA,NA,NA,NA,NA,NA,NA,NA,NA,NA,NA,NA,NA,NA,NA,NA,NA,NA,NA,NA,NA,NA,NA,NA,NA,NA,NA,NA,NA,NA,NA,NA,NA,NA
291,gecko,gecko_3.png,56.25,1.500691471,0.750345735,1277.751724,695.93044,253.28818,107.8103448,1,lizard,3.73,3.499655172,6,5.862068966,18,gecko,8,3.08,5,reptile,4,3.36,7,newt,1,NA,4,NA,NA,NA,NA,NA,NA,NA,NA,NA,NA,NA,NA,NA,NA,NA,NA,NA,NA,NA,NA,NA,NA,NA,NA,NA,NA,NA,NA,NA,NA,NA,NA,NA,NA,NA,NA,NA,NA,NA,NA,NA,NA,NA,NA,NA,NA,NA,NA
292,gecko,gecko_4.png,75,1.13597686,0.56798843,1229.383871,638.32235,224.70218,87.76129032,1,lizard,3.73,3.601290323,6,5.903225806,24,gecko,5,3.08,5,reptile,2,3.36,7,animal,1,NA,6,NA,NA,NA,NA,NA,NA,NA,NA,NA,NA,NA,NA,NA,NA,NA,NA,NA,NA,NA,NA,NA,NA,NA,NA,NA,NA,NA,NA,NA,NA,NA,NA,NA,NA,NA,NA,NA,NA,NA,NA,NA,NA,NA,NA,NA,NA,NA,NA
293,glass,glass_1.png,81.81818182,1.032819496,0.444811146,885.9969697,362.57434,123.70527,91.99696979,0,glass,4.92,4.790967742,5,5,27,cup,2,5.09,3,tumbler,2,2.75,7,container,1,3.77,9,water,1,5.53,5,NA,NA,NA,NA,NA,NA,NA,NA,NA,NA,NA,NA,NA,NA,NA,NA,NA,NA,NA,NA,NA,NA,NA,NA,NA,NA,NA,NA,NA,NA,NA,NA,NA,NA,NA,NA,NA,NA,NA,NA,NA,NA,NA,NA
294,glass,glass_2.png,90.625,0.534954723,0.337518852,938.4875,415.53906,143.97429,97.784375,0,glass,4.92,4.959354839,5,5,29,water,2,5.53,5,container,1,3.77,9,NA,NA,NA,NA,NA,NA,NA,NA,NA,NA,NA,NA,NA,NA,NA,NA,NA,NA,NA,NA,NA,NA,NA,NA,NA,NA,NA,NA,NA,NA,NA,NA,NA,NA,NA,NA,NA,NA,NA,NA,NA,NA,NA,NA,NA,NA,NA,NA,NA,NA,NA,NA
295,glass,glass_3.png,87.87878788,0.775259305,0.333886009,859.5656251,317.0521,109.85092,91.11562499,0,glass,4.92,4.92,5,5,29,container,1,3.77,9,glass tumbler,1,1.394705731,12,tumbler,1,2.75,7,cup,1,5.09,3,NA,NA,NA,NA,NA,NA,NA,NA,NA,NA,NA,NA,NA,NA,NA,NA,NA,NA,NA,NA,NA,NA,NA,NA,NA,NA,NA,NA,NA,NA,NA,NA,NA,NA,NA,NA,NA,NA,NA,NA,NA,NA,NA,NA
296,glass,glass_4.png,81.25,0.930892729,0.465446365,933.55625,481.84627,166.94815,87.55312503,0,glass,4.92,4.942666667,5,4.733333333,26,cup,4,5.09,3,container,1,3.77,9,water,1,5.53,5,NA,NA,NA,NA,NA,NA,NA,NA,NA,NA,NA,NA,NA,NA,NA,NA,NA,NA,NA,NA,NA,NA,NA,NA,NA,NA,NA,NA,NA,NA,NA,NA,NA,NA,NA,NA,NA,NA,NA,NA,NA,NA,NA,NA,NA,NA,NA,NA
297,glider,glider_1.png,47.05882353,1.881005488,0.670027674,1144.782353,619.76426,208.32201,96.53235296,0,plane,4.58,3.999333333,5,5.266666667,16,glider,12,3.19,6,jet,2,4.21,3,fly,1,4.9,3,clouds,1,4.23,6,aircraft,1,4.44,8,aeroplane,1,9,3.86,NA,NA,NA,NA,NA,NA,NA,NA,NA,NA,NA,NA,NA,NA,NA,NA,NA,NA,NA,NA,NA,NA,NA,NA,NA,NA,NA,NA,NA,NA,NA,NA,NA,NA,NA,NA
298,glider,glider_2.png,53.125,1.26273173,0.796695019,1090.916129,716.46633,252.21042,106.4419355,0,plane,4.58,3.949677419,5,5.580645161,17,glider,13,3.19,6,airplane,2,3.15,8,NA,NA,NA,NA,NA,NA,NA,NA,NA,NA,NA,NA,NA,NA,NA,NA,NA,NA,NA,NA,NA,NA,NA,NA,NA,NA,NA,NA,NA,NA,NA,NA,NA,NA,NA,NA,NA,NA,NA,NA,NA,NA,NA,NA,NA,NA,NA,NA,NA,NA,NA,NA
299,glider,glider_3.png,43.75,1.927421284,0.686561314,1081.719355,570.7327,200.90929,92.25806455,0,plane,4.58,3.882142857,5,5.642857143,14,glider,12,3.19,6,airplane,2,3.15,8,drone,1,3.34,5,sky,1,4.79,3,aircraft,1,4.44,8,NA,NA,NA,NA,NA,NA,NA,NA,NA,NA,NA,NA,NA,NA,NA,NA,NA,NA,NA,NA,NA,NA,NA,NA,NA,NA,NA,NA,NA,NA,NA,NA,NA,NA,NA,NA,NA,NA,NA,NA
300,glider,glider_4.png,57.57575758,1.591972795,0.615859145,1314.371875,768.39781,266.23136,89.35937496,0,plane,4.58,4.133214286,5,5.321428571,19,glider,10,3.19,6,airplane,1,3.15,8,sky,1,4.79,3,toy plane,1,2.057463562,8,jet,1,4.21,3,NA,NA,NA,NA,NA,NA,NA,NA,NA,NA,NA,NA,NA,NA,NA,NA,NA,NA,NA,NA,NA,NA,NA,NA,NA,NA,NA,NA,NA,NA,NA,NA,NA,NA,NA,NA,NA,NA,NA,NA
301,goblet,goblet_1.png,37.5,2.514097656,0.756818806,1171.622581,827.34891,291.2433,90.5096774,0,goblet,3.22,3.877916667,6,5.041666667,12,cup,9,5.09,3,chalice,4,2.96,7,trophy,1,4.37,6,wine,1,4.84,4,wine glass,1,2.716925025,9,container,1,9,3.77,vase,1,4,4.27,glass,1,5,4.92,ornament,1,8,3.26,NA,NA,NA,NA,NA,NA,NA,NA,NA,NA,NA,NA,NA,NA,NA,NA,NA,NA,NA,NA,NA,NA,NA,NA
302,goblet,goblet_2.png,37.5,2.494349704,0.786879722,1077.782759,760.39493,276.75043,87.32758612,0,goblet,3.22,3.900434783,6,4.826086957,12,cup,7,5.09,3,vase,6,4.27,4,chalice,2,2.96,7,trophy,1,4.37,6,glass,1,4.92,5,ornament,1,8,3.26,container,1,9,3.77,vessel,1,6,3.93,NA,NA,NA,NA,NA,NA,NA,NA,NA,NA,NA,NA,NA,NA,NA,NA,NA,NA,NA,NA,NA,NA,NA,NA,NA,NA,NA,NA
303,goblet,goblet_3.png,43.75,1.778831049,0.766100834,1005.851613,450.00767,158.41167,93.25806452,0,goblet,3.22,3.966896552,6,4.862068966,14,cup,12,5.09,3,chalice,3,2.96,7,glass,2,4.92,5,silver,1,5.01,6,NA,NA,NA,NA,NA,NA,NA,NA,NA,NA,NA,NA,NA,NA,NA,NA,NA,NA,NA,NA,NA,NA,NA,NA,NA,NA,NA,NA,NA,NA,NA,NA,NA,NA,NA,NA,NA,NA,NA,NA,NA,NA,NA,NA
304,goblet,goblet_4.png,40.625,2.245016746,0.708223931,1018.275862,623.06815,226.7695,102.237931,0,cup,5.09,4.133333333,3,4.583333333,13,goblet,11,3.22,6,chalice,2,2.96,7,candle holder,1,2.075946968,12,glass,1,4.92,5,container,1,3.77,9,vase,1,4,NA,gld,1,3,1.47,gold chalice,1,11,0.996765722,NA,NA,NA,NA,NA,NA,NA,NA,NA,NA,NA,NA,NA,NA,NA,NA,NA,NA,NA,NA,NA,NA,NA,NA,NA,NA,NA,NA
305,gondola,gondola_1.png,46.875,1.993343768,0.771130633,1028.30625,432.67018,149.90981,91.38750002,0,boat,4.89,4.103666667,4,4.966666667,15,gondola,8,2.84,7,canoe,5,3.5,5,ship,2,4.77,4,row boat,1,1.951008231,7,viking canoe,1,NA,11,NA,NA,NA,NA,NA,NA,NA,NA,NA,NA,NA,NA,NA,NA,NA,NA,NA,NA,NA,NA,NA,NA,NA,NA,NA,NA,NA,NA,NA,NA,NA,NA,NA,NA,NA,NA,NA,NA,NA,NA
306,gondola,gondola_2.png,57.57575758,1.234388884,0.778812674,1210.577419,701.20085,246.83667,92.86774198,0,boat,4.89,4.006774194,4,5.225806452,19,gondola,12,2.84,7,canoe,2,3.5,5,NA,NA,NA,NA,NA,NA,NA,NA,NA,NA,NA,NA,NA,NA,NA,NA,NA,NA,NA,NA,NA,NA,NA,NA,NA,NA,NA,NA,NA,NA,NA,NA,NA,NA,NA,NA,NA,NA,NA,NA,NA,NA,NA,NA,NA,NA,NA,NA,NA,NA,NA,NA
307,gondola,gondola_3.png,56.25,1.354584212,0.854647483,1023.063333,516.63571,184.87232,91.69333337,0,boat,4.89,4.089666667,4,5.033333333,18,gondola,9,2.84,7,canoe,4,3.5,5,NA,NA,NA,NA,NA,NA,NA,NA,NA,NA,NA,NA,NA,NA,NA,NA,NA,NA,NA,NA,NA,NA,NA,NA,NA,NA,NA,NA,NA,NA,NA,NA,NA,NA,NA,NA,NA,NA,NA,NA,NA,NA,NA,NA,NA,NA,NA,NA,NA,NA,NA,NA
308,gondola,gondola_4.png,37.5,2.061278124,0.734242083,1582.17,785.75916,281.17514,92.56333331,0,boat,4.89,3.887692308,4,5.307692308,12,gondola,12,2.84,7,canoe,4,3.5,5,paddle boat,1,1.297795718,10,canal boat,1,2.376976964,9,rowing boat,1,2.704335898,10,water,1,5,5.53,NA,NA,NA,NA,NA,NA,NA,NA,NA,NA,NA,NA,NA,NA,NA,NA,NA,NA,NA,NA,NA,NA,NA,NA,NA,NA,NA,NA,NA,NA,NA,NA,NA,NA,NA,NA
309,goose,goose_1.png,62.5,1.622186051,0.627547228,939.8870968,436.20289,153.5521,89.23870966,1,goose,4.03,4.133571429,5,4.714285714,20,duck,7,4.53,4,swan,2,3.98,4,egg,1,4.8,3,duck pond,1,2.774916972,8,bird,1,4.85,4,NA,NA,NA,NA,NA,NA,NA,NA,NA,NA,NA,NA,NA,NA,NA,NA,NA,NA,NA,NA,NA,NA,NA,NA,NA,NA,NA,NA,NA,NA,NA,NA,NA,NA,NA,NA,NA,NA,NA,NA
310,goose,goose_2.png,64.51612903,1.327145927,0.663572963,1047.937931,694.55938,252.78918,97.03793102,1,goose,4.03,4.164482759,5,4.655172414,20,duck,8,4.53,4,swan,2,3.98,4,NA,NA,NA,NA,NA,NA,NA,NA,NA,NA,NA,NA,NA,NA,NA,NA,NA,NA,NA,NA,NA,NA,NA,NA,NA,NA,NA,NA,NA,NA,NA,NA,NA,NA,NA,NA,NA,NA,NA,NA,NA,NA,NA,NA,NA,NA,NA,NA,NA,NA,NA,NA
311,goose,goose_3.png,62.5,1.298794941,0.819448372,1074.825,700.22593,242.61145,102.10625,1,duck,4.53,4.445,4,4.25,20,goose,8,4.03,5,bird,4,4.85,4,NA,NA,NA,NA,NA,NA,NA,NA,NA,NA,NA,NA,NA,NA,NA,NA,NA,NA,NA,NA,NA,NA,NA,NA,NA,NA,NA,NA,NA,NA,NA,NA,NA,NA,NA,NA,NA,NA,NA,NA,NA,NA,NA,NA,NA,NA,NA,NA,NA,NA,NA,NA
312,goose,goose_4.png,54.54545455,1.553557286,0.776778643,1052.1375,921.71196,319.35103,101.6187501,1,duck,4.53,4.436451613,4,4.290322581,18,goose,9,4.03,5,bird,5,4.85,4,greylag goose,1,1.473886977,12,NA,NA,NA,NA,NA,NA,NA,NA,NA,NA,NA,NA,NA,NA,NA,NA,NA,NA,NA,NA,NA,NA,NA,NA,NA,NA,NA,NA,NA,NA,NA,NA,NA,NA,NA,NA,NA,NA,NA,NA,NA,NA,NA,NA,NA,NA,NA,NA
313,grasshopper,grasshopper_1.png,27.27272727,2.255826952,0.872672989,1013.025806,347.75204,122.41564,95.45483862,1,grasshopper,2.91,3.608666667,11,7.533333333,9,insect,9,3.85,6,cricket,8,4.45,7,locust,3,2.71,6,bug,2,4.07,3,cockroach,1,3.07,9,NA,NA,NA,NA,NA,NA,NA,NA,NA,NA,NA,NA,NA,NA,NA,NA,NA,NA,NA,NA,NA,NA,NA,NA,NA,NA,NA,NA,NA,NA,NA,NA,NA,NA,NA,NA,NA,NA,NA,NA
314,grasshopper,grasshopper_2.png,42.42424242,2.008126789,0.864853134,1320.021875,949.41865,328.95073,89.90625001,1,grasshopper,2.91,3.46875,11,8,14,insect,9,3.85,6,cricket,5,4.45,7,locust,3,2.71,6,bug,2,4.07,3,NA,NA,NA,NA,NA,NA,NA,NA,NA,NA,NA,NA,NA,NA,NA,NA,NA,NA,NA,NA,NA,NA,NA,NA,NA,NA,NA,NA,NA,NA,NA,NA,NA,NA,NA,NA,NA,NA,NA,NA,NA,NA,NA,NA
315,grasshopper,grasshopper_3.png,39.39393939,2.386374218,0.795458073,1468.032143,746.53533,276.51548,91.11785712,1,insect,3.85,3.738,6,6.08,13,bug,6,4.07,3,grasshopper,4,2.91,11,locust,2,2.71,6,cricket,2,4.45,7,moth,1,3.64,4,reptile,1,7,3.36,lizard,1,6,3.73,NA,NA,NA,NA,NA,NA,NA,NA,NA,NA,NA,NA,NA,NA,NA,NA,NA,NA,NA,NA,NA,NA,NA,NA,NA,NA,NA,NA,NA,NA,NA,NA
316,grasshopper,grasshopper_4.png,40.625,1.991046069,0.770241761,1484.048387,985.41789,346.88673,88.94193545,1,grasshopper,2.91,3.606428571,11,8.642857143,13,cricket,9,4.45,7,insect,7,3.85,6,bug,1,4.07,3,locust,1,2.71,6,stick insect,1,2.609549579,11,NA,NA,NA,NA,NA,NA,NA,NA,NA,NA,NA,NA,NA,NA,NA,NA,NA,NA,NA,NA,NA,NA,NA,NA,NA,NA,NA,NA,NA,NA,NA,NA,NA,NA,NA,NA,NA,NA,NA,NA
317,grinder,grinder_1.png,30.3030303,3.079228963,0.832125152,1678.175,730.59035,320.18946,95.56000001,0,saw,5.4,4.577333333,3,4.066666667,10,tool,5,4.07,4,grinder,3,3.06,7,angle grinder,2,2.18709742,12,circular saw,1,NA,11,diy,1,3.91,3,power saw,1,8,1.951008231,gun,1,3,4.6,wheels,1,6,NA,saw grinder,1,10,NA,dt,1,2,NA,sander,1,6,NA,engine,1,6,NA,NA,NA,NA,NA,NA,NA,NA,NA,NA,NA,NA,NA
318,grinder,grinder_2.png,28.125,2.687784548,0.847901621,1354.67037,627.84297,236.81938,94.17407407,0,saw,5.4,4.018751837,3,5.260869565,9,tool,7,4.07,4,grinder,4,3.06,7,angle grinder,3,2.18709742,12,sander,2,2.5,6,power saw,1,1.951008231,8,drill,1,5,3.96,cutter,1,6,3.47,hand saw,1,7,1.540833766,NA,NA,NA,NA,NA,NA,NA,NA,NA,NA,NA,NA,NA,NA,NA,NA,NA,NA,NA,NA,NA,NA,NA,NA,NA,NA,NA,NA
319,grinder,grinder_3.png,25,2.953243357,0.889014835,1659.871429,772.99656,330.61001,98.86666655,0,tool,4.07,3.754611401,4,6.058823529,7,saw,4,5.4,3,grinder,3,3.06,7,angle grinder,3,2.18709742,12,circular saw,2,2.12709949,11,power saw,1,1.951008231,8,drill,1,5,3.96,planer,1,6,2.06,glass,1,5,4.92,blue,1,4,NA,NA,NA,NA,NA,NA,NA,NA,NA,NA,NA,NA,NA,NA,NA,NA,NA,NA,NA,NA,NA,NA,NA,NA,NA
320,grinder,grinder_4.png,25,3.050339858,0.881745961,1475.334483,611.09096,222.41033,96.54827574,0,angle grinder,2.18709742,3.049627339,12,7.769230769,8,tool,6,4.07,4,sander,4,2.5,6,saw,3,5.4,3,grinder,3,3.06,7,electric sander,2,0.996765722,14,power saw,1,8,1.951008231,circular saw,1,11,2.12709949,power drill,1,10,1.951008231,diy machine,1,10,NA,power tool,1,9,NA,NA,NA,NA,NA,NA,NA,NA,NA,NA,NA,NA,NA,NA,NA,NA,NA,NA,NA,NA,NA
321,hardtop,hardtop_1.png,90.90909091,0.583584487,0.291792243,967.4709678,635.96404,223.87201,91.12903225,0,car,5.44,5.44,3,3,30,bentley,1,NA,7,retro car,1,1.172856981,8,chevy deville,1,NA,12,NA,NA,NA,NA,NA,NA,NA,NA,NA,NA,NA,NA,NA,NA,NA,NA,NA,NA,NA,NA,NA,NA,NA,NA,NA,NA,NA,NA,NA,NA,NA,NA,NA,NA,NA,NA,NA,NA,NA,NA,NA,NA,NA,NA,NA,NA,NA,NA
322,hardtop,hardtop_2.png,87.5,0.793564443,0.341769603,860.4322581,436.00306,153.48176,94.35806453,0,car,5.44,5.44,3,3,28,sports car,1,3.387700829,9,vintage car,1,2.553068223,10,retro car,1,1.172856981,8,muscle car,1,NA,9,NA,NA,NA,NA,NA,NA,NA,NA,NA,NA,NA,NA,NA,NA,NA,NA,NA,NA,NA,NA,NA,NA,NA,NA,NA,NA,NA,NA,NA,NA,NA,NA,NA,NA,NA,NA,NA,NA,NA,NA,NA,NA,NA,NA
323,hardtop,hardtop_3.png,93.75,0.399790067,0.252239448,1157.24375,925.13858,320.53828,92.73750001,0,car,5.44,5.44,3,3,30,vehicle,1,4.52,7,vintage car,1,2.553068223,10,NA,NA,NA,NA,NA,NA,NA,NA,NA,NA,NA,NA,NA,NA,NA,NA,NA,NA,NA,NA,NA,NA,NA,NA,NA,NA,NA,NA,NA,NA,NA,NA,NA,NA,NA,NA,NA,NA,NA,NA,NA,NA,NA,NA,NA,NA,NA,NA,NA,NA,NA,NA
324,hardtop,hardtop_4.png,87.09677419,0.74832655,0.374163275,1053.283871,813.93861,286.52261,95.3774194,0,car,5.44,5.273667185,3,3.482758621,27,classic car,2,3.028174186,10,vintage car,1,2.553068223,10,caddilac car,1,NA,11,NA,NA,NA,NA,NA,NA,NA,NA,NA,NA,NA,NA,NA,NA,NA,NA,NA,NA,NA,NA,NA,NA,NA,NA,NA,NA,NA,NA,NA,NA,NA,NA,NA,NA,NA,NA,NA,NA,NA,NA,NA,NA,NA,NA,NA,NA,NA,NA
325,harvester,harvester_1.png,25,2.99436123,0.865564509,1401.557692,877.21504,337.18441,99.53846155,0,harvester,3.15,3.704183047,9,8.238095238,8,tractor,8,3.84,7,combine harvester,3,2.868921995,16,farm,2,4.81,4,machine,2,4.83,7,thresher,2,2.39,8,snow plough,1,10,2.385931806,farm vehicle,1,11,1.297795718,digger,1,6,3.81,vehicle,1,7,4.52,farming vehicle,1,14,NA,corn harvester,1,13,NA,NA,NA,NA,NA,NA,NA,NA,NA,NA,NA,NA,NA,NA,NA,NA,NA
326,harvester,harvester_2.png,34.375,2.610630537,0.785878099,1619.317857,896.30661,331.99051,95.40714286,0,combine harvester,2.868921995,3.166279179,16,12.04545455,11,harvester,6,3.15,9,tractor,5,3.84,7,farm machine,1,1.172856981,11,thresher,1,2.39,8,digger,1,3.81,6,vehicle,1,7,4.52,farming vehicle,1,14,NA,haymaker,1,8,NA,machine,1,7,4.83,NA,NA,NA,NA,NA,NA,NA,NA,NA,NA,NA,NA,NA,NA,NA,NA,NA,NA,NA,NA,NA,NA,NA,NA
327,harvester,harvester_3.png,27.27272727,2.753439353,0.828867837,1824.5,1185.40172,464.66894,95.91200001,0,combine harvester,2.868921995,3.292177682,16,11.21052632,9,tractor,6,3.84,7,harvester,4,3.15,9,combine,2,3.9,7,machinery,1,3.88,9,farm,1,4.81,4,vehicle,1,7,4.52,farm equipment,1,13,1.737128411,farming vehicle,1,14,NA,plant,1,5,4.81,NA,NA,NA,NA,NA,NA,NA,NA,NA,NA,NA,NA,NA,NA,NA,NA,NA,NA,NA,NA,NA,NA,NA,NA
328,harvester,harvester_4.png,31.25,2.949255397,0.822673988,1458.390476,816.64061,349.27654,85.00476188,0,tractor,3.84,3.442297874,7,9.3125,10,harvester,6,3.15,9,combine harvester,4,2.868921995,16,vehicle,2,4.52,7,lorry,1,4.07,5,farm vehicle,1,1.297795718,11,machine,1,7,NA,farm,1,4,NA,mower,1,5,NA,grass cutter,1,11,1.297795718,truck,1,5,NA,thresher,1,8,2.39,NA,NA,NA,NA,NA,NA,NA,NA,NA,NA,NA,NA,NA,NA,NA,NA
329,hatbox,hatbox_1.png,53.125,2.254643866,0.711260949,1308.970968,764.09272,268.97586,96.86129029,0,box,5.12,4.328888889,3,4,17,hatbox,5,2.24,6,tub,3,3.7,3,container,2,3.77,9,case,1,5.43,4,trinket box,1,2.704335898,10,gift box,1,7,1.737128411,fancy chocolate box,1,17,NA,cushion,1,7,4.25,NA,NA,NA,NA,NA,NA,NA,NA,NA,NA,NA,NA,NA,NA,NA,NA,NA,NA,NA,NA,NA,NA,NA,NA,NA,NA,NA,NA
330,hatbox,hatbox_2.png,50,2.548394346,0.710856625,1472.892,1040.48342,407.86201,88.824,0,box,5.12,4.49,3,4.166666667,16,hatbox,3,2.24,6,container,2,3.77,9,hat tin,1,1.297795718,6,poof cushion,1,NA,11,paper,1,4.94,5,case,1,4,5.43,chair,1,5,4.66,trunk,1,5,3.93,vanity,1,6,3.46,leather box,1,10,NA,cushion,1,7,4.25,NA,NA,NA,NA,NA,NA,NA,NA,NA,NA,NA,NA,NA,NA,NA,NA
331,hatbox,hatbox_3.png,51.51515152,2.190661652,0.691076808,1646.76,1420.74995,508.3995,97.74999999,0,box,5.12,4.4376,3,3.96,17,hatbox,4,2.24,6,tub,2,3.7,3,container,2,3.77,9,chair,1,4.66,5,stool,1,3.71,5,jewellery box,1,12,3.070484072,oriental box,1,11,1.297795718,seat,1,4,4.78,NA,NA,NA,NA,NA,NA,NA,NA,NA,NA,NA,NA,NA,NA,NA,NA,NA,NA,NA,NA,NA,NA,NA,NA,NA,NA,NA,NA
332,hatbox,hatbox_4.png,25,3.017894148,0.841820283,1497.829412,1182.05361,561.90229,88.21764708,0,box,5.12,4.895,3,3,8,pot,5,4.76,3,bin,2,4.49,3,paper,1,4.94,5,container,1,3.77,9,subway,1,3.25,6,tank,1,4,4.34,jar,1,3,NA,hatbox,1,6,NA,tub,1,3,NA,cup,1,3,5.09,stump,1,5,NA,NA,NA,NA,NA,NA,NA,NA,NA,NA,NA,NA,NA,NA,NA,NA,NA
333,hatchback,hatchback_1.png,90.625,0.597454723,0.298727362,848.640625,373.49013,129.40534,87.95937503,0,car,5.44,5.44,3,3,29,vehicle,1,4.52,7,family car,1,2.835614813,9,ford fiesta,1,2.495076276,10,NA,NA,NA,NA,NA,NA,NA,NA,NA,NA,NA,NA,NA,NA,NA,NA,NA,NA,NA,NA,NA,NA,NA,NA,NA,NA,NA,NA,NA,NA,NA,NA,NA,NA,NA,NA,NA,NA,NA,NA,NA,NA,NA,NA,NA,NA,NA,NA
334,hatchback,hatchback_2.png,90.625,0.597454723,0.298727362,895.171875,445.80526,154.46081,91.07187499,0,car,5.44,5.44,3,3,29,vehicle,1,4.52,7,family car,1,2.835614813,9,vauxhall astra,1,2.297795718,13,NA,NA,NA,NA,NA,NA,NA,NA,NA,NA,NA,NA,NA,NA,NA,NA,NA,NA,NA,NA,NA,NA,NA,NA,NA,NA,NA,NA,NA,NA,NA,NA,NA,NA,NA,NA,NA,NA,NA,NA,NA,NA,NA,NA,NA,NA,NA,NA
335,hatchback,hatchback_3.png,96.96969697,0.195909271,0.195909271,881.071875,540.66366,187.32696,95.77187499,0,car,5.44,5.44,3,3,32,vehicle,1,4.52,7,NA,NA,NA,NA,NA,NA,NA,NA,NA,NA,NA,NA,NA,NA,NA,NA,NA,NA,NA,NA,NA,NA,NA,NA,NA,NA,NA,NA,NA,NA,NA,NA,NA,NA,NA,NA,NA,NA,NA,NA,NA,NA,NA,NA,NA,NA,NA,NA,NA,NA,NA,NA,NA,NA,NA,NA
336,hatchback,hatchback_4.png,88.23529412,0.61800386,0.389917023,839.8787879,451.06969,153.89863,94.94848485,0,car,5.44,5.44,3,3,30,bmw car,1,1.737128411,6,bmw,1,3.52,3,vehicle,1,NA,7,bmw 1 series,1,NA,10,NA,NA,NA,NA,NA,NA,NA,NA,NA,NA,NA,NA,NA,NA,NA,NA,NA,NA,NA,NA,NA,NA,NA,NA,NA,NA,NA,NA,NA,NA,NA,NA,NA,NA,NA,NA,NA,NA,NA,NA,NA,NA,NA,NA
337,hazel,hazel_1.png,96.875,0.200622324,0.200622324,811.959375,551.65546,191.13536,92.77812511,1,tree,4.95,4.95,4,4,31,chestnut tree,1,2.26393745,12,NA,NA,NA,NA,NA,NA,NA,NA,NA,NA,NA,NA,NA,NA,NA,NA,NA,NA,NA,NA,NA,NA,NA,NA,NA,NA,NA,NA,NA,NA,NA,NA,NA,NA,NA,NA,NA,NA,NA,NA,NA,NA,NA,NA,NA,NA,NA,NA,NA,NA,NA,NA,NA,NA,NA,NA
338,hazel,hazel_2.png,94.11764706,0.381580488,0.240750483,910.7636364,461.81503,157.56479,88.98484847,1,tree,4.95,4.95,4,4,32,bush,1,4.29,4,oak tree,1,NA,7,NA,NA,NA,NA,NA,NA,NA,NA,NA,NA,NA,NA,NA,NA,NA,NA,NA,NA,NA,NA,NA,NA,NA,NA,NA,NA,NA,NA,NA,NA,NA,NA,NA,NA,NA,NA,NA,NA,NA,NA,NA,NA,NA,NA,NA,NA,NA,NA,NA,NA,NA,NA
339,hazel,hazel_3.png,100,0,0,908.9125,737.38134,255.48491,90.959375,1,tree,4.95,4.95,4,4,32,NA,NA,NA,NA,NA,NA,NA,NA,NA,NA,NA,NA,NA,NA,NA,NA,NA,NA,NA,NA,NA,NA,NA,NA,NA,NA,NA,NA,NA,NA,NA,NA,NA,NA,NA,NA,NA,NA,NA,NA,NA,NA,NA,NA,NA,NA,NA,NA,NA,NA,NA,NA,NA,NA,NA,NA,NA,NA,NA,NA
340,hazel,hazel_4.png,100,0,0,740.316129,389.01408,136.9407,85.94193543,1,tree,4.95,4.95,4,4,32,NA,NA,NA,NA,NA,NA,NA,NA,NA,NA,NA,NA,NA,NA,NA,NA,NA,NA,NA,NA,NA,NA,NA,NA,NA,NA,NA,NA,NA,NA,NA,NA,NA,NA,NA,NA,NA,NA,NA,NA,NA,NA,NA,NA,NA,NA,NA,NA,NA,NA,NA,NA,NA,NA,NA,NA,NA,NA,NA,NA
341,helicopter,helicopter_1.png,93.75,0.399790067,0.252239448,912.1125001,497.06502,172.22108,95.32500006,0,helicopter,4.38,4.38,10,10,30,chopper,1,3.5,7,army helicopter,1,1.737128411,14,NA,NA,NA,NA,NA,NA,NA,NA,NA,NA,NA,NA,NA,NA,NA,NA,NA,NA,NA,NA,NA,NA,NA,NA,NA,NA,NA,NA,NA,NA,NA,NA,NA,NA,NA,NA,NA,NA,NA,NA,NA,NA,NA,NA,NA,NA,NA,NA,NA,NA,NA,NA
342,helicopter,helicopter_2.png,87.87878788,0.775259305,0.333886009,885.2625,328.10078,113.67903,91.25937499,0,helicopter,4.38,4.38,10,10,29,plane,1,4.58,5,chopper,1,3.5,7,hovercraft,1,NA,10,rescue helicopter,1,2.66886358,16,NA,NA,NA,NA,NA,NA,NA,NA,NA,NA,NA,NA,NA,NA,NA,NA,NA,NA,NA,NA,NA,NA,NA,NA,NA,NA,NA,NA,NA,NA,NA,NA,NA,NA,NA,NA,NA,NA,NA,NA,NA,NA,NA,NA
343,helicopter,helicopter_3.png,93.75,0.399790067,0.252239448,957.183871,461.77162,162.55281,92.02258064,0,helicopter,4.38,4.38,10,10,30,sky,1,4.79,3,chopper,1,3.5,7,NA,NA,NA,NA,NA,NA,NA,NA,NA,NA,NA,NA,NA,NA,NA,NA,NA,NA,NA,NA,NA,NA,NA,NA,NA,NA,NA,NA,NA,NA,NA,NA,NA,NA,NA,NA,NA,NA,NA,NA,NA,NA,NA,NA,NA,NA,NA,NA,NA,NA,NA,NA
344,helicopter,helicopter_4.png,90.625,0.597454723,0.298727362,916.434375,380.78901,131.93423,82.73437499,0,helicopter,4.38,4.38,10,10,29,chopper,1,3.5,7,plane,1,4.58,5,rescue helicopter,1,2.66886358,16,NA,NA,NA,NA,NA,NA,NA,NA,NA,NA,NA,NA,NA,NA,NA,NA,NA,NA,NA,NA,NA,NA,NA,NA,NA,NA,NA,NA,NA,NA,NA,NA,NA,NA,NA,NA,NA,NA,NA,NA,NA,NA,NA,NA,NA,NA,NA,NA
345,hoover,hoover_1.png,50,1.599096206,0.799548103,1052.49,624.8646,223.60082,91.32333332,0,hoover,3.54,3.59089945,6,7.206896552,16,vacuum,10,3.86,6,vacuum cleaner,5,3.259216812,13,tool,1,4.07,4,NA,NA,NA,NA,NA,NA,NA,NA,NA,NA,NA,NA,NA,NA,NA,NA,NA,NA,NA,NA,NA,NA,NA,NA,NA,NA,NA,NA,NA,NA,NA,NA,NA,NA,NA,NA,NA,NA,NA,NA,NA,NA,NA,NA,NA,NA,NA,NA
346,hoover,hoover_2.png,61.29032258,1.349997189,0.851753394,1113.613333,695.4371,248.8544,94.98333339,0,hoover,3.54,3.537176696,6,7.4,19,vacuum,6,3.86,6,vacuum cleaner,6,3.259216812,13,NA,NA,NA,NA,NA,NA,NA,NA,NA,NA,NA,NA,NA,NA,NA,NA,NA,NA,NA,NA,NA,NA,NA,NA,NA,NA,NA,NA,NA,NA,NA,NA,NA,NA,NA,NA,NA,NA,NA,NA,NA,NA,NA,NA,NA,NA,NA,NA,NA,NA,NA,NA
347,hoover,hoover_3.png,43.75,1.768478586,0.684140906,1239.137931,531.82346,193.56043,88.03103451,0,vacuum,3.86,3.666093601,6,6.538461538,14,hoover,13,3.54,6,vacuum cleaner,2,3.259216812,13,trash bag,1,1.172856981,8,tool,1,4.07,4,dyson,1,3.03,5,NA,NA,NA,NA,NA,NA,NA,NA,NA,NA,NA,NA,NA,NA,NA,NA,NA,NA,NA,NA,NA,NA,NA,NA,NA,NA,NA,NA,NA,NA,NA,NA,NA,NA,NA,NA,NA,NA,NA,NA
348,hoover,hoover_4.png,45.16129032,2.088087468,0.743791763,1352.755555,792.94317,299.09439,93.55185174,0,hoover,3.54,3.572157079,6,7.346153846,14,vacuum,7,3.86,6,vacuum cleaner,5,3.259216812,13,diy,1,NA,3,cleaner,1,NA,7,tool,1,4.07,4,rice cooker,1,10,NA,NA,NA,NA,NA,NA,NA,NA,NA,NA,NA,NA,NA,NA,NA,NA,NA,NA,NA,NA,NA,NA,NA,NA,NA,NA,NA,NA,NA,NA,NA,NA,NA,NA,NA,NA,NA
349,horse,horse_1.png,90.625,0.534954723,0.337518852,762.9843749,254.68735,88.24305,93.69062495,1,horse,4.99,4.907419355,5,5.064516129,29,mammal,2,3.71,6,ponytail,1,2.76,8,NA,NA,NA,NA,NA,NA,NA,NA,NA,NA,NA,NA,NA,NA,NA,NA,NA,NA,NA,NA,NA,NA,NA,NA,NA,NA,NA,NA,NA,NA,NA,NA,NA,NA,NA,NA,NA,NA,NA,NA,NA,NA,NA,NA,NA,NA,NA,NA,NA,NA,NA,NA
350,horse,horse_2.png,78.125,1.121987352,0.483213651,928.2655172,431.66415,157.10683,90.22413792,1,horse,4.99,4.871153846,5,4.884615385,25,pony,4,3.96,4,animal,1,4.93,6,mammal,1,3.71,6,shetland pony,1,2.488127416,12,NA,NA,NA,NA,NA,NA,NA,NA,NA,NA,NA,NA,NA,NA,NA,NA,NA,NA,NA,NA,NA,NA,NA,NA,NA,NA,NA,NA,NA,NA,NA,NA,NA,NA,NA,NA,NA,NA,NA,NA,NA,NA,NA,NA
351,horse,horse_3.png,93.75,0.337290067,0.337290067,804.753125,282.11874,97.74736,88.95312499,1,horse,4.99,4.91,5,5.0625,30,mammal,2,3.71,6,NA,NA,NA,NA,NA,NA,NA,NA,NA,NA,NA,NA,NA,NA,NA,NA,NA,NA,NA,NA,NA,NA,NA,NA,NA,NA,NA,NA,NA,NA,NA,NA,NA,NA,NA,NA,NA,NA,NA,NA,NA,NA,NA,NA,NA,NA,NA,NA,NA,NA,NA,NA,NA,NA,NA,NA
352,horse,horse_4.png,100,0,0,1049.619355,348.57967,122.70699,91.3,1,horse,4.99,4.99,5,5,32,NA,NA,NA,NA,NA,NA,NA,NA,NA,NA,NA,NA,NA,NA,NA,NA,NA,NA,NA,NA,NA,NA,NA,NA,NA,NA,NA,NA,NA,NA,NA,NA,NA,NA,NA,NA,NA,NA,NA,NA,NA,NA,NA,NA,NA,NA,NA,NA,NA,NA,NA,NA,NA,NA,NA,NA,NA,NA,NA,NA
353,houseboat,houseboat_1.png,59.375,2.052491774,0.647489065,1186.55,972.12922,347.86558,87.99666667,0,boat,4.89,4.674,4,4.16,19,barge,5,3.6,5,ship,2,4.77,4,ferry,1,4.02,5,river,1,4.93,5,canal boat,1,2.376976964,9,house boat,1,9,1.841863762,steamboat,1,9,NA,trailer,1,7,3.68,NA,NA,NA,NA,NA,NA,NA,NA,NA,NA,NA,NA,NA,NA,NA,NA,NA,NA,NA,NA,NA,NA,NA,NA,NA,NA,NA,NA
354,houseboat,houseboat_2.png,71.875,1.47509961,0.570646425,1215.077419,916.46957,322.61555,89.60322581,0,boat,4.89,4.623793103,4,4.413793103,23,barge,3,3.6,5,ship,2,4.77,4,houseboat,2,2.44,9,longboat,1,2.2,8,riverboat,1,1.93,9,NA,NA,NA,NA,NA,NA,NA,NA,NA,NA,NA,NA,NA,NA,NA,NA,NA,NA,NA,NA,NA,NA,NA,NA,NA,NA,NA,NA,NA,NA,NA,NA,NA,NA,NA,NA,NA,NA,NA,NA
355,houseboat,houseboat_3.png,42.42424242,2.463264668,0.777073485,1414.586207,900.37801,327.69813,95.4793104,0,boat,4.89,3.932844382,4,5.692307692,14,houseboat,6,2.44,9,barge,5,3.6,5,canal boat,3,2.376976964,9,riverboat,1,1.93,9,ship,1,4.77,4,longboat,1,8,2.2,cruise boat,1,10,NA,miniature,1,9,NA,NA,NA,NA,NA,NA,NA,NA,NA,NA,NA,NA,NA,NA,NA,NA,NA,NA,NA,NA,NA,NA,NA,NA,NA,NA,NA,NA,NA
356,houseboat,houseboat_4.png,68.75,1.636960293,0.583097021,1210.329032,723.61716,254.72766,91.43225807,0,boat,4.89,4.463571429,4,4.535714286,22,barge,3,3.6,5,longboat,3,2.2,8,canal boat,1,2.376976964,9,ethnic boat,1,NA,10,narrowboat,1,2.4,10,trailer,1,7,3.68,NA,NA,NA,NA,NA,NA,NA,NA,NA,NA,NA,NA,NA,NA,NA,NA,NA,NA,NA,NA,NA,NA,NA,NA,NA,NA,NA,NA,NA,NA,NA,NA,NA,NA,NA,NA
357,hyena,hyena_1.png,75.75757576,1.283897006,0.496679161,1364.487879,857.06577,292.41879,86.91818194,1,hyena,3.2,3.43862069,5,5.137931034,25,animal,4,4.93,6,dog,1,5.17,3,dingo,1,2.49,5,fox,1,4.46,3,mammal,1,3.71,6,NA,NA,NA,NA,NA,NA,NA,NA,NA,NA,NA,NA,NA,NA,NA,NA,NA,NA,NA,NA,NA,NA,NA,NA,NA,NA,NA,NA,NA,NA,NA,NA,NA,NA,NA,NA,NA,NA,NA,NA
358,hyena,hyena_2.png,68.75,1.636960293,0.583097021,1140.896774,458.44584,161.38207,91.89354839,1,hyena,3.2,3.611111111,5,4.888888889,22,dog,3,5.17,3,animal,3,4.93,6,feline,1,2.98,6,dingo,1,2.49,5,jungle animal,1,1.598825713,12,mammal,1,6,3.71,NA,NA,NA,NA,NA,NA,NA,NA,NA,NA,NA,NA,NA,NA,NA,NA,NA,NA,NA,NA,NA,NA,NA,NA,NA,NA,NA,NA,NA,NA,NA,NA,NA,NA,NA,NA
359,hyena,hyena_3.png,53.125,1.940335819,0.691161564,1193.575,1116.74464,413.6404,93.04285708,1,hyena,3.2,3.70919412,5,5.230769231,17,animal,6,4.93,6,wild dog,2,2.659523554,7,dog,2,5.17,3,desert,1,NA,6,dingo,1,2.49,5,mammal,1,6,3.71,NA,NA,NA,NA,NA,NA,NA,NA,NA,NA,NA,NA,NA,NA,NA,NA,NA,NA,NA,NA,NA,NA,NA,NA,NA,NA,NA,NA,NA,NA,NA,NA,NA,NA,NA,NA
360,hyena,hyena_4.png,61.29032258,1.674523642,0.596477356,1449.148148,984.14944,371.21649,92.58518514,1,hyena,3.2,3.576086957,5,5.217391304,19,animal,5,4.93,6,wild cat,1,NA,7,coyote,1,2.87,6,wild dog,1,2.659523554,7,lynx,1,3.16,4,fox,1,3,4.46,NA,NA,NA,NA,NA,NA,NA,NA,NA,NA,NA,NA,NA,NA,NA,NA,NA,NA,NA,NA,NA,NA,NA,NA,NA,NA,NA,NA,NA,NA,NA,NA,NA,NA,NA,NA
361,inhaler,inhaler_1.png,81.25,0.947375902,0.408012593,958.7903225,456.24967,160.60898,92.76451607,0,inhaler,2.91,2.952857143,7,6.928571429,26,asthma,2,3.51,6,medicine,1,4.31,8,asthma pump,1,1.394705731,10,ventolin,1,1.39,8,NA,NA,NA,NA,NA,NA,NA,NA,NA,NA,NA,NA,NA,NA,NA,NA,NA,NA,NA,NA,NA,NA,NA,NA,NA,NA,NA,NA,NA,NA,NA,NA,NA,NA,NA,NA,NA,NA,NA,NA,NA,NA,NA,NA
362,inhaler,inhaler_2.png,87.5,0.793564443,0.341769603,1019.915625,564.55937,195.60625,90.91250002,0,inhaler,2.91,2.91,7,7,28,asthma,1,3.51,6,asthma pump,1,1.394705731,10,health,1,5.14,6,asthma inhaler,1,1.172856981,13,NA,NA,NA,NA,NA,NA,NA,NA,NA,NA,NA,NA,NA,NA,NA,NA,NA,NA,NA,NA,NA,NA,NA,NA,NA,NA,NA,NA,NA,NA,NA,NA,NA,NA,NA,NA,NA,NA,NA,NA,NA,NA,NA,NA
363,inhaler,inhaler_3.png,78.125,1.309487352,0.466448806,1011.0125,702.98591,243.56771,92.740625,0,inhaler,2.91,2.781322739,7,7.444444444,25,asthma inhaler,2,1.172856981,13,medicine,1,4.31,8,asthma pump,1,1.394705731,10,asthma,1,3.51,6,pipe,1,4.26,4,pump,1,4,4.11,NA,NA,NA,NA,NA,NA,NA,NA,NA,NA,NA,NA,NA,NA,NA,NA,NA,NA,NA,NA,NA,NA,NA,NA,NA,NA,NA,NA,NA,NA,NA,NA,NA,NA,NA,NA
364,inhaler,inhaler_4.png,81.25,0.947375902,0.408012593,971.2774194,566.34872,199.36603,91.65483874,0,inhaler,2.91,2.91,7,7,26,asthma,1,3.51,6,medicine,1,4.31,8,asthma pump,1,1.394705731,10,health,1,5.14,6,asthma inhaler,1,1.172856981,13,NA,NA,NA,NA,NA,NA,NA,NA,NA,NA,NA,NA,NA,NA,NA,NA,NA,NA,NA,NA,NA,NA,NA,NA,NA,NA,NA,NA,NA,NA,NA,NA,NA,NA,NA,NA,NA,NA,NA,NA
365,iron,iron_1.png,90.625,0.597454723,0.298727362,891.71875,674.88736,233.83224,91.7500001,0,iron,4.52,4.52,4,4,29,clothes,1,4.74,7,steam,1,4.39,5,tool,1,4.07,4,NA,NA,NA,NA,NA,NA,NA,NA,NA,NA,NA,NA,NA,NA,NA,NA,NA,NA,NA,NA,NA,NA,NA,NA,NA,NA,NA,NA,NA,NA,NA,NA,NA,NA,NA,NA,NA,NA,NA,NA,NA,NA,NA,NA,NA,NA,NA,NA
366,iron,iron_2.png,100,0,0,855.8451612,373.0427,131.31847,95.88064518,0,iron,4.52,4.52,4,4,32,NA,NA,NA,NA,NA,NA,NA,NA,NA,NA,NA,NA,NA,NA,NA,NA,NA,NA,NA,NA,NA,NA,NA,NA,NA,NA,NA,NA,NA,NA,NA,NA,NA,NA,NA,NA,NA,NA,NA,NA,NA,NA,NA,NA,NA,NA,NA,NA,NA,NA,NA,NA,NA,NA,NA,NA,NA,NA,NA,NA
367,iron,iron_3.png,91.17647059,0.51157797,0.322769763,807.7529412,309.86329,104.15468,102.2,0,iron,4.52,4.533333333,4,4.181818182,31,clothes,2,4.74,7,tool,1,4.07,4,NA,NA,NA,NA,NA,NA,NA,NA,NA,NA,NA,NA,NA,NA,NA,NA,NA,NA,NA,NA,NA,NA,NA,NA,NA,NA,NA,NA,NA,NA,NA,NA,NA,NA,NA,NA,NA,NA,NA,NA,NA,NA,NA,NA,NA,NA,NA,NA,NA,NA,NA,NA
368,iron,iron_4.png,94.11764706,0.381580488,0.240750483,863.4727273,334.07752,113.98255,94.01818182,0,iron,4.52,4.52,4,4,32,steam,1,4.39,5,tool,1,4.07,4,NA,NA,NA,NA,NA,NA,NA,NA,NA,NA,NA,NA,NA,NA,NA,NA,NA,NA,NA,NA,NA,NA,NA,NA,NA,NA,NA,NA,NA,NA,NA,NA,NA,NA,NA,NA,NA,NA,NA,NA,NA,NA,NA,NA,NA,NA,NA,NA,NA,NA,NA,NA
369,jar,jar_1.png,75.75757576,1.465715188,0.488571729,1045.321875,455.30402,157.7519,96.72812499,0,jar,3.96,3.820222597,3,3.384615385,25,glass jar,2,2.142893758,8,glass,1,4.92,5,kilner jar,1,1.737128411,9,money jar,1,NA,8,container,1,3.77,9,jam jar,1,6,2.614813819,glass bottle,1,11,2.473886977,NA,NA,NA,NA,NA,NA,NA,NA,NA,NA,NA,NA,NA,NA,NA,NA,NA,NA,NA,NA,NA,NA,NA,NA,NA,NA,NA,NA,NA,NA,NA,NA
370,jar,jar_2.png,81.25,1.032302495,0.444588485,907.078125,368.88968,127.81141,98.43437491,0,jar,3.96,3.772023492,3,3.517241379,26,glass jar,3,2.142893758,8,jam jar,1,2.614813819,6,glass,1,4.92,5,container,1,3.77,9,NA,NA,NA,NA,NA,NA,NA,NA,NA,NA,NA,NA,NA,NA,NA,NA,NA,NA,NA,NA,NA,NA,NA,NA,NA,NA,NA,NA,NA,NA,NA,NA,NA,NA,NA,NA,NA,NA,NA,NA,NA,NA,NA,NA
371,jar,jar_3.png,75,1.35018789,0.522323976,810.240625,356.5886,123.54937,98.7249999,0,jar,3.96,3.679252031,3,3.724137931,24,glass jar,3,2.142893758,8,jam jar,2,2.614813819,6,mason jar,1,NA,8,glass,1,4.92,5,bottle,1,4.65,6,NA,NA,NA,NA,NA,NA,NA,NA,NA,NA,NA,NA,NA,NA,NA,NA,NA,NA,NA,NA,NA,NA,NA,NA,NA,NA,NA,NA,NA,NA,NA,NA,NA,NA,NA,NA,NA,NA,NA,NA
372,jar,jar_4.png,70.58823529,1.733371664,0.546817878,1013.621212,455.39662,155.37493,96.07878785,0,jar,3.96,3.876510649,3,3.592592593,24,glass jar,2,2.142893758,8,bottle,2,4.65,6,mason jar,1,NA,8,milk,1,4.73,4,kilner jar,1,1.737128411,9,glass container,1,14,1.809679079,container,1,9,3.77,can,1,3,6.56,NA,NA,NA,NA,NA,NA,NA,NA,NA,NA,NA,NA,NA,NA,NA,NA,NA,NA,NA,NA,NA,NA,NA,NA,NA,NA,NA,NA
373,jeep,jeep_1.png,48.48484848,1.801377452,0.641663595,1085.439394,600.24605,204.79552,93.74242424,0,car,5.44,4.467142857,3,3.428571429,16,jeep,12,3.17,4,van,1,4.69,3,4x4,1,NA,3,truck,1,4.22,5,vehicle,1,4.52,7,defender,1,8,3.95,NA,NA,NA,NA,NA,NA,NA,NA,NA,NA,NA,NA,NA,NA,NA,NA,NA,NA,NA,NA,NA,NA,NA,NA,NA,NA,NA,NA,NA,NA,NA,NA,NA,NA,NA,NA
374,jeep,jeep_2.png,48.38709677,1.511968076,0.651169207,1149.134483,802.37603,292.02971,109.4896551,0,jeep,3.17,4.178888889,4,3.555555556,15,car,13,5.44,3,4x4,1,NA,3,truck,1,4.22,5,NA,NA,NA,NA,NA,NA,NA,NA,NA,NA,NA,NA,NA,NA,NA,NA,NA,NA,NA,NA,NA,NA,NA,NA,NA,NA,NA,NA,NA,NA,NA,NA,NA,NA,NA,NA,NA,NA,NA,NA,NA,NA,NA,NA,NA,NA,NA,NA
375,jeep,jeep_3.png,43.75,2.310691987,0.770230662,1014.051613,482.308,169.78203,87.94193556,0,jeep,3.17,4.083214286,4,4.321428571,14,car,8,5.44,3,truck,3,4.22,5,vehicle,2,4.52,7,defender,2,3.95,8,van,1,4.69,3,4x4,1,3,NA,landrover,1,9,1.74,NA,NA,NA,NA,NA,NA,NA,NA,NA,NA,NA,NA,NA,NA,NA,NA,NA,NA,NA,NA,NA,NA,NA,NA,NA,NA,NA,NA,NA,NA,NA,NA
376,jeep,jeep_4.png,39.39393939,2.046989524,0.791883644,1071.232258,598.24606,210.59453,88.04193548,0,jeep,3.17,4.204702537,4,4.25,13,car,11,5.44,3,truck,3,4.22,5,land rover,3,3.453890348,9,landrover,1,1.74,9,defender,1,3.95,8,land rover defender,1,17,NA,NA,NA,NA,NA,NA,NA,NA,NA,NA,NA,NA,NA,NA,NA,NA,NA,NA,NA,NA,NA,NA,NA,NA,NA,NA,NA,NA,NA,NA,NA,NA,NA,NA,NA,NA,NA
377,jellyfish,jellyfish_1.png,71.875,1.686189844,0.531933671,1340.419355,980.86981,345.28572,91.92903228,1,jellyfish,3.56,3.56,9,9,23,sea,2,5.2,3,jelly,1,4.25,5,fungus,1,3.48,6,sea creature,1,2.576549318,11,fish,1,5.19,4,sea fish,1,7,2.318985017,sea urchin,1,9,2.729159482,octopus,1,7,3.78,NA,NA,NA,NA,NA,NA,NA,NA,NA,NA,NA,NA,NA,NA,NA,NA,NA,NA,NA,NA,NA,NA,NA,NA,NA,NA,NA,NA
378,jellyfish,jellyfish_2.png,81.25,0.766509507,0.383254753,1359.488462,653.36053,251.13909,91.85000001,1,jellyfish,3.56,3.478045777,9,9.166666667,26,sea creature,2,2.576549318,11,sea urchin,1,2.729159482,9,fish,1,5.19,4,NA,NA,NA,NA,NA,NA,NA,NA,NA,NA,NA,NA,NA,NA,NA,NA,NA,NA,NA,NA,NA,NA,NA,NA,NA,NA,NA,NA,NA,NA,NA,NA,NA,NA,NA,NA,NA,NA,NA,NA,NA,NA,NA,NA,NA,NA,NA,NA
379,jellyfish,jellyfish_3.png,68.75,1.569974075,0.523324692,1389.432143,810.72424,300.29094,100.8285714,1,jellyfish,3.56,3.622727273,9,8.636363636,22,jelly,2,4.25,5,fungus,1,3.48,6,sea,1,5.2,3,urchin,1,3.06,6,fish,1,5.19,4,sea creature,1,11,2.576549318,coral,1,5,3.86,NA,NA,NA,NA,NA,NA,NA,NA,NA,NA,NA,NA,NA,NA,NA,NA,NA,NA,NA,NA,NA,NA,NA,NA,NA,NA,NA,NA,NA,NA,NA,NA
380,jellyfish,jellyfish_4.png,81.81818182,0.92556367,0.398618576,1134.482143,576.83951,213.66042,97.72142847,1,jellyfish,3.56,3.6904,9,8.6,27,fish,2,5.19,4,sea,1,5.2,3,sea creature,1,2.576549318,11,jelly,1,4.25,5,NA,NA,NA,NA,NA,NA,NA,NA,NA,NA,NA,NA,NA,NA,NA,NA,NA,NA,NA,NA,NA,NA,NA,NA,NA,NA,NA,NA,NA,NA,NA,NA,NA,NA,NA,NA,NA,NA,NA,NA,NA,NA,NA,NA
381,jet,jet_1.png,62.5,1.724903441,0.667283739,1075.89,479.58477,171.61405,100.6933333,0,plane,4.58,4.22548217,5,5.464285714,20,jet,5,4.21,3,fighter jet,3,2.367833584,10,aeroplane,2,3.86,9,concorde,1,3.27,8,jet plane,1,2.451610582,8,NA,NA,NA,NA,NA,NA,NA,NA,NA,NA,NA,NA,NA,NA,NA,NA,NA,NA,NA,NA,NA,NA,NA,NA,NA,NA,NA,NA,NA,NA,NA,NA,NA,NA,NA,NA,NA,NA,NA,NA
382,jet,jet_2.png,41.17647059,2.460904932,0.776329071,1220.067647,776.81451,261.11147,97.55882355,0,plane,4.58,4.047498437,5,5.724137931,14,jet,8,4.21,3,fighter jet,3,2.367833584,10,fighter plane,2,2.376976964,12,aeroplane,2,3.86,9,gun,1,4.6,3,ship,1,4,4.77,missile,1,7,3.66,jet fighter,1,10,2.358493558,f22 raptor,1,9,0.996765722,NA,NA,NA,NA,NA,NA,NA,NA,NA,NA,NA,NA,NA,NA,NA,NA,NA,NA,NA,NA,NA,NA,NA,NA
383,jet,jet_3.png,52.94117647,2.13811193,0.712703977,1092.114706,736.15093,247.44318,93.69411765,0,plane,4.58,4.119551953,5,5.678571429,18,jet,5,4.21,3,fighter jet,3,2.367833584,10,fighter plane,2,2.376976964,12,fly,1,4.9,3,ship,1,4.77,4,concorde,1,8,3.27,airplane,1,8,3.15,jet fighter,1,10,2.358493558,flighter jet,1,11,NA,NA,NA,NA,NA,NA,NA,NA,NA,NA,NA,NA,NA,NA,NA,NA,NA,NA,NA,NA,NA,NA,NA,NA,NA
384,jet,jet_4.png,33.33333333,2.060095146,0.796953591,1120.425806,452.72734,159.36904,97.0032258,0,plane,4.58,3.906314546,5,5.586206897,11,jet,11,4.21,3,fighter jet,5,2.367833584,10,fighter plane,2,2.376976964,12,fly,1,4.9,3,f15 eagle,1,NA,8,NA,NA,NA,NA,NA,NA,NA,NA,NA,NA,NA,NA,NA,NA,NA,NA,NA,NA,NA,NA,NA,NA,NA,NA,NA,NA,NA,NA,NA,NA,NA,NA,NA,NA,NA,NA,NA,NA,NA,NA
385,jigsaw,jigsaw_1.png,31.25,2.727217001,0.788342509,1037.56875,528.89728,183.25019,91.34375003,0,jigsaw,3.68,4.350833333,6,4.5,10,saw,8,5.4,3,tool,6,4.07,4,power saw,1,1.951008231,8,buzz saw,1,1.172856981,7,power tool,1,2.508649083,9,drill,1,5,3.96,cutter,1,6,3.47,electric jigsaw,1,14,NA,electric saw,1,11,1.737128411,hand saw,1,7,1.540833766,NA,NA,NA,NA,NA,NA,NA,NA,NA,NA,NA,NA,NA,NA,NA,NA,NA,NA,NA,NA
386,jigsaw,jigsaw_2.png,31.25,2.560993676,0.770935915,1094.251613,541.53935,190.63264,96.21290328,0,jigsaw,3.68,4.446,6,4.4,10,saw,10,5.4,3,tool,5,4.07,4,power saw,1,1.951008231,8,buzz saw,1,1.172856981,7,power tool,1,2.508649083,9,drill,1,5,3.96,cutter,1,6,NA,hacksaw,1,7,2.29,hand saw,1,7,1.540833766,NA,NA,NA,NA,NA,NA,NA,NA,NA,NA,NA,NA,NA,NA,NA,NA,NA,NA,NA,NA,NA,NA,NA,NA
387,jigsaw,jigsaw_3.png,36.36363636,2.661691377,0.769401356,1352.454545,1117.85222,381.39545,91.74848482,0,jigsaw,3.68,4.3084,6,4.64,12,saw,8,5.4,3,tool,5,4.07,4,power saw,1,1.951008231,8,drill,1,3.96,5,cutter,1,3.47,6,electric saw,1,11,1.737128411,buzz saw,1,7,1.172856981,sewing machine,1,13,3.057463562,hacksaw,1,7,2.29,hand saw,1,7,1.540833766,NA,NA,NA,NA,NA,NA,NA,NA,NA,NA,NA,NA,NA,NA,NA,NA,NA,NA,NA,NA
388,jigsaw,jigsaw_4.png,28.125,2.716917187,0.817873569,1427.196667,765.7256,274.00635,98.13666662,0,jigsaw,3.68,4.365,6,4.5,9,saw,9,5.4,3,drill,4,3.96,5,tool,4,4.07,4,power saw,1,1.951008231,8,woodwork,1,3.58,8,cutter,1,6,3.47,elecric jigsaw,1,13,NA,sewing machine,1,13,3.057463562,hand saw,1,7,1.540833766,NA,NA,NA,NA,NA,NA,NA,NA,NA,NA,NA,NA,NA,NA,NA,NA,NA,NA,NA,NA,NA,NA,NA,NA
389,kale,kale_1.png,37.5,2.590189455,0.817113797,1397.222222,679.48783,256.29958,92.32592594,1,kale,3.22,3.972083333,4,5.458333333,12,vegetable,6,4.18,9,plant,4,4.81,5,tree,3,4.95,4,cabbage,2,4.07,7,leaf,1,4.29,4,cauliflower,1,11,3.56,greens,1,6,NA,weeds,1,5,3.66,NA,NA,NA,NA,NA,NA,NA,NA,NA,NA,NA,NA,NA,NA,NA,NA,NA,NA,NA,NA,NA,NA,NA,NA,NA,NA,NA,NA
390,kale,kale_2.png,44.11764706,2.616723394,0.756402693,1378.62963,945.32615,356.57253,103.1111111,1,kale,3.22,3.635238095,4,5.333333333,15,vegetable,6,4.18,9,cabbage,2,4.07,7,plant,2,4.81,5,cauliflower,2,3.56,11,broccoli,1,3.71,8,greens,1,6,NA,lettuce,1,7,3.81,cilantro,1,8,1.7,food,1,4,5.45,herb,1,4,3.76,NA,NA,NA,NA,NA,NA,NA,NA,NA,NA,NA,NA,NA,NA,NA,NA,NA,NA,NA,NA
391,kale,kale_3.png,46.875,2.410066586,0.725502334,1382.367857,881.77001,326.60618,89.71785714,1,kale,3.22,3.71826087,4,4.695652174,15,plant,6,4.81,5,vegetable,3,4.18,9,cabbage,1,4.07,7,leaf,1,NA,4,lettuce,1,3.81,7,greens,1,6,NA,weed,1,4,3.78,cauliflower,1,11,3.56,leaves,1,6,4.81,NA,NA,NA,NA,NA,NA,NA,NA,NA,NA,NA,NA,NA,NA,NA,NA,NA,NA,NA,NA,NA,NA,NA,NA
392,kale,kale_4.png,45.45454545,2.496464564,0.787546886,1342.852,1050.57733,411.81875,92.59599999,1,kale,3.22,3.646521739,4,5.304347826,15,vegetable,4,4.18,9,cabbage,3,4.07,7,lettuce,3,3.81,7,tree,2,4.95,4,leafy greens,1,2.075946968,11,celery,1,6,NA,food,1,4,NA,parsley,1,7,NA,legume,1,6,1.93,NA,NA,NA,NA,NA,NA,NA,NA,NA,NA,NA,NA,NA,NA,NA,NA,NA,NA,NA,NA,NA,NA,NA,NA
393,kangaroo,kangaroo_1.png,96.875,0.200622324,0.200622324,851.571875,380.68154,131.897,96.05312502,1,kangaroo,3.62,3.62,8,8,31,mammal,1,3.71,6,NA,NA,NA,NA,NA,NA,NA,NA,NA,NA,NA,NA,NA,NA,NA,NA,NA,NA,NA,NA,NA,NA,NA,NA,NA,NA,NA,NA,NA,NA,NA,NA,NA,NA,NA,NA,NA,NA,NA,NA,NA,NA,NA,NA,NA,NA,NA,NA,NA,NA,NA,NA,NA,NA,NA,NA
394,kangaroo,kangaroo_2.png,85.29411765,0.943890816,0.365146812,1226.387879,615.24825,209.91405,91.29090907,1,kangaroo,3.62,3.62,8,8,29,animal,1,4.93,6,kangaroo field,1,NA,13,marsupial,1,2.69,9,mammal,1,3.71,6,wallaby,1,2.99,7,NA,NA,NA,NA,NA,NA,NA,NA,NA,NA,NA,NA,NA,NA,NA,NA,NA,NA,NA,NA,NA,NA,NA,NA,NA,NA,NA,NA,NA,NA,NA,NA,NA,NA,NA,NA,NA,NA,NA,NA
395,kangaroo,kangaroo_3.png,87.5,0.668564443,0.421817199,747.6375,262.87995,91.08158,95.43749997,1,kangaroo,3.62,3.5225,8,8,28,marsupial,2,2.69,9,wallaby,2,2.99,7,NA,NA,NA,NA,NA,NA,NA,NA,NA,NA,NA,NA,NA,NA,NA,NA,NA,NA,NA,NA,NA,NA,NA,NA,NA,NA,NA,NA,NA,NA,NA,NA,NA,NA,NA,NA,NA,NA,NA,NA,NA,NA,NA,NA,NA,NA,NA,NA,NA,NA,NA,NA
396,kangaroo,kangaroo_4.png,93.75,0.399790067,0.252239448,977.034375,617.88282,214.08155,92.04999999,1,kangaroo,3.62,3.62,8,8,30,marsupial,1,2.69,9,skippy,1,2.95,6,NA,NA,NA,NA,NA,NA,NA,NA,NA,NA,NA,NA,NA,NA,NA,NA,NA,NA,NA,NA,NA,NA,NA,NA,NA,NA,NA,NA,NA,NA,NA,NA,NA,NA,NA,NA,NA,NA,NA,NA,NA,NA,NA,NA,NA,NA,NA,NA,NA,NA,NA,NA
397,keyboard,keyboard_1.png,100,0,0,876.95625,383.53899,132.88704,83.225,0,keyboard,3.64,3.64,8,8,32,NA,NA,NA,NA,NA,NA,NA,NA,NA,NA,NA,NA,NA,NA,NA,NA,NA,NA,NA,NA,NA,NA,NA,NA,NA,NA,NA,NA,NA,NA,NA,NA,NA,NA,NA,NA,NA,NA,NA,NA,NA,NA,NA,NA,NA,NA,NA,NA,NA,NA,NA,NA,NA,NA,NA,NA,NA,NA,NA,NA
398,keyboard,keyboard_2.png,90.625,0.597454723,0.298727362,949.9709677,508.88005,179.13592,85.27096775,0,keyboard,3.64,3.64,8,8,29,electronic,1,3.84,10,monitor,1,4.07,7,tool,1,4.07,4,NA,NA,NA,NA,NA,NA,NA,NA,NA,NA,NA,NA,NA,NA,NA,NA,NA,NA,NA,NA,NA,NA,NA,NA,NA,NA,NA,NA,NA,NA,NA,NA,NA,NA,NA,NA,NA,NA,NA,NA,NA,NA,NA,NA,NA,NA,NA,NA
399,keyboard,keyboard_3.png,96.96969697,0.195909271,0.195909271,819.515625,241.1913,83.56699,89.97187499,0,keyboard,3.64,3.64,8,8,32,tool,1,4.07,4,NA,NA,NA,NA,NA,NA,NA,NA,NA,NA,NA,NA,NA,NA,NA,NA,NA,NA,NA,NA,NA,NA,NA,NA,NA,NA,NA,NA,NA,NA,NA,NA,NA,NA,NA,NA,NA,NA,NA,NA,NA,NA,NA,NA,NA,NA,NA,NA,NA,NA,NA,NA,NA,NA,NA,NA
400,keyboard,keyboard_4.png,100,0,0,922.40625,471.67779,163.42501,96.92187506,0,keyboard,3.64,3.64,8,8,32,NA,NA,NA,NA,NA,NA,NA,NA,NA,NA,NA,NA,NA,NA,NA,NA,NA,NA,NA,NA,NA,NA,NA,NA,NA,NA,NA,NA,NA,NA,NA,NA,NA,NA,NA,NA,NA,NA,NA,NA,NA,NA,NA,NA,NA,NA,NA,NA,NA,NA,NA,NA,NA,NA,NA,NA,NA,NA,NA,NA
401,kingfisher,kingfisher_1.png,59.375,1.22611342,0.773591438,1005.53871,504.5489,177.61126,96.62258065,1,bird,4.85,4.306129032,4,6,19,kingfisher,11,3.25,10,robin,2,4.42,5,NA,NA,NA,NA,NA,NA,NA,NA,NA,NA,NA,NA,NA,NA,NA,NA,NA,NA,NA,NA,NA,NA,NA,NA,NA,NA,NA,NA,NA,NA,NA,NA,NA,NA,NA,NA,NA,NA,NA,NA,NA,NA,NA,NA,NA,NA,NA,NA,NA,NA,NA,NA
402,kingfisher,kingfisher_2.png,53.125,1.639355747,0.634189373,897.016129,359.60664,126.5887,90.36451612,1,bird,4.85,4.257407407,4,6.222222222,17,kingfisher,11,3.25,10,bird feeder,1,2.515279662,10,kookaburra,1,2.92,10,thresher,1,2.39,8,parrot,1,3.84,6,NA,NA,NA,NA,NA,NA,NA,NA,NA,NA,NA,NA,NA,NA,NA,NA,NA,NA,NA,NA,NA,NA,NA,NA,NA,NA,NA,NA,NA,NA,NA,NA,NA,NA,NA,NA,NA,NA,NA,NA
403,kingfisher,kingfisher_3.png,54.54545455,1.312140593,0.656070297,1008.524242,498.46835,170.07039,92.53939401,1,bird,4.85,4.179032258,4,6.516129032,18,kingfisher,13,3.25,10,animal,1,4.93,6,woodpecker,1,3.24,10,NA,NA,NA,NA,NA,NA,NA,NA,NA,NA,NA,NA,NA,NA,NA,NA,NA,NA,NA,NA,NA,NA,NA,NA,NA,NA,NA,NA,NA,NA,NA,NA,NA,NA,NA,NA,NA,NA,NA,NA,NA,NA,NA,NA,NA,NA,NA,NA
404,kingfisher,kingfisher_4.png,50,1.810820381,0.645027234,969.359375,516.46952,178.94428,91.15937502,1,bird,4.85,4.198148148,4,6.444444444,16,kingfisher,11,3.25,10,bird feeder,1,2.515279662,10,kookaburra,1,2.92,10,thresher,1,2.39,8,woodpecker,1,3.24,10,parrot,1,6,3.84,NA,NA,NA,NA,NA,NA,NA,NA,NA,NA,NA,NA,NA,NA,NA,NA,NA,NA,NA,NA,NA,NA,NA,NA,NA,NA,NA,NA,NA,NA,NA,NA,NA,NA,NA,NA
405,kiwi,kiwi_1.png,75.75757576,1.139809506,0.569904753,1030.951613,334.69966,117.82095,86.916129,1,kiwi,3.27,3.254666667,4,4.633333333,25,fruit,4,4.73,5,kiwifruit,3,1.17,9,coconut,1,4.08,7,NA,NA,NA,NA,NA,NA,NA,NA,NA,NA,NA,NA,NA,NA,NA,NA,NA,NA,NA,NA,NA,NA,NA,NA,NA,NA,NA,NA,NA,NA,NA,NA,NA,NA,NA,NA,NA,NA,NA,NA,NA,NA,NA,NA,NA,NA,NA,NA
406,kiwi,kiwi_2.png,81.81818182,0.776973436,0.490215658,988.6645161,539.92781,190.06534,92.26451614,1,kiwi,3.27,3.275806452,4,4.419354839,27,fruit,3,4.73,5,kiwifruit,2,1.17,9,NA,NA,NA,NA,NA,NA,NA,NA,NA,NA,NA,NA,NA,NA,NA,NA,NA,NA,NA,NA,NA,NA,NA,NA,NA,NA,NA,NA,NA,NA,NA,NA,NA,NA,NA,NA,NA,NA,NA,NA,NA,NA,NA,NA,NA,NA,NA,NA,NA,NA,NA,NA
407,kiwi,kiwi_3.png,78.125,0.991251399,0.4956257,1106.067742,508.70294,179.07357,86.45806452,1,kiwi,3.27,3.276,4,4.433333333,25,fruit,3,4.73,5,kiwifruit,2,1.17,9,coconut,1,4.08,7,NA,NA,NA,NA,NA,NA,NA,NA,NA,NA,NA,NA,NA,NA,NA,NA,NA,NA,NA,NA,NA,NA,NA,NA,NA,NA,NA,NA,NA,NA,NA,NA,NA,NA,NA,NA,NA,NA,NA,NA,NA,NA,NA,NA,NA,NA,NA,NA
408,kiwi,kiwi_4.png,71.875,1.237298345,0.618649172,956.45,367.10499,127.19305,96.96250002,1,kiwi,3.27,3.072580645,4,4.903225806,23,kiwifruit,5,1.17,9,fruit,3,4.73,5,coconut,1,4.08,7,NA,NA,NA,NA,NA,NA,NA,NA,NA,NA,NA,NA,NA,NA,NA,NA,NA,NA,NA,NA,NA,NA,NA,NA,NA,NA,NA,NA,NA,NA,NA,NA,NA,NA,NA,NA,NA,NA,NA,NA,NA,NA,NA,NA,NA,NA,NA,NA
409,labrador,labrador_1.png,82.35294118,0.893170552,0.446585276,793.2242424,352.56215,120.28925,95.25757575,1,dog,5.17,4.919677419,3,3.64516129,28,labrador,4,3.23,8,dog leash,1,1.297795718,8,mammal,1,3.71,6,NA,NA,NA,NA,NA,NA,NA,NA,NA,NA,NA,NA,NA,NA,NA,NA,NA,NA,NA,NA,NA,NA,NA,NA,NA,NA,NA,NA,NA,NA,NA,NA,NA,NA,NA,NA,NA,NA,NA,NA,NA,NA,NA,NA,NA,NA,NA,NA
410,labrador,labrador_2.png,96.875,0.200622324,0.200622324,780.59375,271.44425,94.04891,102.753125,1,dog,5.17,5.17,3,3,31,black lab,1,1.695735726,8,NA,NA,NA,NA,NA,NA,NA,NA,NA,NA,NA,NA,NA,NA,NA,NA,NA,NA,NA,NA,NA,NA,NA,NA,NA,NA,NA,NA,NA,NA,NA,NA,NA,NA,NA,NA,NA,NA,NA,NA,NA,NA,NA,NA,NA,NA,NA,NA,NA,NA,NA,NA,NA,NA,NA,NA
411,labrador,labrador_3.png,81.81818182,0.911607375,0.455803688,881.8151515,575.10095,196.21636,94.56060607,1,dog,5.17,4.919677419,3,3.64516129,27,labrador,4,3.23,8,mongrel,1,2.69,7,mammal,1,3.71,6,NA,NA,NA,NA,NA,NA,NA,NA,NA,NA,NA,NA,NA,NA,NA,NA,NA,NA,NA,NA,NA,NA,NA,NA,NA,NA,NA,NA,NA,NA,NA,NA,NA,NA,NA,NA,NA,NA,NA,NA,NA,NA,NA,NA,NA,NA,NA,NA
412,labrador,labrador_4.png,84.375,0.73806367,0.465666329,818.96875,291.13007,100.86957,91.66874999,1,dog,5.17,4.919677419,3,3.64516129,27,labrador,4,3.23,8,mammal,1,3.71,6,NA,NA,NA,NA,NA,NA,NA,NA,NA,NA,NA,NA,NA,NA,NA,NA,NA,NA,NA,NA,NA,NA,NA,NA,NA,NA,NA,NA,NA,NA,NA,NA,NA,NA,NA,NA,NA,NA,NA,NA,NA,NA,NA,NA,NA,NA,NA,NA,NA,NA,NA,NA
413,lawnmower,lawnmower_1.png,42.42424242,2.51115836,0.75593399,1291.604,560.9743,219.89788,94.50800001,0,lawn mower,2.799539447,3.251700641,9,7.7,14,mower,4,3.12,5,tractor,3,3.84,7,car,2,5.44,3,machinery,1,3.88,9,speeder,1,2.24,7,farm,1,4,4.81,ride on lawnmower,1,15,NA,vehicle,1,7,4.52,quad bike,1,8,NA,NA,NA,NA,NA,NA,NA,NA,NA,NA,NA,NA,NA,NA,NA,NA,NA,NA,NA,NA,NA,NA,NA,NA,NA
414,lawnmower,lawnmower_2.png,42.42424242,2.282817474,0.813155991,1246.573333,647.64898,231.75396,100.3833333,0,lawn mower,2.799539447,3.144731841,9,7.740740741,14,mower,6,3.12,5,tractor,4,3.84,7,quad bike,2,2.857103728,8,ride on lawnmower,2,NA,15,vehicle,2,4.52,7,grassmower,1,10,NA,NA,NA,NA,NA,NA,NA,NA,NA,NA,NA,NA,NA,NA,NA,NA,NA,NA,NA,NA,NA,NA,NA,NA,NA,NA,NA,NA,NA,NA,NA,NA,NA,NA,NA,NA,NA
415,lawnmower,lawnmower_3.png,50,2.099360305,0.699786768,1372.920833,754.56425,301.88303,96.23750002,0,lawn mower,2.799539447,3.071723668,9,7.8,16,tractor,4,3.84,7,mower,4,3.12,5,buggy,1,3.41,5,grass cutter,1,NA,11,bumper cars,1,2.172856981,10,vehicle,1,7,4.52,ride on mower,1,11,NA,NA,NA,NA,NA,NA,NA,NA,NA,NA,NA,NA,NA,NA,NA,NA,NA,NA,NA,NA,NA,NA,NA,NA,NA,NA,NA,NA,NA,NA,NA,NA,NA
416,lawnmower,lawnmower_4.png,15.625,3.658234151,0.936354388,1505.018182,1080.4379,451.47797,103.0954545,0,tractor,3.84,4.134705882,7,6.529411765,5,buggy,4,3.41,5,lawn mower,3,2.799539447,9,machine,3,4.83,7,machinery,2,3.88,9,vehicle,2,4.52,7,mower,2,5,3.12,atv,1,3,NA,car,1,3,5.44,building machine,1,15,1.394705731,ride on mower,1,11,NA,digger,1,6,3.81,NA,NA,NA,NA,NA,NA,NA,NA,NA,NA,NA,NA,NA,NA,NA,NA
417,leek,leek_1.png,65.625,1.742541691,0.620705874,1275.234375,913.21563,316.40725,100.16875,1,leek,3.56,3.555957445,4,5.24137931,21,spring onion,4,3.115691475,11,onions,2,4.29,6,celery,2,3.66,6,chives,1,3.42,6,green onions,1,1.809679079,11,leaf,1,4,4.29,NA,NA,NA,NA,NA,NA,NA,NA,NA,NA,NA,NA,NA,NA,NA,NA,NA,NA,NA,NA,NA,NA,NA,NA,NA,NA,NA,NA,NA,NA,NA,NA,NA,NA,NA,NA
418,leek,leek_2.png,75,1.35018789,0.522323976,1202.954839,664.50568,233.91924,90.49032257,1,leek,3.56,3.538977962,4,4.714285714,24,celery,3,3.66,6,spring onion,2,3.115691475,11,food,1,5.45,4,vegetable,1,4.18,9,veg,1,4.12,3,NA,NA,NA,NA,NA,NA,NA,NA,NA,NA,NA,NA,NA,NA,NA,NA,NA,NA,NA,NA,NA,NA,NA,NA,NA,NA,NA,NA,NA,NA,NA,NA,NA,NA,NA,NA,NA,NA,NA,NA
419,leek,leek_3.png,63.63636364,1.836869684,0.612289895,1086.783333,526.01859,188.22988,91.22000003,1,leek,3.56,3.692,4,5.16,21,vegetable,5,4.18,9,celery,2,3.66,6,salad onion,1,0.996765722,10,leaf,1,4.29,4,herb,1,3.76,4,plant,1,5,4.81,spring onion,1,11,3.115691475,NA,NA,NA,NA,NA,NA,NA,NA,NA,NA,NA,NA,NA,NA,NA,NA,NA,NA,NA,NA,NA,NA,NA,NA,NA,NA,NA,NA,NA,NA,NA,NA
420,leek,leek_4.png,69.6969697,1.418589105,0.610953073,885.478125,314.96557,109.128,91.85624994,1,leek,3.56,3.711980095,4,5.322580645,23,vegetable,5,4.18,9,plant,2,4.81,5,spring onion,2,3.115691475,11,salad onion,1,0.996765722,10,NA,NA,NA,NA,NA,NA,NA,NA,NA,NA,NA,NA,NA,NA,NA,NA,NA,NA,NA,NA,NA,NA,NA,NA,NA,NA,NA,NA,NA,NA,NA,NA,NA,NA,NA,NA,NA,NA,NA,NA,NA,NA,NA,NA
421,lemon,lemon_1.png,100,0,0,776.515625,313.16669,108.50473,91.090625,1,lemon,4.46,4.46,5,5,32,NA,NA,NA,NA,NA,NA,NA,NA,NA,NA,NA,NA,NA,NA,NA,NA,NA,NA,NA,NA,NA,NA,NA,NA,NA,NA,NA,NA,NA,NA,NA,NA,NA,NA,NA,NA,NA,NA,NA,NA,NA,NA,NA,NA,NA,NA,NA,NA,NA,NA,NA,NA,NA,NA,NA,NA,NA,NA,NA,NA
422,lemon,lemon_2.png,90.625,0.597454723,0.298727362,729.003125,237.3621,82.24027,86.85625,1,lemon,4.46,4.46,5,5,29,juice,1,4.44,5,citrus fruit,1,2.678006959,11,fruit,1,4.73,5,NA,NA,NA,NA,NA,NA,NA,NA,NA,NA,NA,NA,NA,NA,NA,NA,NA,NA,NA,NA,NA,NA,NA,NA,NA,NA,NA,NA,NA,NA,NA,NA,NA,NA,NA,NA,NA,NA,NA,NA,NA,NA,NA,NA,NA,NA,NA,NA
423,lemon,lemon_3.png,90.90909091,0.583584487,0.291792243,835.6454545,360.37837,122.95604,87.87272717,1,lemon,4.46,4.46,5,5,30,citrus fruit,1,2.678006959,11,fruit,1,4.73,5,citric,1,2.55,6,NA,NA,NA,NA,NA,NA,NA,NA,NA,NA,NA,NA,NA,NA,NA,NA,NA,NA,NA,NA,NA,NA,NA,NA,NA,NA,NA,NA,NA,NA,NA,NA,NA,NA,NA,NA,NA,NA,NA,NA,NA,NA,NA,NA,NA,NA,NA,NA
424,lemon,lemon_4.png,87.5,0.731064443,0.365532222,733.26875,237.74923,82.37439,93.95312501,1,lemon,4.46,4.478,5,5,28,fruit,2,4.73,5,lemon juice,1,3.681611084,10,citrus fruit,1,2.678006959,11,NA,NA,NA,NA,NA,NA,NA,NA,NA,NA,NA,NA,NA,NA,NA,NA,NA,NA,NA,NA,NA,NA,NA,NA,NA,NA,NA,NA,NA,NA,NA,NA,NA,NA,NA,NA,NA,NA,NA,NA,NA,NA,NA,NA,NA,NA,NA,NA
425,lettuce,lettuce_1.png,87.5,0.547553155,0.345467577,1105.283871,595.56063,209.64921,91.28064515,1,lettuce,3.81,3.834666667,7,7.133333333,28,vegetable,2,4.18,9,romaine lettuce,1,1.540833766,14,NA,NA,NA,NA,NA,NA,NA,NA,NA,NA,NA,NA,NA,NA,NA,NA,NA,NA,NA,NA,NA,NA,NA,NA,NA,NA,NA,NA,NA,NA,NA,NA,NA,NA,NA,NA,NA,NA,NA,NA,NA,NA,NA,NA,NA,NA,NA,NA,NA,NA,NA,NA
426,lettuce,lettuce_2.png,43.75,2.629749329,0.791633429,1726.389655,963.18803,350.55823,95.6551724,1,lettuce,3.81,4.1012,7,6.56,14,vegetable,4,4.18,9,flower,3,4.5,6,leaf,2,4.29,4,salad,2,4.38,5,plant,2,4.81,5,radicchio lettuce,1,16,NA,cauliflower,1,11,3.56,food,1,4,5.45,coral,1,5,3.86,NA,NA,NA,NA,NA,NA,NA,NA,NA,NA,NA,NA,NA,NA,NA,NA,NA,NA,NA,NA,NA,NA,NA,NA
427,lettuce,lettuce_3.png,68.75,1.59589,0.568467488,1182.783871,593.28983,208.84984,94.08064518,1,lettuce,3.81,3.911428571,7,6.785714286,22,vegetable,2,4.18,9,leaf,2,4.29,4,salad,2,4.38,5,flower,1,4.5,6,leafy greens,1,2.075946968,11,cabbage,1,7,4.07,NA,NA,NA,NA,NA,NA,NA,NA,NA,NA,NA,NA,NA,NA,NA,NA,NA,NA,NA,NA,NA,NA,NA,NA,NA,NA,NA,NA,NA,NA,NA,NA,NA,NA,NA,NA
428,lettuce,lettuce_4.png,75,1.28768789,0.554576988,1289.222581,755.03416,265.78707,93.46451613,1,lettuce,3.81,3.918666667,7,7,24,cabbage,3,4.07,7,vegetable,2,4.18,9,plant,2,4.81,5,leaves,1,4.81,6,NA,NA,NA,NA,NA,NA,NA,NA,NA,NA,NA,NA,NA,NA,NA,NA,NA,NA,NA,NA,NA,NA,NA,NA,NA,NA,NA,NA,NA,NA,NA,NA,NA,NA,NA,NA,NA,NA,NA,NA,NA,NA,NA,NA
429,lighthouse,lighthouse_1.png,90.90909091,0.583584487,0.291792243,904.584375,464.34408,160.88406,86.52812504,0,lighthouse,3.77,3.77,10,10,30,light,1,5.28,5,light box,1,2.239803771,8,pier,1,3.81,4,NA,NA,NA,NA,NA,NA,NA,NA,NA,NA,NA,NA,NA,NA,NA,NA,NA,NA,NA,NA,NA,NA,NA,NA,NA,NA,NA,NA,NA,NA,NA,NA,NA,NA,NA,NA,NA,NA,NA,NA,NA,NA,NA,NA,NA,NA,NA,NA
430,lighthouse,lighthouse_2.png,90.625,0.597454723,0.298727362,996.8833333,616.04111,220.44343,88.89333337,0,lighthouse,3.77,3.77,10,10,29,light,1,5.28,5,sunset,1,NA,6,light box,1,2.239803771,8,NA,NA,NA,NA,NA,NA,NA,NA,NA,NA,NA,NA,NA,NA,NA,NA,NA,NA,NA,NA,NA,NA,NA,NA,NA,NA,NA,NA,NA,NA,NA,NA,NA,NA,NA,NA,NA,NA,NA,NA,NA,NA,NA,NA,NA,NA,NA,NA
431,lighthouse,lighthouse_3.png,93.75,0.337290067,0.337290067,1046.41875,516.93106,179.10418,83.85937498,0,lighthouse,3.77,3.815625,10,9.6875,30,tower,2,4.5,5,NA,NA,NA,NA,NA,NA,NA,NA,NA,NA,NA,NA,NA,NA,NA,NA,NA,NA,NA,NA,NA,NA,NA,NA,NA,NA,NA,NA,NA,NA,NA,NA,NA,NA,NA,NA,NA,NA,NA,NA,NA,NA,NA,NA,NA,NA,NA,NA,NA,NA,NA,NA,NA,NA,NA,NA
432,lighthouse,lighthouse_4.png,96.77419355,0.205592508,0.205592508,835.1633333,327.897,117.33428,94.17666664,0,lighthouse,3.77,3.77,10,10,30,pier,1,3.81,4,NA,NA,NA,NA,NA,NA,NA,NA,NA,NA,NA,NA,NA,NA,NA,NA,NA,NA,NA,NA,NA,NA,NA,NA,NA,NA,NA,NA,NA,NA,NA,NA,NA,NA,NA,NA,NA,NA,NA,NA,NA,NA,NA,NA,NA,NA,NA,NA,NA,NA,NA,NA,NA,NA,NA,NA
433,lily,lily_1.png,74.19354839,0.823811633,0.823811633,897.5233333,453.75306,162.37047,92.00333323,1,flower,4.5,4.441666667,6,5.533333333,23,lily,8,4.25,4,NA,NA,NA,NA,NA,NA,NA,NA,NA,NA,NA,NA,NA,NA,NA,NA,NA,NA,NA,NA,NA,NA,NA,NA,NA,NA,NA,NA,NA,NA,NA,NA,NA,NA,NA,NA,NA,NA,NA,NA,NA,NA,NA,NA,NA,NA,NA,NA,NA,NA,NA,NA,NA,NA,NA,NA
434,lily,lily_2.png,65.625,1.226000285,0.613000142,1057.74375,610.27562,211.44583,91.95312499,1,flower,4.5,4.425,6,5.4,21,lily,9,4.25,4,plant,1,4.81,5,calla lily,1,1.473886977,9,NA,NA,NA,NA,NA,NA,NA,NA,NA,NA,NA,NA,NA,NA,NA,NA,NA,NA,NA,NA,NA,NA,NA,NA,NA,NA,NA,NA,NA,NA,NA,NA,NA,NA,NA,NA,NA,NA,NA,NA,NA,NA,NA,NA,NA,NA,NA,NA
435,lily,lily_3.png,60.60606061,1.418398882,0.610871148,1121.421212,630.11622,214.98679,94.05151525,1,flower,4.5,4.416666667,6,5.333333333,20,lily,10,4.25,4,bee,1,4.19,3,orchid,1,3.31,6,plant,1,4.81,5,NA,NA,NA,NA,NA,NA,NA,NA,NA,NA,NA,NA,NA,NA,NA,NA,NA,NA,NA,NA,NA,NA,NA,NA,NA,NA,NA,NA,NA,NA,NA,NA,NA,NA,NA,NA,NA,NA,NA,NA,NA,NA,NA,NA
436,lily,lily_4.png,81.25,0.930892729,0.465446365,1088.52,768.19071,274.88846,91.64666667,1,flower,4.5,4.465517241,6,5.724137931,26,lily,4,4.25,4,orchid,1,3.31,6,plant,1,NA,5,NA,NA,NA,NA,NA,NA,NA,NA,NA,NA,NA,NA,NA,NA,NA,NA,NA,NA,NA,NA,NA,NA,NA,NA,NA,NA,NA,NA,NA,NA,NA,NA,NA,NA,NA,NA,NA,NA,NA,NA,NA,NA,NA,NA,NA,NA,NA,NA
437,limousine,limousine_1.png,54.54545455,1.690809559,0.728192041,1063.070968,725.89853,255.53074,92.7935484,0,limo,3.25,3.810666667,4,4.566666667,18,car,8,5.44,3,limousine,5,3.11,9,stretch limo,1,2.038158407,11,lincolin town car limo,1,NA,19,NA,NA,NA,NA,NA,NA,NA,NA,NA,NA,NA,NA,NA,NA,NA,NA,NA,NA,NA,NA,NA,NA,NA,NA,NA,NA,NA,NA,NA,NA,NA,NA,NA,NA,NA,NA,NA,NA,NA,NA,NA,NA,NA,NA
438,limousine,limousine_2.png,65.625,1.468951457,0.734475728,861.396875,297.71664,103.15165,92.31249998,0,limo,3.25,3.392639851,4,5.15625,21,limousine,4,3.11,9,car,4,5.44,3,stretch limo,3,2.038158407,11,NA,NA,NA,NA,NA,NA,NA,NA,NA,NA,NA,NA,NA,NA,NA,NA,NA,NA,NA,NA,NA,NA,NA,NA,NA,NA,NA,NA,NA,NA,NA,NA,NA,NA,NA,NA,NA,NA,NA,NA,NA,NA,NA,NA,NA,NA,NA,NA
439,limousine,limousine_3.png,54.83870968,1.809458623,0.699994148,1017.974193,784.10866,276.02187,98.91935496,0,car,5.44,4.440562649,3,4.24137931,17,limo,8,3.25,4,limousine,2,3.11,9,stretch limo,2,2.038158407,11,sasoon car,1,NA,9,volvo,1,2.95,5,NA,NA,NA,NA,NA,NA,NA,NA,NA,NA,NA,NA,NA,NA,NA,NA,NA,NA,NA,NA,NA,NA,NA,NA,NA,NA,NA,NA,NA,NA,NA,NA,NA,NA,NA,NA,NA,NA,NA,NA
440,limousine,limousine_4.png,47.05882353,2.013070929,0.77876214,920.9735294,430.48633,144.69982,95.97058823,0,limo,3.25,3.833827782,4,4.939393939,16,car,9,5.44,3,limousine,4,3.11,9,vehicle,2,4.52,7,stretch limo,2,2.038158407,11,lincolin town car stretch limo,1,NA,26,NA,NA,NA,NA,NA,NA,NA,NA,NA,NA,NA,NA,NA,NA,NA,NA,NA,NA,NA,NA,NA,NA,NA,NA,NA,NA,NA,NA,NA,NA,NA,NA,NA,NA,NA,NA,NA,NA,NA,NA
441,lion,lion_1.png,87.5,0.793564443,0.341769603,1048.189655,520.28331,189.36032,90.05172411,1,lioness,3.02,3.02,7,7,28,cat,1,4.83,3,wild cat,1,2.481065561,7,mammal,1,3.71,6,NA,NA,NA,NA,NA,NA,NA,NA,NA,NA,NA,NA,NA,NA,NA,NA,NA,NA,NA,NA,NA,NA,NA,NA,NA,NA,NA,NA,NA,NA,NA,NA,NA,NA,NA,NA,NA,NA,NA,NA,NA,NA,NA,NA,NA,NA,NA,NA
442,lion,lion_2.png,84.84848485,0.965426307,0.373477877,862.1757575,274.76272,93.74517,89.32121217,1,lioness,3.02,3.02,7,7,28,tiger,1,4.36,5,mammal,1,3.71,6,leopard,1,3.8,7,feline,1,2.98,6,animal,1,4.93,6,NA,NA,NA,NA,NA,NA,NA,NA,NA,NA,NA,NA,NA,NA,NA,NA,NA,NA,NA,NA,NA,NA,NA,NA,NA,NA,NA,NA,NA,NA,NA,NA,NA,NA,NA,NA,NA,NA,NA,NA
443,lion,lion_3.png,93.75,0.337290067,0.337290067,838.1875,286.95294,99.4223,89.67187501,1,lion,4.45,4.40375,4,4.125,30,mammal,2,3.71,6,NA,NA,NA,NA,NA,NA,NA,NA,NA,NA,NA,NA,NA,NA,NA,NA,NA,NA,NA,NA,NA,NA,NA,NA,NA,NA,NA,NA,NA,NA,NA,NA,NA,NA,NA,NA,NA,NA,NA,NA,NA,NA,NA,NA,NA,NA,NA,NA,NA,NA,NA,NA,NA,NA,NA,NA
444,lion,lion_4.png,96.96969697,0.195909271,0.195909271,939.8151515,344.55129,117.55605,85.71818181,1,lion,4.45,4.45,4,4,32,feline,1,2.98,6,NA,NA,NA,NA,NA,NA,NA,NA,NA,NA,NA,NA,NA,NA,NA,NA,NA,NA,NA,NA,NA,NA,NA,NA,NA,NA,NA,NA,NA,NA,NA,NA,NA,NA,NA,NA,NA,NA,NA,NA,NA,NA,NA,NA,NA,NA,NA,NA,NA,NA,NA,NA,NA,NA,NA,NA
445,lionfish,lionfish_1.png,73.52941176,1.382233748,0.492361595,1251.6125,698.13309,241.88633,97.02500001,1,fish,5.19,4.901785714,4,4.428571429,25,lionfish,3,2.5,8,lion,1,4.45,4,goldfish,1,NA,8,sea creature,1,2.576549318,11,sea anemone,1,2.057463562,10,dragon fish,1,10,1.172856981,NA,NA,NA,NA,NA,NA,NA,NA,NA,NA,NA,NA,NA,NA,NA,NA,NA,NA,NA,NA,NA,NA,NA,NA,NA,NA,NA,NA,NA,NA,NA,NA,NA,NA,NA,NA
446,lionfish,lionfish_2.png,65.625,1.277004914,0.549976081,1259.151724,875.62487,318.68908,92.05172411,1,fish,5.19,4.672692308,4,4.769230769,21,lionfish,5,2.5,8,sea creature,1,2.576549318,11,animal,1,4.93,6,flower,1,4.5,6,NA,NA,NA,NA,NA,NA,NA,NA,NA,NA,NA,NA,NA,NA,NA,NA,NA,NA,NA,NA,NA,NA,NA,NA,NA,NA,NA,NA,NA,NA,NA,NA,NA,NA,NA,NA,NA,NA,NA,NA,NA,NA,NA,NA
447,lionfish,lionfish_3.png,63.63636364,1.604250944,0.571445716,1229.667857,572.74515,212.14387,89.33571429,1,fish,5.19,4.652,4,4.8,21,lionfish,5,2.5,8,plankton,1,3.29,8,sea fish,1,2.318985017,7,puff fish,1,NA,8,sea creature,1,NA,11,dragon fish,1,10,NA,NA,NA,NA,NA,NA,NA,NA,NA,NA,NA,NA,NA,NA,NA,NA,NA,NA,NA,NA,NA,NA,NA,NA,NA,NA,NA,NA,NA,NA,NA,NA,NA,NA,NA,NA,NA
448,lionfish,lionfish_4.png,84.375,0.625262405,0.625262405,1238.85625,657.78152,227.90548,92.37500002,1,fish,5.19,4.7696875,4,4.625,27,lionfish,5,2.5,8,NA,NA,NA,NA,NA,NA,NA,NA,NA,NA,NA,NA,NA,NA,NA,NA,NA,NA,NA,NA,NA,NA,NA,NA,NA,NA,NA,NA,NA,NA,NA,NA,NA,NA,NA,NA,NA,NA,NA,NA,NA,NA,NA,NA,NA,NA,NA,NA,NA,NA,NA,NA,NA,NA,NA,NA
449,locomotive,locomotive_1.png,84.375,0.812842679,0.350072287,1065.113333,813.59149,291.13463,96.99666666,0,train,4.98,4.98,5,5,27,vehicle,1,4.52,7,car,1,5.44,3,locomotive,1,3.33,10,train wagon,1,NA,10,NA,NA,NA,NA,NA,NA,NA,NA,NA,NA,NA,NA,NA,NA,NA,NA,NA,NA,NA,NA,NA,NA,NA,NA,NA,NA,NA,NA,NA,NA,NA,NA,NA,NA,NA,NA,NA,NA,NA,NA,NA,NA,NA,NA
450,locomotive,locomotive_2.png,59.375,1.423050818,0.711525409,1211.903226,964.7903,339.6254,95.73548397,0,train,4.98,4.560666667,5,4.933333333,19,tram,8,3.58,4,vehicle,3,4.52,7,train engine,1,1.540833766,11,NA,NA,NA,NA,NA,NA,NA,NA,NA,NA,NA,NA,NA,NA,NA,NA,NA,NA,NA,NA,NA,NA,NA,NA,NA,NA,NA,NA,NA,NA,NA,NA,NA,NA,NA,NA,NA,NA,NA,NA,NA,NA,NA,NA,NA,NA,NA,NA
451,locomotive,locomotive_3.png,63.63636364,1.440932802,0.62057598,1371.11,835.60205,299.01086,100.3966667,0,train,4.98,4.63,5,4.75,21,tram,7,3.58,4,vehicle,2,4.52,7,bus,1,4.74,3,cart,1,NA,4,NA,NA,NA,NA,NA,NA,NA,NA,NA,NA,NA,NA,NA,NA,NA,NA,NA,NA,NA,NA,NA,NA,NA,NA,NA,NA,NA,NA,NA,NA,NA,NA,NA,NA,NA,NA,NA,NA,NA,NA,NA,NA,NA,NA
452,locomotive,locomotive_4.png,71.875,1.468972924,0.523258713,1174.865385,659.44253,253.4769,99.81153845,0,train,4.98,4.913913043,5,5,23,truck,2,4.22,5,tram,2,NA,4,bus,1,4.74,3,train engine,1,1.540833766,11,eurostar,1,3.02,8,soviet train,1,11,NA,NA,NA,NA,NA,NA,NA,NA,NA,NA,NA,NA,NA,NA,NA,NA,NA,NA,NA,NA,NA,NA,NA,NA,NA,NA,NA,NA,NA,NA,NA,NA,NA,NA,NA,NA,NA
453,lotus,lotus_1.png,90.625,0.534954723,0.337518852,989.1870968,545.62053,192.06929,90.31612902,1,flower,4.5,4.422666667,6,5.933333333,29,lotus,2,3.34,5,plant,1,4.81,5,NA,NA,NA,NA,NA,NA,NA,NA,NA,NA,NA,NA,NA,NA,NA,NA,NA,NA,NA,NA,NA,NA,NA,NA,NA,NA,NA,NA,NA,NA,NA,NA,NA,NA,NA,NA,NA,NA,NA,NA,NA,NA,NA,NA,NA,NA,NA,NA,NA,NA,NA,NA
454,lotus,lotus_2.png,57.57575758,1.666651384,0.717787682,1075.229032,583.60741,205.44144,87.72258074,1,flower,4.5,4.233870968,6,5.516129032,19,lotus,8,3.34,5,lily,3,4.25,4,plant,2,4.81,5,lotus flower,1,NA,11,NA,NA,NA,NA,NA,NA,NA,NA,NA,NA,NA,NA,NA,NA,NA,NA,NA,NA,NA,NA,NA,NA,NA,NA,NA,NA,NA,NA,NA,NA,NA,NA,NA,NA,NA,NA,NA,NA,NA,NA,NA,NA,NA,NA
455,lotus,lotus_3.png,90.625,0.534954723,0.337518852,939.9625,561.60563,194.58285,91.32187499,1,flower,4.5,4.42516129,6,5.935483871,29,lotus,2,3.34,5,plant,1,4.81,5,NA,NA,NA,NA,NA,NA,NA,NA,NA,NA,NA,NA,NA,NA,NA,NA,NA,NA,NA,NA,NA,NA,NA,NA,NA,NA,NA,NA,NA,NA,NA,NA,NA,NA,NA,NA,NA,NA,NA,NA,NA,NA,NA,NA,NA,NA,NA,NA,NA,NA,NA,NA
456,lotus,lotus_4.png,75.75757576,1.238146248,0.533240565,903.0818182,528.56214,180.33797,87.26363626,1,flower,4.5,4.417741935,6,5.806451613,25,lotus,3,3.34,5,plant,3,4.81,5,lily,1,4.25,4,water lily,1,2.443923753,9,NA,NA,NA,NA,NA,NA,NA,NA,NA,NA,NA,NA,NA,NA,NA,NA,NA,NA,NA,NA,NA,NA,NA,NA,NA,NA,NA,NA,NA,NA,NA,NA,NA,NA,NA,NA,NA,NA,NA,NA,NA,NA,NA,NA
457,lunchbox,lunchbox_1.png,31.25,2.773897082,0.835026227,1084.993548,579.21998,203.89697,94.17419356,0,tupperware,2.77,3.642163647,10,7,10,box,7,5.12,3,container,5,3.77,9,tub,3,3.7,3,lunch box,2,2.488127416,8,tupperware box,1,1.996765722,13,plastic tub,1,10,1.951008231,plastic container,1,16,2.142893758,lid,1,3,4.16,lunchbox,1,8,2.88,NA,NA,NA,NA,NA,NA,NA,NA,NA,NA,NA,NA,NA,NA,NA,NA,NA,NA,NA,NA,NA,NA,NA,NA
458,lunchbox,lunchbox_2.png,66.66666667,1.475940178,0.570971601,1545.846429,792.13137,293.40417,87.96071418,0,box,5.12,4.4928,3,4.4,22,lunchbox,7,2.88,8,lunch,1,4.72,5,container,1,NA,9,tupperware box,1,1.996765722,13,tin,1,4.35,3,NA,NA,NA,NA,NA,NA,NA,NA,NA,NA,NA,NA,NA,NA,NA,NA,NA,NA,NA,NA,NA,NA,NA,NA,NA,NA,NA,NA,NA,NA,NA,NA,NA,NA,NA,NA,NA,NA,NA,NA
459,lunchbox,lunchbox_3.png,21.875,2.812806847,0.887341766,1572.493103,1077.56312,392.18575,85.77241383,0,tupperware,2.77,3.5,10,7.037037037,7,lunchbox,6,2.88,8,tub,5,3.7,3,container,5,3.77,9,box,5,5.12,3,tupperware box,1,1.996765722,13,sand,1,4,NA,plastic tub,1,10,NA,storage,1,7,4.2,NA,NA,NA,NA,NA,NA,NA,NA,NA,NA,NA,NA,NA,NA,NA,NA,NA,NA,NA,NA,NA,NA,NA,NA,NA,NA,NA,NA
460,lunchbox,lunchbox_4.png,25,3.124716771,0.8716177,1859.843478,1196.0111,488.7867,96.76521742,0,tub,3.7,4.163333333,3,4.111111111,8,bowl,6,4.69,4,box,3,5.12,3,container,2,NA,9,tupperware,2,2.77,10,bucket,2,4.21,6,wash basket,1,10,1.297795718,wash up bowl,1,10,NA,pool,1,4,4.54,washing bowl,1,11,NA,lunch box,1,8,NA,basin,1,5,3.48,NA,NA,NA,NA,NA,NA,NA,NA,NA,NA,NA,NA,NA,NA,NA,NA
461,lynx,lynx_1.png,37.5,2.9213076,0.814878147,992.8677419,454.08075,159.84547,90.27741935,1,lynx,3.16,3.252677594,4,4.583333333,12,cat,4,4.83,3,wild cat,4,2.481065561,7,hyena,2,3.2,5,bobcat,2,2.25,6,dog,1,5.17,3,lion,1,4,4.45,animal,1,6,4.93,dingo,1,5,2.49,mammal,1,6,3.71,big cat,1,6,3.210283479,caracal,1,7,2.19,NA,NA,NA,NA,NA,NA,NA,NA,NA,NA,NA,NA,NA,NA,NA,NA
462,lynx,lynx_2.png,41.17647059,2.58104691,0.746089877,1273.344,647.38461,253.7701,94.41599998,1,cat,4.83,3.976659834,3,3.9,14,lynx,6,3.16,4,wild cat,3,2.481065561,7,bob cat,1,NA,6,tiger,1,NA,5,snow leopard,1,NA,11,animal,1,6,4.93,mammal,1,6,3.71,caracal,1,7,2.19,wild snow cat,1,11,NA,feline,1,6,2.98,NA,NA,NA,NA,NA,NA,NA,NA,NA,NA,NA,NA,NA,NA,NA,NA,NA,NA,NA,NA
463,lynx,lynx_3.png,45.45454545,2.33656847,0.737105284,1262.084848,805.62169,274.86679,96.47575751,1,cat,4.83,3.916899882,3,3.928571429,15,lynx,8,3.16,4,wild cat,3,2.481065561,7,bobcat,2,2.25,6,mountain cat,1,0.996765722,11,mammal,1,3.71,6,wolf,1,4,4.17,feline,1,6,2.98,tiger,1,5,4.36,NA,NA,NA,NA,NA,NA,NA,NA,NA,NA,NA,NA,NA,NA,NA,NA,NA,NA,NA,NA,NA,NA,NA,NA,NA,NA,NA,NA
464,lynx,lynx_4.png,34.375,2.544278974,0.802630653,1436.8,565.27271,198.98726,87.1451613,1,lynx,3.16,3.7125,4,4.392857143,11,cat,9,4.83,3,wildcat,4,2.84,7,animal,2,4.93,6,bobcat,2,2.25,6,lion,1,NA,4,mammal,1,6,3.71,caracal,1,7,2.19,cheetah,1,7,3.45,NA,NA,NA,NA,NA,NA,NA,NA,NA,NA,NA,NA,NA,NA,NA,NA,NA,NA,NA,NA,NA,NA,NA,NA,NA,NA,NA,NA
465,macaw,macaw_1.png,93.93939394,0.32984607,0.32984607,757.1272727,290.10409,98.97944,89.46969696,1,parrot,3.84,3.901212121,6,5.878787879,31,bird,2,4.85,4,NA,NA,NA,NA,NA,NA,NA,NA,NA,NA,NA,NA,NA,NA,NA,NA,NA,NA,NA,NA,NA,NA,NA,NA,NA,NA,NA,NA,NA,NA,NA,NA,NA,NA,NA,NA,NA,NA,NA,NA,NA,NA,NA,NA,NA,NA,NA,NA,NA,NA,NA,NA,NA,NA,NA,NA
466,macaw,macaw_2.png,87.5,0.731064443,0.365532222,870.983871,410.95229,144.66339,89.3,1,parrot,3.84,3.756551724,6,5.931034483,28,macaw,2,2.63,5,bird,1,4.85,4,macaw parrot,1,NA,11,NA,NA,NA,NA,NA,NA,NA,NA,NA,NA,NA,NA,NA,NA,NA,NA,NA,NA,NA,NA,NA,NA,NA,NA,NA,NA,NA,NA,NA,NA,NA,NA,NA,NA,NA,NA,NA,NA,NA,NA,NA,NA,NA,NA,NA,NA,NA,NA
467,macaw,macaw_3.png,90.90909091,0.522978426,0.32996265,823.4515152,363.59051,124.05196,92.98484845,1,parrot,3.84,3.764375,6,5.9375,30,macaw,2,2.63,5,bird,1,4.85,4,NA,NA,NA,NA,NA,NA,NA,NA,NA,NA,NA,NA,NA,NA,NA,NA,NA,NA,NA,NA,NA,NA,NA,NA,NA,NA,NA,NA,NA,NA,NA,NA,NA,NA,NA,NA,NA,NA,NA,NA,NA,NA,NA,NA,NA,NA,NA,NA,NA,NA,NA,NA
468,macaw,macaw_4.png,90.90909091,0.439496987,0.439496987,921.2454545,451.4147,154.01635,89.89696971,1,parrot,3.84,3.73,6,5.909090909,30,macaw,3,2.63,5,NA,NA,NA,NA,NA,NA,NA,NA,NA,NA,NA,NA,NA,NA,NA,NA,NA,NA,NA,NA,NA,NA,NA,NA,NA,NA,NA,NA,NA,NA,NA,NA,NA,NA,NA,NA,NA,NA,NA,NA,NA,NA,NA,NA,NA,NA,NA,NA,NA,NA,NA,NA,NA,NA,NA,NA
469,mantis,mantis_1.png,31.25,2.692380602,0.849351515,1677.496296,1249.65302,471.36317,85.77037036,1,insect,3.85,3.69604039,6,6.47826087,10,praying mantis,4,2.816309657,13,bug,4,4.07,3,mantis,4,3.22,6,cricket,2,4.45,7,grasshopper,1,2.91,11,locust,1,6,2.71,shrimp,1,6,3.63,stick insect,1,11,2.609549579,NA,NA,NA,NA,NA,NA,NA,NA,NA,NA,NA,NA,NA,NA,NA,NA,NA,NA,NA,NA,NA,NA,NA,NA,NA,NA,NA,NA
470,mantis,mantis_2.png,28.125,2.561278124,0.853759375,1415.796667,1139.13975,407.62843,91.37333334,1,insect,3.85,3.378536195,6,8.518518519,9,praying mantis,8,2.816309657,13,mantis,6,3.22,6,grasshopper,4,2.91,11,cricket,2,4.45,7,bug,1,4.07,3,locust,1,6,2.71,stick insect,1,11,2.609549579,NA,NA,NA,NA,NA,NA,NA,NA,NA,NA,NA,NA,NA,NA,NA,NA,NA,NA,NA,NA,NA,NA,NA,NA,NA,NA,NA,NA,NA,NA,NA,NA
471,mantis,mantis_3.png,28.125,2.66268789,0.839984507,1121.158065,557.24085,196.15989,91.09999999,1,praying mantis,2.816309657,3.486684343,13,7.962962963,9,insect,8,3.85,6,mantis,6,3.22,6,cricket,3,4.45,7,bug,2,4.07,3,grasshopper,1,2.91,11,cockroach,1,9,3.07,locust,1,6,2.71,stick insect,1,11,2.609549579,NA,NA,NA,NA,NA,NA,NA,NA,NA,NA,NA,NA,NA,NA,NA,NA,NA,NA,NA,NA,NA,NA,NA,NA,NA,NA,NA,NA
472,mantis,mantis_4.png,34.375,2.621449418,0.789134907,1879.418182,1050.97249,439.16538,99.46363635,1,insect,3.85,3.394583442,6,7.75,11,flower,4,4.5,6,preying mantis,4,1.540833766,13,cricket,1,4.45,7,grasshopper,1,2.91,11,locust,1,NA,6,bug,1,3,4.07,fish,1,4,5.19,mantis,1,6,3.22,orchid,1,6,3.31,NA,NA,NA,NA,NA,NA,NA,NA,NA,NA,NA,NA,NA,NA,NA,NA,NA,NA,NA,NA,NA,NA,NA,NA
473,matchbox,matchbox_1.png,78.125,1.121987352,0.483213651,1154.959375,458.63228,158.90506,97.21249999,0,matchbox,3.11,3.387241379,8,7.586206897,25,match,4,5.12,5,shoebox,1,2.66,7,box,1,5.12,3,paper box,1,1.172856981,8,NA,NA,NA,NA,NA,NA,NA,NA,NA,NA,NA,NA,NA,NA,NA,NA,NA,NA,NA,NA,NA,NA,NA,NA,NA,NA,NA,NA,NA,NA,NA,NA,NA,NA,NA,NA,NA,NA,NA,NA,NA,NA,NA,NA
474,matchbox,matchbox_2.png,53.125,2.153234101,0.7177447,1157.051613,579.85296,204.1198,93.68709667,0,matchbox,3.11,3.702962963,8,7.148148148,17,matches,5,4.44,7,box,4,5.12,3,container,2,3.77,9,cigarettes,1,3.94,10,suitcase,1,3.78,8,cards,1,5,4.59,toybox,1,6,1.39,NA,NA,NA,NA,NA,NA,NA,NA,NA,NA,NA,NA,NA,NA,NA,NA,NA,NA,NA,NA,NA,NA,NA,NA,NA,NA,NA,NA,NA,NA,NA,NA
475,matchbox,matchbox_3.png,75,1.076597656,0.538298828,947.540625,472.86667,163.83694,94.434375,0,matchbox,3.11,3.512,8,7.4,24,match,6,5.12,5,matchstick,1,2.61,10,container,1,3.77,9,NA,NA,NA,NA,NA,NA,NA,NA,NA,NA,NA,NA,NA,NA,NA,NA,NA,NA,NA,NA,NA,NA,NA,NA,NA,NA,NA,NA,NA,NA,NA,NA,NA,NA,NA,NA,NA,NA,NA,NA,NA,NA,NA,NA,NA,NA,NA,NA
476,matchbox,matchbox_4.png,54.54545455,2.031570544,0.723660029,1265.809677,709.72008,249.8356,94.03548395,0,matchbox,3.11,3.774285714,8,6.857142857,18,matches,5,4.44,7,cards,4,4.59,5,box,3,5.12,3,book,1,5.21,4,matchstick,1,2.61,10,container,1,9,3.77,NA,NA,NA,NA,NA,NA,NA,NA,NA,NA,NA,NA,NA,NA,NA,NA,NA,NA,NA,NA,NA,NA,NA,NA,NA,NA,NA,NA,NA,NA,NA,NA,NA,NA,NA,NA
477,minivan,minivan_1.png,59.375,1.989991774,0.663330591,1201.074194,942.22603,331.68234,101.3774193,0,car,5.44,5.201923077,3,3.153846154,19,van,5,4.69,3,truck,2,4.22,5,campervan,1,3.1,9,minivan,1,2.43,7,camper,1,3.32,6,station wagon,1,12,2.239803771,old suv,1,6,NA,suv,1,3,2.32,NA,NA,NA,NA,NA,NA,NA,NA,NA,NA,NA,NA,NA,NA,NA,NA,NA,NA,NA,NA,NA,NA,NA,NA,NA,NA,NA,NA
478,minivan,minivan_2.png,34.375,2.261960293,0.805726513,1243.283333,1261.83562,451.53378,88.62000004,0,car,5.44,4.440001553,3,4.931034483,11,van,11,4.69,3,campervan,3,3.1,9,people carrier,3,2.620015012,13,minivan,2,2.43,7,family car,1,NA,9,camper,1,6,3.32,NA,NA,NA,NA,NA,NA,NA,NA,NA,NA,NA,NA,NA,NA,NA,NA,NA,NA,NA,NA,NA,NA,NA,NA,NA,NA,NA,NA,NA,NA,NA,NA,NA,NA,NA,NA
479,minivan,minivan_3.png,75,1.373778124,0.531449924,1022.125,796.43473,275.94549,92.93125002,0,car,5.44,4.990001001,3,4.2,24,vehicle,2,4.52,7,minivan,2,2.43,7,people carrier,2,2.620015012,13,suv,1,2.32,3,espace,1,1.81,6,NA,NA,NA,NA,NA,NA,NA,NA,NA,NA,NA,NA,NA,NA,NA,NA,NA,NA,NA,NA,NA,NA,NA,NA,NA,NA,NA,NA,NA,NA,NA,NA,NA,NA,NA,NA,NA,NA,NA,NA
480,minivan,minivan_4.png,90.90909091,0.522978426,0.32996265,851.3454546,406.83424,138.80613,96.63030312,0,car,5.44,5.3825,3,3.25,30,vehicle,2,4.52,7,lincoln minivan,1,NA,14,NA,NA,NA,NA,NA,NA,NA,NA,NA,NA,NA,NA,NA,NA,NA,NA,NA,NA,NA,NA,NA,NA,NA,NA,NA,NA,NA,NA,NA,NA,NA,NA,NA,NA,NA,NA,NA,NA,NA,NA,NA,NA,NA,NA,NA,NA,NA,NA,NA,NA,NA,NA
481,moth,moth_1.png,90.625,0.409633444,0.258449928,1081.37,588.66994,210.64896,94.32333333,1,moth,3.64,3.64,4,4,29,insect,1,3.85,6,butterfly,1,4.03,9,NA,NA,NA,NA,NA,NA,NA,NA,NA,NA,NA,NA,NA,NA,NA,NA,NA,NA,NA,NA,NA,NA,NA,NA,NA,NA,NA,NA,NA,NA,NA,NA,NA,NA,NA,NA,NA,NA,NA,NA,NA,NA,NA,NA,NA,NA,NA,NA,NA,NA,NA,NA
482,moth,moth_2.png,78.125,0.770343771,0.486032805,986.26,514.41789,184.0787,93.26333332,1,moth,3.64,3.813793103,4,3.862068966,25,fly,4,4.9,3,insect,1,3.85,6,NA,NA,NA,NA,NA,NA,NA,NA,NA,NA,NA,NA,NA,NA,NA,NA,NA,NA,NA,NA,NA,NA,NA,NA,NA,NA,NA,NA,NA,NA,NA,NA,NA,NA,NA,NA,NA,NA,NA,NA,NA,NA,NA,NA,NA,NA,NA,NA,NA,NA,NA,NA
483,moth,moth_3.png,78.125,1.160897117,0.499971175,1006.903125,687.17371,238.08917,86.52187494,1,moth,3.64,3.745,4,4.133333333,25,insect,3,3.85,6,fly,2,4.9,3,butterfly,1,4.03,9,bug,1,4.07,3,NA,NA,NA,NA,NA,NA,NA,NA,NA,NA,NA,NA,NA,NA,NA,NA,NA,NA,NA,NA,NA,NA,NA,NA,NA,NA,NA,NA,NA,NA,NA,NA,NA,NA,NA,NA,NA,NA,NA,NA,NA,NA,NA,NA
484,moth,moth_4.png,87.5,0.547553155,0.345467577,1125.551613,617.11817,217.23789,94.56129031,1,moth,3.64,3.724,4,3.933333333,28,fly,2,4.9,3,insect,1,3.85,6,NA,NA,NA,NA,NA,NA,NA,NA,NA,NA,NA,NA,NA,NA,NA,NA,NA,NA,NA,NA,NA,NA,NA,NA,NA,NA,NA,NA,NA,NA,NA,NA,NA,NA,NA,NA,NA,NA,NA,NA,NA,NA,NA,NA,NA,NA,NA,NA,NA,NA,NA,NA
485,mouse,mouse_1.png,87.87878788,0.534954723,0.337518852,1055.64375,534.00367,185.01943,85.16249999,0,mouse,4.41,4.255674517,5,5.516129032,29,computer mouse,2,2.017955021,13,helmet,1,4.08,6,NA,NA,NA,NA,NA,NA,NA,NA,NA,NA,NA,NA,NA,NA,NA,NA,NA,NA,NA,NA,NA,NA,NA,NA,NA,NA,NA,NA,NA,NA,NA,NA,NA,NA,NA,NA,NA,NA,NA,NA,NA,NA,NA,NA,NA,NA,NA,NA,NA,NA,NA,NA
486,mouse,mouse_2.png,78.125,0.770343771,0.486032805,1154.925926,584.73069,220.55763,87.45185188,0,mouse,4.41,4.361111111,5,5.148148148,25,helmet,4,4.08,6,computer mouse,1,NA,13,NA,NA,NA,NA,NA,NA,NA,NA,NA,NA,NA,NA,NA,NA,NA,NA,NA,NA,NA,NA,NA,NA,NA,NA,NA,NA,NA,NA,NA,NA,NA,NA,NA,NA,NA,NA,NA,NA,NA,NA,NA,NA,NA,NA,NA,NA,NA,NA,NA,NA,NA,NA
487,mouse,mouse_3.png,93.93939394,0.390452131,0.246347867,816.2212121,259.49036,88.53446,92.07272729,0,mouse,4.41,4.41,5,5,31,computer mouse,1,2.017955021,13,tool,1,4.07,4,NA,NA,NA,NA,NA,NA,NA,NA,NA,NA,NA,NA,NA,NA,NA,NA,NA,NA,NA,NA,NA,NA,NA,NA,NA,NA,NA,NA,NA,NA,NA,NA,NA,NA,NA,NA,NA,NA,NA,NA,NA,NA,NA,NA,NA,NA,NA,NA,NA,NA,NA,NA
488,mouse,mouse_4.png,84.375,0.74832655,0.374163275,932.9266666,607.28274,217.30934,93.45333333,0,mouse,4.41,4.245031381,5,5.551724138,27,computer mouse,2,2.017955021,13,keyboard,1,3.64,8,tool,1,NA,4,NA,NA,NA,NA,NA,NA,NA,NA,NA,NA,NA,NA,NA,NA,NA,NA,NA,NA,NA,NA,NA,NA,NA,NA,NA,NA,NA,NA,NA,NA,NA,NA,NA,NA,NA,NA,NA,NA,NA,NA,NA,NA,NA,NA,NA,NA,NA,NA
489,mug,mug_1.png,66.66666667,1.206914707,0.603457353,877.2424243,415.67778,141.82342,94.70303031,0,mug,3.93,4.266774194,3,3,22,cup,9,5.09,3,teacup,1,3.01,6,container,1,3.77,9,NA,NA,NA,NA,NA,NA,NA,NA,NA,NA,NA,NA,NA,NA,NA,NA,NA,NA,NA,NA,NA,NA,NA,NA,NA,NA,NA,NA,NA,NA,NA,NA,NA,NA,NA,NA,NA,NA,NA,NA,NA,NA,NA,NA,NA,NA,NA,NA
490,mug,mug_2.png,59.375,1.133432101,0.715116036,969.334375,488.97209,169.41707,89.84375,0,mug,3.93,4.379032258,3,3,19,cup,12,5.09,3,jug,1,4.06,3,NA,NA,NA,NA,NA,NA,NA,NA,NA,NA,NA,NA,NA,NA,NA,NA,NA,NA,NA,NA,NA,NA,NA,NA,NA,NA,NA,NA,NA,NA,NA,NA,NA,NA,NA,NA,NA,NA,NA,NA,NA,NA,NA,NA,NA,NA,NA,NA,NA,NA,NA,NA
491,mug,mug_3.png,56.25,1.310056249,0.655028124,851.9935484,310.06963,109.15068,89.92903225,0,mug,3.93,4.41,3,3,18,cup,12,5.09,3,coffee,1,4.65,6,container,1,3.77,9,NA,NA,NA,NA,NA,NA,NA,NA,NA,NA,NA,NA,NA,NA,NA,NA,NA,NA,NA,NA,NA,NA,NA,NA,NA,NA,NA,NA,NA,NA,NA,NA,NA,NA,NA,NA,NA,NA,NA,NA,NA,NA,NA,NA,NA,NA,NA,NA
492,mug,mug_4.png,63.63636364,0.945660305,0.945660305,861.8151515,313.62988,107.00611,85.46363639,0,mug,3.93,4.351818182,3,3,21,cup,12,5.09,3,NA,NA,NA,NA,NA,NA,NA,NA,NA,NA,NA,NA,NA,NA,NA,NA,NA,NA,NA,NA,NA,NA,NA,NA,NA,NA,NA,NA,NA,NA,NA,NA,NA,NA,NA,NA,NA,NA,NA,NA,NA,NA,NA,NA,NA,NA,NA,NA,NA,NA,NA,NA,NA,NA,NA,NA
493,mushroom,mushroom_1.png,93.5483871,0.409633444,0.258449928,1055.91,646.94957,231.50368,94.02666662,1,mushroom,3.87,3.87,8,8,29,plant,1,4.81,5,fungus,1,3.48,6,NA,NA,NA,NA,NA,NA,NA,NA,NA,NA,NA,NA,NA,NA,NA,NA,NA,NA,NA,NA,NA,NA,NA,NA,NA,NA,NA,NA,NA,NA,NA,NA,NA,NA,NA,NA,NA,NA,NA,NA,NA,NA,NA,NA,NA,NA,NA,NA,NA,NA,NA,NA
494,mushroom,mushroom_2.png,96.875,0.200622324,0.200622324,879.325,389.24489,134.864,88.78750001,1,mushroom,3.87,3.87,8,8,31,fungus,1,3.48,6,NA,NA,NA,NA,NA,NA,NA,NA,NA,NA,NA,NA,NA,NA,NA,NA,NA,NA,NA,NA,NA,NA,NA,NA,NA,NA,NA,NA,NA,NA,NA,NA,NA,NA,NA,NA,NA,NA,NA,NA,NA,NA,NA,NA,NA,NA,NA,NA,NA,NA,NA,NA,NA,NA,NA,NA
495,mushroom,mushroom_3.png,93.75,0.399790067,0.252239448,855.103125,327.53045,113.48143,89.390625,1,mushroom,3.87,3.87,8,8,30,fungus,1,3.48,6,button mushroom,1,1.871826985,14,NA,NA,NA,NA,NA,NA,NA,NA,NA,NA,NA,NA,NA,NA,NA,NA,NA,NA,NA,NA,NA,NA,NA,NA,NA,NA,NA,NA,NA,NA,NA,NA,NA,NA,NA,NA,NA,NA,NA,NA,NA,NA,NA,NA,NA,NA,NA,NA,NA,NA,NA,NA
496,mushroom,mushroom_4.png,96.875,0.200622324,0.200622324,759.240625,213.36028,73.9242,86.26562497,1,mushroom,3.87,3.87,8,8,31,fungus,1,3.48,6,NA,NA,NA,NA,NA,NA,NA,NA,NA,NA,NA,NA,NA,NA,NA,NA,NA,NA,NA,NA,NA,NA,NA,NA,NA,NA,NA,NA,NA,NA,NA,NA,NA,NA,NA,NA,NA,NA,NA,NA,NA,NA,NA,NA,NA,NA,NA,NA,NA,NA,NA,NA,NA,NA,NA,NA
497,oak,oak_1.png,90.625,0.597454723,0.298727362,885.628125,442.74333,153.39991,89.13125,1,tree,4.95,4.95,4,4,29,birch,1,3.43,5,nature,1,4.83,6,oak tree,1,3.152101759,7,NA,NA,NA,NA,NA,NA,NA,NA,NA,NA,NA,NA,NA,NA,NA,NA,NA,NA,NA,NA,NA,NA,NA,NA,NA,NA,NA,NA,NA,NA,NA,NA,NA,NA,NA,NA,NA,NA,NA,NA,NA,NA,NA,NA,NA,NA,NA,NA
498,oak,oak_2.png,90.625,0.597454723,0.298727362,770.0806452,610.03356,214.74396,94.68387097,1,tree,4.95,4.95,4,4,29,plant,1,4.81,5,fungus,1,3.48,6,oak tree,1,3.152101759,7,NA,NA,NA,NA,NA,NA,NA,NA,NA,NA,NA,NA,NA,NA,NA,NA,NA,NA,NA,NA,NA,NA,NA,NA,NA,NA,NA,NA,NA,NA,NA,NA,NA,NA,NA,NA,NA,NA,NA,NA,NA,NA,NA,NA,NA,NA,NA,NA
499,oak,oak_3.png,93.75,0.399790067,0.252239448,891.8645162,467.00343,164.39451,90.22580646,1,tree,4.95,4.95,4,4,30,bonsai tree,1,1.598825713,10,oak tree,1,3.152101759,7,NA,NA,NA,NA,NA,NA,NA,NA,NA,NA,NA,NA,NA,NA,NA,NA,NA,NA,NA,NA,NA,NA,NA,NA,NA,NA,NA,NA,NA,NA,NA,NA,NA,NA,NA,NA,NA,NA,NA,NA,NA,NA,NA,NA,NA,NA,NA,NA,NA,NA,NA,NA
500,oak,oak_4.png,100,0,0,675.5935484,169.97933,59.83611,96.08387096,1,tree,4.95,4.95,4,4,32,NA,NA,NA,NA,NA,NA,NA,NA,NA,NA,NA,NA,NA,NA,NA,NA,NA,NA,NA,NA,NA,NA,NA,NA,NA,NA,NA,NA,NA,NA,NA,NA,NA,NA,NA,NA,NA,NA,NA,NA,NA,NA,NA,NA,NA,NA,NA,NA,NA,NA,NA,NA,NA,NA,NA,NA,NA,NA,NA,NA
501,orange,orange_1.png,87.5,0.731064443,0.365532222,984.2866666,641.42988,229.52851,94.80666669,1,orange,4.64,4.627142857,6,5.928571429,28,lemon,2,4.46,5,fruit,1,4.73,5,citrus fruit,1,2.678006959,11,NA,NA,NA,NA,NA,NA,NA,NA,NA,NA,NA,NA,NA,NA,NA,NA,NA,NA,NA,NA,NA,NA,NA,NA,NA,NA,NA,NA,NA,NA,NA,NA,NA,NA,NA,NA,NA,NA,NA,NA,NA,NA,NA,NA,NA,NA,NA,NA
502,orange,orange_2.png,87.5,0.731064443,0.365532222,1008.053125,760.70479,263.56591,91.07499998,1,orange,4.64,4.646,6,5.933333333,28,fruit,2,4.73,5,apple tree,1,3.068647729,9,satsuma,1,3.14,7,NA,NA,NA,NA,NA,NA,NA,NA,NA,NA,NA,NA,NA,NA,NA,NA,NA,NA,NA,NA,NA,NA,NA,NA,NA,NA,NA,NA,NA,NA,NA,NA,NA,NA,NA,NA,NA,NA,NA,NA,NA,NA,NA,NA,NA,NA,NA,NA
503,orange,orange_3.png,87.5,0.543564443,0.543564443,711.871875,269.77715,93.4713,89.728125,1,orange,4.64,4.65125,6,5.875,28,fruit,4,4.73,5,NA,NA,NA,NA,NA,NA,NA,NA,NA,NA,NA,NA,NA,NA,NA,NA,NA,NA,NA,NA,NA,NA,NA,NA,NA,NA,NA,NA,NA,NA,NA,NA,NA,NA,NA,NA,NA,NA,NA,NA,NA,NA,NA,NA,NA,NA,NA,NA,NA,NA,NA,NA,NA,NA,NA,NA
504,orange,orange_4.png,84.375,0.86306367,0.431531835,933.35,767.93135,266.06975,93.74062502,1,orange,4.64,4.549032258,6,6,27,fruit,2,4.73,5,satsuma,2,3.14,7,apple tree,1,3.068647729,9,NA,NA,NA,NA,NA,NA,NA,NA,NA,NA,NA,NA,NA,NA,NA,NA,NA,NA,NA,NA,NA,NA,NA,NA,NA,NA,NA,NA,NA,NA,NA,NA,NA,NA,NA,NA,NA,NA,NA,NA,NA,NA,NA,NA,NA,NA,NA,NA
505,orchid,orchid_1.png,54.83870968,1.485144178,0.639616783,1210.65,669.66217,239.63113,95.11666665,1,flower,4.5,4.015185185,6,6,17,orchid,11,3.31,6,plant,1,4.81,5,lily,1,4.25,4,fuchsia,1,2.64,7,NA,NA,NA,NA,NA,NA,NA,NA,NA,NA,NA,NA,NA,NA,NA,NA,NA,NA,NA,NA,NA,NA,NA,NA,NA,NA,NA,NA,NA,NA,NA,NA,NA,NA,NA,NA,NA,NA,NA,NA,NA,NA,NA,NA
506,orchid,orchid_2.png,81.25,0.930892729,0.465446365,1118.396774,656.88972,231.23827,95.15161288,1,flower,4.5,4.341333333,6,6,26,orchid,4,3.31,6,plan,1,5.2,4,blossom,1,NA,7,NA,NA,NA,NA,NA,NA,NA,NA,NA,NA,NA,NA,NA,NA,NA,NA,NA,NA,NA,NA,NA,NA,NA,NA,NA,NA,NA,NA,NA,NA,NA,NA,NA,NA,NA,NA,NA,NA,NA,NA,NA,NA,NA,NA,NA,NA,NA,NA
507,orchid,orchid_3.png,59.375,1.133432101,0.715116036,755.1451613,213.31944,75.0927,91.26451608,1,flower,4.5,4.024,6,6,19,orchid,12,3.31,6,plant,1,4.81,5,NA,NA,NA,NA,NA,NA,NA,NA,NA,NA,NA,NA,NA,NA,NA,NA,NA,NA,NA,NA,NA,NA,NA,NA,NA,NA,NA,NA,NA,NA,NA,NA,NA,NA,NA,NA,NA,NA,NA,NA,NA,NA,NA,NA,NA,NA,NA,NA,NA,NA,NA,NA
508,orchid,orchid_4.png,60.60606061,1.271899886,0.635949943,1073.840625,497.68785,172.43688,91.06249997,1,flower,4.5,4.063666667,6,6,20,orchid,11,3.31,6,violet,1,3.7,6,plant,1,4.81,5,NA,NA,NA,NA,NA,NA,NA,NA,NA,NA,NA,NA,NA,NA,NA,NA,NA,NA,NA,NA,NA,NA,NA,NA,NA,NA,NA,NA,NA,NA,NA,NA,NA,NA,NA,NA,NA,NA,NA,NA,NA,NA,NA,NA,NA,NA,NA,NA
509,ostrich,ostrich_1.png,78.78787879,1.037987069,0.518993534,1109.415625,776.14331,268.91499,94.30937506,1,ostrich,3.52,3.619677419,7,6.451612903,26,bird,4,4.85,4,emu,2,3.07,3,leg,1,4.88,3,NA,NA,NA,NA,NA,NA,NA,NA,NA,NA,NA,NA,NA,NA,NA,NA,NA,NA,NA,NA,NA,NA,NA,NA,NA,NA,NA,NA,NA,NA,NA,NA,NA,NA,NA,NA,NA,NA,NA,NA,NA,NA,NA,NA,NA,NA,NA,NA
510,ostrich,ostrich_2.png,81.25,0.969802495,0.484901247,961.825,404.77261,140.24398,94.82812499,1,ostrich,3.52,3.619677419,7,6.451612903,26,bird,3,4.85,4,emu,2,3.07,3,oyster,1,3.82,6,NA,NA,NA,NA,NA,NA,NA,NA,NA,NA,NA,NA,NA,NA,NA,NA,NA,NA,NA,NA,NA,NA,NA,NA,NA,NA,NA,NA,NA,NA,NA,NA,NA,NA,NA,NA,NA,NA,NA,NA,NA,NA,NA,NA,NA,NA,NA,NA
511,ostrich,ostrich_3.png,72.72727273,1.323364195,0.569941936,807.4848485,325.99221,111.22396,98.96666666,1,ostrich,3.52,3.590645161,7,6.193548387,24,emu,4,3.07,3,bird,3,4.85,4,egg,1,4.8,3,oyster,1,3.82,6,NA,NA,NA,NA,NA,NA,NA,NA,NA,NA,NA,NA,NA,NA,NA,NA,NA,NA,NA,NA,NA,NA,NA,NA,NA,NA,NA,NA,NA,NA,NA,NA,NA,NA,NA,NA,NA,NA,NA,NA,NA,NA,NA,NA
512,ostrich,ostrich_4.png,84.375,0.776973436,0.490215658,966.253125,822.08594,284.83301,86.340625,1,ostrich,3.52,3.6165625,7,6.46875,27,bird,3,4.85,4,emu,2,3.07,3,NA,NA,NA,NA,NA,NA,NA,NA,NA,NA,NA,NA,NA,NA,NA,NA,NA,NA,NA,NA,NA,NA,NA,NA,NA,NA,NA,NA,NA,NA,NA,NA,NA,NA,NA,NA,NA,NA,NA,NA,NA,NA,NA,NA,NA,NA,NA,NA,NA,NA,NA,NA
513,palmtree,palmtree_1.png,56.25,1.402737568,0.701368784,1069.859375,648.44635,224.67106,88.80624999,1,palm tree,2.771282688,3.615260915,8,6.322580645,18,tree,11,4.95,4,palm,2,3.87,4,coconut,1,4.08,7,NA,NA,NA,NA,NA,NA,NA,NA,NA,NA,NA,NA,NA,NA,NA,NA,NA,NA,NA,NA,NA,NA,NA,NA,NA,NA,NA,NA,NA,NA,NA,NA,NA,NA,NA,NA,NA,NA,NA,NA,NA,NA,NA,NA,NA,NA,NA,NA
514,palmtree,palmtree_2.png,47.05882353,1.62971217,0.814856085,893.8121212,561.47254,191.56654,91.95757578,1,tree,4.95,4.032315924,4,5.375,16,palm tree,11,2.771282688,8,palm,6,3.87,4,beach,1,4.72,5,NA,NA,NA,NA,NA,NA,NA,NA,NA,NA,NA,NA,NA,NA,NA,NA,NA,NA,NA,NA,NA,NA,NA,NA,NA,NA,NA,NA,NA,NA,NA,NA,NA,NA,NA,NA,NA,NA,NA,NA,NA,NA,NA,NA,NA,NA,NA,NA
515,palmtree,palmtree_3.png,42.42424242,1.773722623,0.763900754,1076.45,727.33569,252.00433,89.17187493,1,tree,4.95,3.898513075,4,5.6,14,palm tree,12,2.771282688,8,palm,5,3.87,4,coconut tree,1,1.926184648,11,plant,1,4.81,5,NA,NA,NA,NA,NA,NA,NA,NA,NA,NA,NA,NA,NA,NA,NA,NA,NA,NA,NA,NA,NA,NA,NA,NA,NA,NA,NA,NA,NA,NA,NA,NA,NA,NA,NA,NA,NA,NA,NA,NA,NA,NA,NA,NA
516,palmtree,palmtree_4.png,43.75,1.627120019,0.81356001,1054.922581,638.88337,224.89967,103.8419355,1,palm tree,2.771282688,3.753265254,8,5.866666667,14,tree,12,4.95,4,palm,5,3.87,4,pine,1,3.99,4,NA,NA,NA,NA,NA,NA,NA,NA,NA,NA,NA,NA,NA,NA,NA,NA,NA,NA,NA,NA,NA,NA,NA,NA,NA,NA,NA,NA,NA,NA,NA,NA,NA,NA,NA,NA,NA,NA,NA,NA,NA,NA,NA,NA,NA,NA,NA,NA
517,peach,peach_1.png,59.375,1.516702804,0.758351402,1089.53871,529.61292,186.4343,90.52580645,1,peach,3.62,3.772903226,5,5.387096774,19,fruit,8,4.73,5,nectarine,3,2.53,9,mango,2,3.74,5,NA,NA,NA,NA,NA,NA,NA,NA,NA,NA,NA,NA,NA,NA,NA,NA,NA,NA,NA,NA,NA,NA,NA,NA,NA,NA,NA,NA,NA,NA,NA,NA,NA,NA,NA,NA,NA,NA,NA,NA,NA,NA,NA,NA,NA,NA,NA,NA
518,peach,peach_2.png,87.87878788,0.714653245,0.357326622,976.6363636,444.33702,151.60155,89.95454543,1,peach,3.62,3.691612903,5,5,29,fruit,2,4.73,5,nectarine,1,2.53,9,apple,1,4.58,5,NA,NA,NA,NA,NA,NA,NA,NA,NA,NA,NA,NA,NA,NA,NA,NA,NA,NA,NA,NA,NA,NA,NA,NA,NA,NA,NA,NA,NA,NA,NA,NA,NA,NA,NA,NA,NA,NA,NA,NA,NA,NA,NA,NA,NA,NA,NA,NA
519,peach,peach_3.png,78.125,1.059487352,0.529743676,1161.09375,613.32527,212.50246,90.90625,1,peach,3.62,3.82516129,5,5,25,fruit,4,4.73,5,apple,2,4.58,5,nectarine,1,2.53,9,NA,NA,NA,NA,NA,NA,NA,NA,NA,NA,NA,NA,NA,NA,NA,NA,NA,NA,NA,NA,NA,NA,NA,NA,NA,NA,NA,NA,NA,NA,NA,NA,NA,NA,NA,NA,NA,NA,NA,NA,NA,NA,NA,NA,NA,NA,NA,NA
520,peach,peach_4.png,71.875,1.323388579,0.569952438,910.990625,387.94457,134.41346,91.83125,1,peach,3.62,3.869,5,5,23,fruit,5,4.73,5,apple,2,4.58,5,canned peaches,1,1.172856981,13,nectarine,1,2.53,9,NA,NA,NA,NA,NA,NA,NA,NA,NA,NA,NA,NA,NA,NA,NA,NA,NA,NA,NA,NA,NA,NA,NA,NA,NA,NA,NA,NA,NA,NA,NA,NA,NA,NA,NA,NA,NA,NA,NA,NA,NA,NA,NA,NA
521,phonebooth,phonebooth_1.png,59.375,1.602793039,0.690285389,1060.990323,402.97844,141.85644,93.70645163,0,phone box,2.992400916,2.988207504,8,9,19,telephone box,8,2.625154652,12,phone,2,5.19,5,phone booth,2,2.200885705,10,doctor who telephone box,1,NA,21,NA,NA,NA,NA,NA,NA,NA,NA,NA,NA,NA,NA,NA,NA,NA,NA,NA,NA,NA,NA,NA,NA,NA,NA,NA,NA,NA,NA,NA,NA,NA,NA,NA,NA,NA,NA,NA,NA,NA,NA,NA,NA,NA,NA
522,phonebooth,phonebooth_2.png,63.63636364,1.461404244,0.62939255,941.2633333,515.62286,184.50988,91.02333343,0,phone box,2.992400916,3.044444775,8,8.928571429,21,telephone box,8,2.625154652,12,phone,2,5.19,5,phone booth,1,2.200885705,10,telephone,1,4.32,9,NA,NA,NA,NA,NA,NA,NA,NA,NA,NA,NA,NA,NA,NA,NA,NA,NA,NA,NA,NA,NA,NA,NA,NA,NA,NA,NA,NA,NA,NA,NA,NA,NA,NA,NA,NA,NA,NA,NA,NA,NA,NA,NA,NA
523,phonebooth,phonebooth_3.png,62.5,1.423794941,0.71189747,894.8483871,261.77709,92.15075,90.9483871,0,phone box,2.992400916,3.000189429,8,8.838709677,20,telephone box,8,2.625154652,12,phone,2,5.19,5,phone booth,2,2.200885705,10,NA,NA,NA,NA,NA,NA,NA,NA,NA,NA,NA,NA,NA,NA,NA,NA,NA,NA,NA,NA,NA,NA,NA,NA,NA,NA,NA,NA,NA,NA,NA,NA,NA,NA,NA,NA,NA,NA,NA,NA,NA,NA,NA,NA,NA,NA,NA,NA
524,phonebooth,phonebooth_4.png,58.06451613,1.758755987,0.626481523,1321.003333,667.62116,238.90078,96.94000004,0,phone box,2.992400916,2.874882112,8,9.28,18,telephone box,8,2.625154652,12,phone booth,1,2.200885705,10,cabinet,1,4.64,7,phone,1,5.19,5,telephone booth,1,1.540833766,14,telephone,1,9,4.32,NA,NA,NA,NA,NA,NA,NA,NA,NA,NA,NA,NA,NA,NA,NA,NA,NA,NA,NA,NA,NA,NA,NA,NA,NA,NA,NA,NA,NA,NA,NA,NA,NA,NA,NA,NA
525,pineapple,pineapple_1.png,96.96969697,0.195909271,0.195909271,787.034375,320.48898,111.04173,85.64374996,1,pineapple,3.84,3.84,9,9,32,fruit,1,4.73,5,NA,NA,NA,NA,NA,NA,NA,NA,NA,NA,NA,NA,NA,NA,NA,NA,NA,NA,NA,NA,NA,NA,NA,NA,NA,NA,NA,NA,NA,NA,NA,NA,NA,NA,NA,NA,NA,NA,NA,NA,NA,NA,NA,NA,NA,NA,NA,NA,NA,NA,NA,NA,NA,NA,NA,NA
526,pineapple,pineapple_2.png,93.75,0.337290067,0.337290067,826.684375,430.92639,149.30563,98.08125002,1,pineapple,3.84,3.895625,9,8.75,30,fruit,2,4.73,5,NA,NA,NA,NA,NA,NA,NA,NA,NA,NA,NA,NA,NA,NA,NA,NA,NA,NA,NA,NA,NA,NA,NA,NA,NA,NA,NA,NA,NA,NA,NA,NA,NA,NA,NA,NA,NA,NA,NA,NA,NA,NA,NA,NA,NA,NA,NA,NA,NA,NA,NA,NA,NA,NA,NA,NA
527,pineapple,pineapple_3.png,90.625,0.597454723,0.298727362,763.5967742,384.06461,135.1984,88.0967742,1,pineapple,3.84,3.84,9,9,29,plant,1,4.81,5,spongebob,1,2.67,9,fruit,1,4.73,5,NA,NA,NA,NA,NA,NA,NA,NA,NA,NA,NA,NA,NA,NA,NA,NA,NA,NA,NA,NA,NA,NA,NA,NA,NA,NA,NA,NA,NA,NA,NA,NA,NA,NA,NA,NA,NA,NA,NA,NA,NA,NA,NA,NA,NA,NA,NA,NA
528,pineapple,pineapple_4.png,90.625,0.597454723,0.298727362,791.79375,299.42667,103.74414,86.38437499,1,pineapple,3.84,3.84,9,9,29,apple,1,4.58,5,alcohol,1,4.52,7,fruit,1,4.73,5,NA,NA,NA,NA,NA,NA,NA,NA,NA,NA,NA,NA,NA,NA,NA,NA,NA,NA,NA,NA,NA,NA,NA,NA,NA,NA,NA,NA,NA,NA,NA,NA,NA,NA,NA,NA,NA,NA,NA,NA,NA,NA,NA,NA,NA,NA,NA,NA
529,poodle,poodle_1.png,56.25,1.310056249,0.655028124,845.75,510.08794,176.73321,93.85625001,1,poodle,3.27,4.03,6,4.8,18,dog,12,5.17,3,field,1,4.92,5,mammal,1,3.71,6,NA,NA,NA,NA,NA,NA,NA,NA,NA,NA,NA,NA,NA,NA,NA,NA,NA,NA,NA,NA,NA,NA,NA,NA,NA,NA,NA,NA,NA,NA,NA,NA,NA,NA,NA,NA,NA,NA,NA,NA,NA,NA,NA,NA,NA,NA,NA,NA
530,poodle,poodle_2.png,46.875,1.337290067,0.668645033,965.0937501,668.45822,231.6047,95.09062496,1,poodle,3.27,4.22,6,4.5,15,dog,15,5.17,3,mammal,1,3.71,6,animal,1,4.93,6,NA,NA,NA,NA,NA,NA,NA,NA,NA,NA,NA,NA,NA,NA,NA,NA,NA,NA,NA,NA,NA,NA,NA,NA,NA,NA,NA,NA,NA,NA,NA,NA,NA,NA,NA,NA,NA,NA,NA,NA,NA,NA,NA,NA,NA,NA,NA,NA
531,poodle,poodle_3.png,75,1.19847686,0.516155889,1038.53125,845.25433,292.8603,89.72812509,1,dog,5.17,4.842413793,3,3.517241379,24,poodle,5,3.27,6,cavapoo,1,NA,7,mammal,1,3.71,6,cockapoo,1,1.54,8,NA,NA,NA,NA,NA,NA,NA,NA,NA,NA,NA,NA,NA,NA,NA,NA,NA,NA,NA,NA,NA,NA,NA,NA,NA,NA,NA,NA,NA,NA,NA,NA,NA,NA,NA,NA,NA,NA,NA,NA,NA,NA,NA,NA
532,poodle,poodle_4.png,53.125,1.484174428,0.639199134,892.9033333,354.34871,126.79973,93.27,1,poodle,3.27,4.114444444,6,4.666666667,17,dog,12,5.17,3,leash,1,3.12,5,mammal,1,3.71,6,giant poodle,1,NA,11,NA,NA,NA,NA,NA,NA,NA,NA,NA,NA,NA,NA,NA,NA,NA,NA,NA,NA,NA,NA,NA,NA,NA,NA,NA,NA,NA,NA,NA,NA,NA,NA,NA,NA,NA,NA,NA,NA,NA,NA,NA,NA,NA,NA
533,poppy,poppy_1.png,63.63636364,0.945660305,0.945660305,839.1242424,319.02654,108.84737,93.93333333,1,flower,4.5,4.310909091,6,5.636363636,21,poppy,12,3.98,5,NA,NA,NA,NA,NA,NA,NA,NA,NA,NA,NA,NA,NA,NA,NA,NA,NA,NA,NA,NA,NA,NA,NA,NA,NA,NA,NA,NA,NA,NA,NA,NA,NA,NA,NA,NA,NA,NA,NA,NA,NA,NA,NA,NA,NA,NA,NA,NA,NA,NA,NA,NA,NA,NA,NA,NA
534,poppy,poppy_2.png,46.875,1.415341398,0.892980999,908.384375,376.96572,130.60956,94.490625,1,flower,4.5,4.30625,6,5.34375,15,poppy,13,3.98,5,rose,4,4.64,4,NA,NA,NA,NA,NA,NA,NA,NA,NA,NA,NA,NA,NA,NA,NA,NA,NA,NA,NA,NA,NA,NA,NA,NA,NA,NA,NA,NA,NA,NA,NA,NA,NA,NA,NA,NA,NA,NA,NA,NA,NA,NA,NA,NA,NA,NA,NA,NA,NA,NA,NA,NA
535,poppy,poppy_3.png,53.125,1.490765512,0.745382756,943.5451613,421.06564,148.22349,90.37741933,1,poppy,3.98,4.236666667,5,5.266666667,17,flower,11,4.5,6,rose,3,4.64,4,plant,1,4.81,5,NA,NA,NA,NA,NA,NA,NA,NA,NA,NA,NA,NA,NA,NA,NA,NA,NA,NA,NA,NA,NA,NA,NA,NA,NA,NA,NA,NA,NA,NA,NA,NA,NA,NA,NA,NA,NA,NA,NA,NA,NA,NA,NA,NA,NA,NA,NA,NA
536,poppy,poppy_4.png,39.39393939,1.777395677,0.888697839,818.5363637,477.56693,162.93912,92.18484849,1,poppy,3.98,4.343636364,5,5.121212121,13,flower,11,4.5,6,rose,7,4.64,4,plant,2,4.81,5,NA,NA,NA,NA,NA,NA,NA,NA,NA,NA,NA,NA,NA,NA,NA,NA,NA,NA,NA,NA,NA,NA,NA,NA,NA,NA,NA,NA,NA,NA,NA,NA,NA,NA,NA,NA,NA,NA,NA,NA,NA,NA,NA,NA,NA,NA,NA,NA
537,postbox,postbox_1.png,76.47058824,1.151548925,0.495945128,772.8411765,304.38817,102.31431,93.1617647,0,postbox,2.59,2.680322581,7,7.322580645,26,letterbox,5,3.15,9,post,1,4.87,4,mailbox,1,2.64,7,letters,1,4.56,7,NA,NA,NA,NA,NA,NA,NA,NA,NA,NA,NA,NA,NA,NA,NA,NA,NA,NA,NA,NA,NA,NA,NA,NA,NA,NA,NA,NA,NA,NA,NA,NA,NA,NA,NA,NA,NA,NA,NA,NA,NA,NA,NA,NA
538,postbox,postbox_2.png,78.78787879,1.219805251,0.471885085,792.6757576,331.92166,113.247,88.63030307,0,postbox,2.59,2.779333333,7,6.933333333,26,letterbox,2,3.15,9,post,2,4.87,4,mailbox,1,2.64,7,letters,1,4.56,7,box,1,5.12,3,NA,NA,NA,NA,NA,NA,NA,NA,NA,NA,NA,NA,NA,NA,NA,NA,NA,NA,NA,NA,NA,NA,NA,NA,NA,NA,NA,NA,NA,NA,NA,NA,NA,NA,NA,NA,NA,NA,NA,NA
539,postbox,postbox_3.png,70.58823529,1.45073518,0.561220977,977.2852941,452.08217,151.95886,95.40882353,0,postbox,2.59,2.716451613,7,7.451612903,24,letterbox,7,3.15,9,post,1,4.87,4,mail,1,4.63,4,letters,1,4.56,7,NA,NA,NA,NA,NA,NA,NA,NA,NA,NA,NA,NA,NA,NA,NA,NA,NA,NA,NA,NA,NA,NA,NA,NA,NA,NA,NA,NA,NA,NA,NA,NA,NA,NA,NA,NA,NA,NA,NA,NA,NA,NA,NA,NA
540,postbox,postbox_4.png,84.375,0.92556367,0.398618576,779.4419355,273.68577,96.34284,97.3419355,0,postbox,2.59,2.593571429,7,7,27,mailbox,2,2.64,7,letterbox,1,3.15,9,post,1,4.87,4,letters,1,4.56,7,NA,NA,NA,NA,NA,NA,NA,NA,NA,NA,NA,NA,NA,NA,NA,NA,NA,NA,NA,NA,NA,NA,NA,NA,NA,NA,NA,NA,NA,NA,NA,NA,NA,NA,NA,NA,NA,NA,NA,NA,NA,NA,NA,NA
541,puffball,puffball_1.png,31.25,2.241523095,0.798446637,1698.452381,949.04013,405.90371,96.76190466,1,mushroom,3.87,3.731176471,8,6.941176471,9,fungus,6,3.48,6,coral,3,3.86,5,plant,1,4.81,5,sea creature,1,2.576549318,11,white,1,5.25,5,algae,1,5,3.44,NA,NA,NA,NA,NA,NA,NA,NA,NA,NA,NA,NA,NA,NA,NA,NA,NA,NA,NA,NA,NA,NA,NA,NA,NA,NA,NA,NA,NA,NA,NA,NA,NA,NA,NA,NA
542,puffball,puffball_2.png,28.125,3.288502306,0.888678794,1705.882353,838.67724,398.67453,96.89411764,1,mushroom,3.87,3.964,8,7,7,fungus,3,3.48,6,fruit,2,4.73,5,coral,2,3.86,5,food,1,5.45,4,bob,1,4.86,3,sea creature,1,11,NA,sea urchin,1,9,2.729159482,egg,1,3,NA,puffball fungus,1,14,NA,urchin,1,6,3.06,mollusc,1,7,2.67,sea sponge,1,9,NA,NA,NA,NA,NA,NA,NA,NA,NA,NA,NA,NA,NA
543,puffball,puffball_3.png,43.75,3.239097918,0.936309277,1543.88,983.34496,497.63207,95.73333336,1,mushroom,3.87,3.96,8,7.571428571,4,coconut,3,4.08,7,fungus,2,3.48,6,fruit,2,4.73,5,coconut oil,1,2.057463562,10,fish,1,5.19,4,plant,1,5,4.81,urchin,1,6,NA,coral,1,5,3.86,sea urchin,1,9,2.729159482,ball,1,4,5.33,NA,NA,NA,NA,NA,NA,NA,NA,NA,NA,NA,NA,NA,NA,NA,NA,NA,NA,NA,NA
544,puffball,puffball_4.png,38.23529412,2.494918848,0.787059267,1613.98,1184.95463,519.31972,100.445,1,mushroom,3.87,3.613887931,8,7.6,10,fungus,4,3.48,6,sea urchin,2,2.729159482,9,coconut,1,4.08,7,fruit,1,NA,5,plant,1,4.81,5,k,1,1,4.05,puffball mushroom,1,16,0.996765722,coral,1,5,3.86,NA,NA,NA,NA,NA,NA,NA,NA,NA,NA,NA,NA,NA,NA,NA,NA,NA,NA,NA,NA,NA,NA,NA,NA,NA,NA,NA,NA
545,racecar,racecar_1.png,43.75,2.572890722,0.774517283,1183.368966,838.17508,305.05899,90.31034479,0,car,5.44,4.274807163,3,5.48,14,race car,5,2.695735726,7,racing car,4,3.12709949,9,sports car,3,3.387700829,9,racing,1,4.57,6,porsche race car,1,NA,14,f1,1,2,NA,porsche racing car,1,16,NA,porsche 929 cup car,1,16,NA,speed car,1,8,1.695735726,NA,NA,NA,NA,NA,NA,NA,NA,NA,NA,NA,NA,NA,NA,NA,NA,NA,NA,NA,NA,NA,NA,NA,NA
546,racecar,racecar_2.png,53.125,2.090734101,0.744734513,940.8064516,486.12082,171.12421,86.62580645,0,car,5.44,4.531585521,3,5,17,race car,5,2.695735726,7,sports car,4,3.387700829,9,vehicle,2,4.52,7,racing car,2,3.12709949,9,race,1,5.11,4,porsche 911 cup car,1,16,NA,NA,NA,NA,NA,NA,NA,NA,NA,NA,NA,NA,NA,NA,NA,NA,NA,NA,NA,NA,NA,NA,NA,NA,NA,NA,NA,NA,NA,NA,NA,NA,NA,NA,NA,NA,NA
547,racecar,racecar_3.png,56.25,2.080525687,0.693508562,895.1709677,474.57175,167.05871,87.44193548,0,car,5.44,4.624431223,3,4.703703704,18,race car,5,2.695735726,7,racing car,3,3.12709949,9,sports car,2,3.387700829,9,race track,1,2.809679079,9,racing  car,1,NA,9,vehicle,1,7,4.52,aston martin dbs racecar,1,21,NA,NA,NA,NA,NA,NA,NA,NA,NA,NA,NA,NA,NA,NA,NA,NA,NA,NA,NA,NA,NA,NA,NA,NA,NA,NA,NA,NA,NA,NA,NA,NA,NA
548,racecar,racecar_4.png,37.5,2.358458593,0.786152864,1177.15,652.98802,226.24465,97.478125,0,car,5.44,3.937373314,3,5.571428571,12,race car,8,2.695735726,7,racing car,6,3.12709949,9,f1 car,2,2.318985017,5,vehicle,1,4.52,7,f1,1,3.34,2,sports car,1,9,3.387700829,fast,1,4,5.09,NA,NA,NA,NA,NA,NA,NA,NA,NA,NA,NA,NA,NA,NA,NA,NA,NA,NA,NA,NA,NA,NA,NA,NA,NA,NA,NA,NA,NA,NA,NA,NA
549,raspberry,raspberry_1.png,71.875,1.35009961,0.581456253,1029.243333,507.68173,181.66824,88.93000002,1,raspberry,3.81,3.874285714,9,8.142857143,23,berry,4,3.8,5,fruit,3,4.73,5,rasberry pie,1,NA,11,strawberry,1,3.99,10,NA,NA,NA,NA,NA,NA,NA,NA,NA,NA,NA,NA,NA,NA,NA,NA,NA,NA,NA,NA,NA,NA,NA,NA,NA,NA,NA,NA,NA,NA,NA,NA,NA,NA,NA,NA,NA,NA,NA,NA,NA,NA,NA,NA
550,raspberry,raspberry_2.png,60.60606061,1.637164971,0.633341865,1101.996875,643.19943,222.85313,91.125,1,raspberry,3.81,3.819333333,9,8,20,berry,8,3.8,5,strawberry,2,3.99,10,fruit,1,4.73,5,loganberry,1,NA,10,redcurrant,1,2.7,10,NA,NA,NA,NA,NA,NA,NA,NA,NA,NA,NA,NA,NA,NA,NA,NA,NA,NA,NA,NA,NA,NA,NA,NA,NA,NA,NA,NA,NA,NA,NA,NA,NA,NA,NA,NA,NA,NA,NA,NA
551,raspberry,raspberry_3.png,75,1.16268789,0.581343945,980.875,646.71216,224.07021,95.09687504,1,raspberry,3.81,3.897741935,9,8.096774194,24,berry,4,3.8,5,fruit,3,4.73,5,strawberry,1,3.99,10,NA,NA,NA,NA,NA,NA,NA,NA,NA,NA,NA,NA,NA,NA,NA,NA,NA,NA,NA,NA,NA,NA,NA,NA,NA,NA,NA,NA,NA,NA,NA,NA,NA,NA,NA,NA,NA,NA,NA,NA,NA,NA,NA,NA,NA,NA,NA,NA
552,raspberry,raspberry_4.png,77.41935484,0.9042326,0.570507251,1227.316129,1026.47984,361.34135,93.84193542,1,raspberry,3.81,3.808,9,8.2,24,berry,6,3.8,5,grapes,1,3.79,6,NA,NA,NA,NA,NA,NA,NA,NA,NA,NA,NA,NA,NA,NA,NA,NA,NA,NA,NA,NA,NA,NA,NA,NA,NA,NA,NA,NA,NA,NA,NA,NA,NA,NA,NA,NA,NA,NA,NA,NA,NA,NA,NA,NA,NA,NA,NA,NA,NA,NA,NA,NA
553,robin,robin_1.png,93.75,0.399790067,0.252239448,839.4,300.35768,104.06671,90.43437498,1,robin,4.42,4.42,5,5,30,animal,1,4.93,6,bird feeder,1,2.515279662,10,NA,NA,NA,NA,NA,NA,NA,NA,NA,NA,NA,NA,NA,NA,NA,NA,NA,NA,NA,NA,NA,NA,NA,NA,NA,NA,NA,NA,NA,NA,NA,NA,NA,NA,NA,NA,NA,NA,NA,NA,NA,NA,NA,NA,NA,NA,NA,NA,NA,NA,NA,NA
554,robin,robin_2.png,72.72727273,0.845350937,0.845350937,871.3969698,369.59362,126.10014,93.06969697,1,robin,4.42,4.537272727,5,4.727272727,24,bird,9,4.85,4,NA,NA,NA,NA,NA,NA,NA,NA,NA,NA,NA,NA,NA,NA,NA,NA,NA,NA,NA,NA,NA,NA,NA,NA,NA,NA,NA,NA,NA,NA,NA,NA,NA,NA,NA,NA,NA,NA,NA,NA,NA,NA,NA,NA,NA,NA,NA,NA,NA,NA,NA,NA,NA,NA,NA,NA
555,robin,robin_3.png,100,0,0,801.6545454,289.05695,98.62216,94.63636364,1,robin,4.42,4.42,5,5,33,NA,NA,NA,NA,NA,NA,NA,NA,NA,NA,NA,NA,NA,NA,NA,NA,NA,NA,NA,NA,NA,NA,NA,NA,NA,NA,NA,NA,NA,NA,NA,NA,NA,NA,NA,NA,NA,NA,NA,NA,NA,NA,NA,NA,NA,NA,NA,NA,NA,NA,NA,NA,NA,NA,NA,NA,NA,NA,NA,NA
556,robin,robin_4.png,87.5,0.543564443,0.543564443,984.3612903,487.05566,171.4533,88.49677421,1,robin,4.42,4.475483871,5,4.870967742,28,bird,4,4.85,4,NA,NA,NA,NA,NA,NA,NA,NA,NA,NA,NA,NA,NA,NA,NA,NA,NA,NA,NA,NA,NA,NA,NA,NA,NA,NA,NA,NA,NA,NA,NA,NA,NA,NA,NA,NA,NA,NA,NA,NA,NA,NA,NA,NA,NA,NA,NA,NA,NA,NA,NA,NA,NA,NA,NA,NA
557,rose,rose_1.png,50,1.496696365,0.644592039,976.209375,450.92275,156.2339,88.33750008,1,flower,4.5,4.562758621,6,5.103448276,16,rose,13,4.64,4,plant,1,4.81,5,nature,1,4.83,6,yellow rose,1,1.774916972,10,NA,NA,NA,NA,NA,NA,NA,NA,NA,NA,NA,NA,NA,NA,NA,NA,NA,NA,NA,NA,NA,NA,NA,NA,NA,NA,NA,NA,NA,NA,NA,NA,NA,NA,NA,NA,NA,NA,NA,NA,NA,NA,NA,NA
558,rose,rose_2.png,62.5,1.260692411,0.630346206,971.5125,693.12954,240.15272,95.00937501,1,rose,4.64,4.593333333,4,4.666666667,20,flower,10,4.5,6,plant,1,4.81,5,pink rose,1,2.075946968,8,NA,NA,NA,NA,NA,NA,NA,NA,NA,NA,NA,NA,NA,NA,NA,NA,NA,NA,NA,NA,NA,NA,NA,NA,NA,NA,NA,NA,NA,NA,NA,NA,NA,NA,NA,NA,NA,NA,NA,NA,NA,NA,NA,NA,NA,NA,NA,NA
559,rose,rose_3.png,87.87878788,0.631171805,0.398225072,795.2757576,293.35363,100.08813,90.20000002,1,rose,4.64,4.626875,4,4.1875,29,flower,3,4.5,6,plant,1,4.81,5,NA,NA,NA,NA,NA,NA,NA,NA,NA,NA,NA,NA,NA,NA,NA,NA,NA,NA,NA,NA,NA,NA,NA,NA,NA,NA,NA,NA,NA,NA,NA,NA,NA,NA,NA,NA,NA,NA,NA,NA,NA,NA,NA,NA,NA,NA,NA,NA,NA,NA,NA,NA
560,rose,rose_4.png,78.125,0.757878463,0.757878463,896.296875,394.93191,136.83441,92.72499999,1,rose,4.64,4.609375,4,4.4375,25,flower,7,4.5,6,NA,NA,NA,NA,NA,NA,NA,NA,NA,NA,NA,NA,NA,NA,NA,NA,NA,NA,NA,NA,NA,NA,NA,NA,NA,NA,NA,NA,NA,NA,NA,NA,NA,NA,NA,NA,NA,NA,NA,NA,NA,NA,NA,NA,NA,NA,NA,NA,NA,NA,NA,NA,NA,NA,NA,NA
561,rowboat,rowboat_1.png,68.75,1.636960293,0.583097021,1029.6625,610.13626,211.39754,90.09999999,0,boat,4.89,4.506893132,4,4.75,22,canoe,3,3.5,5,rowing boat,3,2.704335898,10,kayak,1,3.27,5,sea,1,5.2,3,row boat,1,1.951008231,7,rowing,1,6,3.92,NA,NA,NA,NA,NA,NA,NA,NA,NA,NA,NA,NA,NA,NA,NA,NA,NA,NA,NA,NA,NA,NA,NA,NA,NA,NA,NA,NA,NA,NA,NA,NA,NA,NA,NA,NA
562,rowboat,rowboat_2.png,59.375,1.954202804,0.696101084,1388.56129,918.58532,323.36033,88.99677415,0,boat,4.89,4.194436958,4,4.827586207,19,canoe,4,3.5,5,rowing boat,3,2.704335898,10,kayak,2,3.27,5,rowboat,2,1.39,7,water,1,5.53,5,rowing,1,6,3.92,NA,NA,NA,NA,NA,NA,NA,NA,NA,NA,NA,NA,NA,NA,NA,NA,NA,NA,NA,NA,NA,NA,NA,NA,NA,NA,NA,NA,NA,NA,NA,NA,NA,NA,NA,NA
563,rowboat,rowboat_3.png,63.63636364,1.692782184,0.65485754,1273.024242,712.1115,242.96243,92.59696968,0,boat,4.89,4.240377306,4,4.838709677,21,canoe,5,3.5,5,row boat,3,1.951008231,7,rowing boat,2,2.704335898,10,kayak,1,3.27,5,dinghy,1,2.98,6,NA,NA,NA,NA,NA,NA,NA,NA,NA,NA,NA,NA,NA,NA,NA,NA,NA,NA,NA,NA,NA,NA,NA,NA,NA,NA,NA,NA,NA,NA,NA,NA,NA,NA,NA,NA,NA,NA,NA,NA
564,rowboat,rowboat_4.png,65.625,1.543650192,0.664813952,1172.48125,890.33091,308.47825,95.67500008,0,boat,4.89,4.395215467,4,5.064516129,21,rowing boat,5,2.704335898,10,canoe,3,3.5,5,ship,2,4.77,4,row boat,1,1.951008231,7,NA,NA,NA,NA,NA,NA,NA,NA,NA,NA,NA,NA,NA,NA,NA,NA,NA,NA,NA,NA,NA,NA,NA,NA,NA,NA,NA,NA,NA,NA,NA,NA,NA,NA,NA,NA,NA,NA,NA,NA,NA,NA,NA,NA
565,satchel,satchel_1.png,46.875,1.665341398,0.644241995,1134.60625,739.79901,256.32257,86.803125,0,satchel,2.65,3.69,7,5.142857143,15,bag,13,4.89,3,purse,1,3.92,5,wallet,1,3.81,6,case,1,5.43,4,messenger bag,1,NA,12,NA,NA,NA,NA,NA,NA,NA,NA,NA,NA,NA,NA,NA,NA,NA,NA,NA,NA,NA,NA,NA,NA,NA,NA,NA,NA,NA,NA,NA,NA,NA,NA,NA,NA,NA,NA,NA,NA,NA,NA
566,satchel,satchel_2.png,48.48484848,1.891250246,0.67367693,1124.26875,638.25676,221.14062,94.62812499,0,satchel,2.65,3.574137931,7,5.482758621,16,bag,11,4.89,3,handbag,2,3.73,7,leather laptop case,1,NA,17,man bag,1,2.308519583,6,container,1,3.77,9,messenger bag,1,12,NA,NA,NA,NA,NA,NA,NA,NA,NA,NA,NA,NA,NA,NA,NA,NA,NA,NA,NA,NA,NA,NA,NA,NA,NA,NA,NA,NA,NA,NA,NA,NA,NA,NA,NA,NA,NA
567,satchel,satchel_3.png,65.625,1.226000285,0.613000142,997.9375,551.39843,191.0463,90.49375002,0,bag,4.89,4.218,3,4.2,21,satchel,9,2.65,7,container,1,3.77,9,messenger bag,1,NA,12,NA,NA,NA,NA,NA,NA,NA,NA,NA,NA,NA,NA,NA,NA,NA,NA,NA,NA,NA,NA,NA,NA,NA,NA,NA,NA,NA,NA,NA,NA,NA,NA,NA,NA,NA,NA,NA,NA,NA,NA,NA,NA,NA,NA,NA,NA,NA,NA
568,satchel,satchel_4.png,50,1.475997041,0.635677325,926.13125,335.16613,116.12701,91.51875003,0,bag,4.89,3.844666667,3,4.866666667,17,satchel,14,2.65,7,wallet,1,NA,6,container,1,3.77,9,messenger bag,1,NA,12,NA,NA,NA,NA,NA,NA,NA,NA,NA,NA,NA,NA,NA,NA,NA,NA,NA,NA,NA,NA,NA,NA,NA,NA,NA,NA,NA,NA,NA,NA,NA,NA,NA,NA,NA,NA,NA,NA,NA,NA,NA,NA,NA,NA
569,saucepan,saucepan_1.png,43.75,1.519974209,0.759987104,1233.159375,422.53567,146.39846,90.38750001,0,pan,4.6,3.969677419,3,5.258064516,14,saucepan,14,3.17,8,pot,3,4.76,3,boiling water,1,3.394705731,12,NA,NA,NA,NA,NA,NA,NA,NA,NA,NA,NA,NA,NA,NA,NA,NA,NA,NA,NA,NA,NA,NA,NA,NA,NA,NA,NA,NA,NA,NA,NA,NA,NA,NA,NA,NA,NA,NA,NA,NA,NA,NA,NA,NA,NA,NA,NA,NA
570,saucepan,saucepan_2.png,45.45454545,1.722487788,0.741835112,986.8060605,394.39654,134.56255,92.6878789,0,pan,4.6,4.067096774,3,4.935483871,15,saucepan,12,3.17,8,pot,4,4.76,3,frying pan,1,3.331219473,9,saucepan and lid,1,NA,14,NA,NA,NA,NA,NA,NA,NA,NA,NA,NA,NA,NA,NA,NA,NA,NA,NA,NA,NA,NA,NA,NA,NA,NA,NA,NA,NA,NA,NA,NA,NA,NA,NA,NA,NA,NA,NA,NA,NA,NA,NA,NA,NA,NA
571,saucepan,saucepan_3.png,53.125,1.725903724,0.743306276,750,188.05284,65.15579,92.39062499,0,pan,4.6,3.875593134,3,4.838709677,17,saucepan,9,3.17,8,milk pan,3,1.297795718,7,pot,2,4.76,3,boiling water,1,3.394705731,12,NA,NA,NA,NA,NA,NA,NA,NA,NA,NA,NA,NA,NA,NA,NA,NA,NA,NA,NA,NA,NA,NA,NA,NA,NA,NA,NA,NA,NA,NA,NA,NA,NA,NA,NA,NA,NA,NA,NA,NA,NA,NA,NA,NA
572,saucepan,saucepan_4.png,56.25,1.310056249,0.655028124,816.2999999,437.54136,154.02328,89.13548383,0,pan,4.6,4.057586207,3,4.896551724,18,saucepan,12,3.17,8,pot,1,4.76,3,milk pan,1,1.297795718,7,NA,NA,NA,NA,NA,NA,NA,NA,NA,NA,NA,NA,NA,NA,NA,NA,NA,NA,NA,NA,NA,NA,NA,NA,NA,NA,NA,NA,NA,NA,NA,NA,NA,NA,NA,NA,NA,NA,NA,NA,NA,NA,NA,NA,NA,NA,NA,NA
573,schooner,schooner_1.png,93.75,0.399790067,0.252239448,1016.129032,717.55507,252.59368,97.62258061,0,glass,4.92,4.92,5,5,30,cup,1,5.09,3,fine glass,1,1.394705731,9,NA,NA,NA,NA,NA,NA,NA,NA,NA,NA,NA,NA,NA,NA,NA,NA,NA,NA,NA,NA,NA,NA,NA,NA,NA,NA,NA,NA,NA,NA,NA,NA,NA,NA,NA,NA,NA,NA,NA,NA,NA,NA,NA,NA,NA,NA,NA,NA,NA,NA,NA,NA
574,schooner,schooner_2.png,83.87096774,0.858508563,0.429254281,943.99,432.34752,154.71073,95.80000002,0,glass,4.92,4.683956253,5,5.428571429,26,wine glass,3,2.716925025,9,flute,1,3.48,5,goblet,1,3.22,6,NA,NA,NA,NA,NA,NA,NA,NA,NA,NA,NA,NA,NA,NA,NA,NA,NA,NA,NA,NA,NA,NA,NA,NA,NA,NA,NA,NA,NA,NA,NA,NA,NA,NA,NA,NA,NA,NA,NA,NA,NA,NA,NA,NA,NA,NA,NA,NA
575,schooner,schooner_3.png,83.87096774,0.793992434,0.500953451,929.8700001,561.27854,200.84726,99.65000002,0,glass,4.92,4.893666667,5,4.733333333,26,cup,3,5.09,3,vase,2,4.27,4,NA,NA,NA,NA,NA,NA,NA,NA,NA,NA,NA,NA,NA,NA,NA,NA,NA,NA,NA,NA,NA,NA,NA,NA,NA,NA,NA,NA,NA,NA,NA,NA,NA,NA,NA,NA,NA,NA,NA,NA,NA,NA,NA,NA,NA,NA,NA,NA,NA,NA,NA,NA
576,schooner,schooner_4.png,75.75757576,1.261021627,0.543092454,1163.76875,1168.92773,405.00535,100.86875,0,glass,4.92,4.684640324,5,5.129032258,25,cup,3,5.09,3,goblet,2,3.22,6,wine glass,2,2.716925025,9,fancy glass,1,0.996765722,10,NA,NA,NA,NA,NA,NA,NA,NA,NA,NA,NA,NA,NA,NA,NA,NA,NA,NA,NA,NA,NA,NA,NA,NA,NA,NA,NA,NA,NA,NA,NA,NA,NA,NA,NA,NA,NA,NA,NA,NA,NA,NA,NA,NA
577,seahorse,seahorse_1.png,90.90909091,0.583584487,0.291792243,930.8424243,405.35529,138.30153,93.19090905,1,seahorse,2.8,2.8,8,8,30,sea,1,5.2,3,fish,1,5.19,4,animal,1,4.93,6,NA,NA,NA,NA,NA,NA,NA,NA,NA,NA,NA,NA,NA,NA,NA,NA,NA,NA,NA,NA,NA,NA,NA,NA,NA,NA,NA,NA,NA,NA,NA,NA,NA,NA,NA,NA,NA,NA,NA,NA,NA,NA,NA,NA,NA,NA,NA,NA
578,seahorse,seahorse_2.png,93.75,0.399790067,0.252239448,888.5233333,344.97554,123.44565,92.31333334,1,seahorse,2.8,2.8,8,8,30,sea,1,5.2,3,horse,1,NA,5,NA,NA,NA,NA,NA,NA,NA,NA,NA,NA,NA,NA,NA,NA,NA,NA,NA,NA,NA,NA,NA,NA,NA,NA,NA,NA,NA,NA,NA,NA,NA,NA,NA,NA,NA,NA,NA,NA,NA,NA,NA,NA,NA,NA,NA,NA,NA,NA,NA,NA,NA,NA
579,seahorse,seahorse_3.png,93.75,0.399790067,0.252239448,796.5903226,280.46182,98.72815,94.73225806,1,seahorse,2.8,2.8,8,8,30,sea,1,5.2,3,fish,1,5.19,4,NA,NA,NA,NA,NA,NA,NA,NA,NA,NA,NA,NA,NA,NA,NA,NA,NA,NA,NA,NA,NA,NA,NA,NA,NA,NA,NA,NA,NA,NA,NA,NA,NA,NA,NA,NA,NA,NA,NA,NA,NA,NA,NA,NA,NA,NA,NA,NA,NA,NA,NA,NA
580,seahorse,seahorse_4.png,90.625,0.597454723,0.298727362,980.2,791.12926,278.49326,87.26451612,1,seahorse,2.8,2.8,8,8,29,sea,1,5.2,3,fish,1,5.19,4,dragon fish,1,1.172856981,10,NA,NA,NA,NA,NA,NA,NA,NA,NA,NA,NA,NA,NA,NA,NA,NA,NA,NA,NA,NA,NA,NA,NA,NA,NA,NA,NA,NA,NA,NA,NA,NA,NA,NA,NA,NA,NA,NA,NA,NA,NA,NA,NA,NA,NA,NA,NA,NA
581,seaturtle,seaturtle_1.png,87.5,0.458685816,0.458685816,1167.754839,468.95121,165.08017,100.6612904,1,turtle,3.64,3.503548387,6,6.193548387,28,terrapin,3,2.23,8,NA,NA,NA,NA,NA,NA,NA,NA,NA,NA,NA,NA,NA,NA,NA,NA,NA,NA,NA,NA,NA,NA,NA,NA,NA,NA,NA,NA,NA,NA,NA,NA,NA,NA,NA,NA,NA,NA,NA,NA,NA,NA,NA,NA,NA,NA,NA,NA,NA,NA,NA,NA,NA,NA,NA,NA
582,seaturtle,seaturtle_2.png,87.5,0.731064443,0.365532222,1055.467742,537.12148,189.07746,99.6064516,1,turtle,3.64,3.547469215,6,6.2,28,sea turtle,2,2.252038227,9,amphibian,1,2.78,9,sea,1,NA,3,NA,NA,NA,NA,NA,NA,NA,NA,NA,NA,NA,NA,NA,NA,NA,NA,NA,NA,NA,NA,NA,NA,NA,NA,NA,NA,NA,NA,NA,NA,NA,NA,NA,NA,NA,NA,NA,NA,NA,NA,NA,NA,NA,NA,NA,NA,NA,NA
583,seaturtle,seaturtle_3.png,84.375,0.98806367,0.382235204,885.2,379.43108,131.46375,92.43750001,1,turtle,3.64,3.64,6,6,27,animal,1,4.93,6,ocean,1,4.49,5,sea turtle,1,2.252038227,9,amphibian,1,2.78,9,tortoise,1,3.82,8,NA,NA,NA,NA,NA,NA,NA,NA,NA,NA,NA,NA,NA,NA,NA,NA,NA,NA,NA,NA,NA,NA,NA,NA,NA,NA,NA,NA,NA,NA,NA,NA,NA,NA,NA,NA,NA,NA,NA,NA
584,seaturtle,seaturtle_4.png,83.87096774,0.637387499,0.637387499,971.1193548,506.46015,178.28407,94.69354833,1,turtle,3.64,3.669032258,6,6.322580645,26,tortoise,5,3.82,8,NA,NA,NA,NA,NA,NA,NA,NA,NA,NA,NA,NA,NA,NA,NA,NA,NA,NA,NA,NA,NA,NA,NA,NA,NA,NA,NA,NA,NA,NA,NA,NA,NA,NA,NA,NA,NA,NA,NA,NA,NA,NA,NA,NA,NA,NA,NA,NA,NA,NA,NA,NA,NA,NA,NA,NA
585,seaweed,seaweed_1.png,75,1.080424345,0.465313438,1299.443333,614.15561,219.76873,92.15000002,1,seaweed,3.83,3.938888889,7,6.777777778,24,plant,3,4.81,5,sea,1,5.2,3,moss,1,3.87,4,algae,1,3.44,5,NA,NA,NA,NA,NA,NA,NA,NA,NA,NA,NA,NA,NA,NA,NA,NA,NA,NA,NA,NA,NA,NA,NA,NA,NA,NA,NA,NA,NA,NA,NA,NA,NA,NA,NA,NA,NA,NA,NA,NA,NA,NA,NA,NA
586,seaweed,seaweed_2.png,51.51515152,1.931118769,0.643706256,1425.275,732.33661,292.99028,92.02499999,1,seaweed,3.83,3.981,7,6.4,17,plant,3,4.81,5,moss,2,3.87,4,sea,1,5.2,3,tree,1,4.95,4,fish,1,5.19,4,coral,1,5,3.86,algae,1,5,NA,NA,NA,NA,NA,NA,NA,NA,NA,NA,NA,NA,NA,NA,NA,NA,NA,NA,NA,NA,NA,NA,NA,NA,NA,NA,NA,NA,NA,NA,NA,NA,NA
587,seaweed,seaweed_3.png,81.25,0.766509507,0.383254753,1536.9,572.96078,205.02761,99.29333333,1,seaweed,3.83,3.9,7,6.857142857,26,plant,2,4.81,5,sea,1,5.2,3,algae,1,3.44,5,NA,NA,NA,NA,NA,NA,NA,NA,NA,NA,NA,NA,NA,NA,NA,NA,NA,NA,NA,NA,NA,NA,NA,NA,NA,NA,NA,NA,NA,NA,NA,NA,NA,NA,NA,NA,NA,NA,NA,NA,NA,NA,NA,NA,NA,NA,NA,NA
588,seaweed,seaweed_4.png,30.3030303,2.597893763,0.819544236,1513.9375,747.51338,299.06214,91.14166676,1,seaweed,3.83,4.2455,7,6.25,10,plant,6,4.81,5,vegetable,3,4.18,9,leaf,3,4.29,4,green,1,5.22,5,leafy green,1,1.841863762,10,cactus,1,6,NA,algae,1,5,3.44,kale,1,4,3.22,NA,NA,NA,NA,NA,NA,NA,NA,NA,NA,NA,NA,NA,NA,NA,NA,NA,NA,NA,NA,NA,NA,NA,NA,NA,NA,NA,NA
589,sedan,sedan_1.png,87.87878788,0.631171805,0.398225072,802.075,295.59861,102.41781,92.27187498,0,car,5.44,5.44,3,3,29,ford car,1,NA,7,ford,1,4.21,4,vehicle,1,4.52,7,ford focus,1,2.721041591,9,NA,NA,NA,NA,NA,NA,NA,NA,NA,NA,NA,NA,NA,NA,NA,NA,NA,NA,NA,NA,NA,NA,NA,NA,NA,NA,NA,NA,NA,NA,NA,NA,NA,NA,NA,NA,NA,NA,NA,NA,NA,NA,NA,NA
590,sedan,sedan_2.png,90.625,0.534954723,0.337518852,1124.390625,545.5896,189.03367,86.53124992,0,car,5.44,5.380645161,3,3.258064516,29,vehicle,2,4.52,7,car engine,1,2.394705731,9,NA,NA,NA,NA,NA,NA,NA,NA,NA,NA,NA,NA,NA,NA,NA,NA,NA,NA,NA,NA,NA,NA,NA,NA,NA,NA,NA,NA,NA,NA,NA,NA,NA,NA,NA,NA,NA,NA,NA,NA,NA,NA,NA,NA,NA,NA,NA,NA,NA,NA,NA,NA
591,sedan,sedan_3.png,93.93939394,0.32984607,0.32984607,891.7242424,651.90879,222.42211,96.72424242,0,car,5.44,5.384242424,3,3.242424242,31,vehicle,2,4.52,7,NA,NA,NA,NA,NA,NA,NA,NA,NA,NA,NA,NA,NA,NA,NA,NA,NA,NA,NA,NA,NA,NA,NA,NA,NA,NA,NA,NA,NA,NA,NA,NA,NA,NA,NA,NA,NA,NA,NA,NA,NA,NA,NA,NA,NA,NA,NA,NA,NA,NA,NA,NA,NA,NA,NA,NA
592,sedan,sedan_4.png,90.625,0.597454723,0.298727362,835.515625,327.61486,113.51068,86.62812496,0,car,5.44,5.44,3,3,29,car engine,1,2.394705731,9,suitcase,1,3.78,8,vehicle,1,4.52,7,NA,NA,NA,NA,NA,NA,NA,NA,NA,NA,NA,NA,NA,NA,NA,NA,NA,NA,NA,NA,NA,NA,NA,NA,NA,NA,NA,NA,NA,NA,NA,NA,NA,NA,NA,NA,NA,NA,NA,NA,NA,NA,NA,NA,NA,NA,NA,NA
593,sheep,sheep_1.png,78.125,1.160897117,0.499971175,1043.68125,802.08061,277.90165,97.76874999,1,sheep,4.67,4.627333333,5,4.833333333,25,lamb,3,4.61,4,goat,2,4.12,4,animal,1,4.93,6,mammal,1,3.71,6,NA,NA,NA,NA,NA,NA,NA,NA,NA,NA,NA,NA,NA,NA,NA,NA,NA,NA,NA,NA,NA,NA,NA,NA,NA,NA,NA,NA,NA,NA,NA,NA,NA,NA,NA,NA,NA,NA,NA,NA,NA,NA,NA,NA
594,sheep,sheep_2.png,90.625,0.597454723,0.298727362,790.6258064,280.17373,98.62673,86.21935482,1,sheep,4.67,4.67,5,5,29,animal,1,4.93,6,lamb,1,NA,4,mammal,1,3.71,6,NA,NA,NA,NA,NA,NA,NA,NA,NA,NA,NA,NA,NA,NA,NA,NA,NA,NA,NA,NA,NA,NA,NA,NA,NA,NA,NA,NA,NA,NA,NA,NA,NA,NA,NA,NA,NA,NA,NA,NA,NA,NA,NA,NA,NA,NA,NA,NA
595,sheep,sheep_3.png,84.375,0.812842679,0.350072287,1020.393103,538.48313,195.98426,98.11034484,1,sheep,4.67,4.67,5,5,27,animal,1,4.93,6,wool,1,4.11,4,cow,1,NA,3,mammal,1,3.71,6,NA,NA,NA,NA,NA,NA,NA,NA,NA,NA,NA,NA,NA,NA,NA,NA,NA,NA,NA,NA,NA,NA,NA,NA,NA,NA,NA,NA,NA,NA,NA,NA,NA,NA,NA,NA,NA,NA,NA,NA,NA,NA,NA,NA
596,sheep,sheep_4.png,87.5,0.644974209,0.406933419,984.25625,401.31764,139.04691,93.84062504,1,sheep,4.67,4.616774194,5,4.903225806,28,goat,3,4.12,4,ram,1,3.65,3,NA,NA,NA,NA,NA,NA,NA,NA,NA,NA,NA,NA,NA,NA,NA,NA,NA,NA,NA,NA,NA,NA,NA,NA,NA,NA,NA,NA,NA,NA,NA,NA,NA,NA,NA,NA,NA,NA,NA,NA,NA,NA,NA,NA,NA,NA,NA,NA,NA,NA,NA,NA
597,shoebox,shoebox_1.png,81.81818182,0.92556367,0.398618576,1369.375,805.28494,279.01187,93.590625,0,box,5.12,4.874,3,3.4,27,shoebox,3,2.66,7,stool,1,3.71,5,cards,1,4.59,5,NA,NA,NA,NA,NA,NA,NA,NA,NA,NA,NA,NA,NA,NA,NA,NA,NA,NA,NA,NA,NA,NA,NA,NA,NA,NA,NA,NA,NA,NA,NA,NA,NA,NA,NA,NA,NA,NA,NA,NA,NA,NA,NA,NA,NA,NA,NA,NA
598,shoebox,shoebox_2.png,48.48484848,1.489758698,0.641604148,1078.254545,483.60787,165.0002,89.75757573,0,box,5.12,3.972,3,4.866666667,16,shoebox,14,2.66,7,tub,1,3.7,3,trunk,1,3.93,5,container,1,3.77,9,NA,NA,NA,NA,NA,NA,NA,NA,NA,NA,NA,NA,NA,NA,NA,NA,NA,NA,NA,NA,NA,NA,NA,NA,NA,NA,NA,NA,NA,NA,NA,NA,NA,NA,NA,NA,NA,NA,NA,NA,NA,NA,NA,NA
599,shoebox,shoebox_3.png,80.64516129,0.95108648,0.47554324,1045.477419,566.65377,199.47342,93.31290333,0,box,5.12,4.780689655,3,3.551724138,25,shoebox,4,2.66,7,storage box,1,1.737128411,10,block,1,4.57,5,NA,NA,NA,NA,NA,NA,NA,NA,NA,NA,NA,NA,NA,NA,NA,NA,NA,NA,NA,NA,NA,NA,NA,NA,NA,NA,NA,NA,NA,NA,NA,NA,NA,NA,NA,NA,NA,NA,NA,NA,NA,NA,NA,NA,NA,NA,NA,NA
600,shoebox,shoebox_4.png,70.96774194,1.015244839,0.640548176,1126.73,580.65793,207.78195,105.84,0,box,5.12,4.526206897,3,3.965517241,22,shoebox,8,2.66,7,box file,1,1.473886977,7,NA,NA,NA,NA,NA,NA,NA,NA,NA,NA,NA,NA,NA,NA,NA,NA,NA,NA,NA,NA,NA,NA,NA,NA,NA,NA,NA,NA,NA,NA,NA,NA,NA,NA,NA,NA,NA,NA,NA,NA,NA,NA,NA,NA,NA,NA,NA,NA,NA,NA,NA,NA
601,shopping basket,shopping basket_1.png,68.75,1.184140762,0.592070381,962.267742,465.99286,164.03877,98.83870967,0,basket,4.16,3.727408107,6,7.931034483,22,shopping basket,8,2.367833584,14,clothing,1,4.14,8,container,1,3.77,9,NA,NA,NA,NA,NA,NA,NA,NA,NA,NA,NA,NA,NA,NA,NA,NA,NA,NA,NA,NA,NA,NA,NA,NA,NA,NA,NA,NA,NA,NA,NA,NA,NA,NA,NA,NA,NA,NA,NA,NA,NA,NA,NA,NA,NA,NA,NA,NA
602,shopping basket,shopping basket_2.png,69.6969697,1.479195166,0.572230802,1095.203226,605.8169,213.25961,88.34193546,0,basket,4.16,3.82811733,6,7.481481481,23,shopping basket,5,2.367833584,14,container,2,3.77,9,shopping,1,4.67,8,wash basket,1,1.297795718,10,laundry basket,1,2.534584817,13,NA,NA,NA,NA,NA,NA,NA,NA,NA,NA,NA,NA,NA,NA,NA,NA,NA,NA,NA,NA,NA,NA,NA,NA,NA,NA,NA,NA,NA,NA,NA,NA,NA,NA,NA,NA,NA,NA,NA,NA
603,shopping basket,shopping basket_3.png,71.875,1.134580955,0.567290477,913.315625,538.00712,186.40654,91.925,0,basket,4.16,3.741827836,6,7.866666667,23,shopping basket,7,2.367833584,14,groceries,1,3.13,9,container,1,3.77,9,NA,NA,NA,NA,NA,NA,NA,NA,NA,NA,NA,NA,NA,NA,NA,NA,NA,NA,NA,NA,NA,NA,NA,NA,NA,NA,NA,NA,NA,NA,NA,NA,NA,NA,NA,NA,NA,NA,NA,NA,NA,NA,NA,NA,NA,NA,NA,NA
604,shopping basket,shopping basket_4.png,75,1.076597656,0.538298828,842,369.54067,130.08568,94.55161289,0,basket,4.16,3.789206948,6,7.655172414,24,shopping basket,6,2.367833584,14,supermarket isle,1,NA,15,container,1,3.77,9,NA,NA,NA,NA,NA,NA,NA,NA,NA,NA,NA,NA,NA,NA,NA,NA,NA,NA,NA,NA,NA,NA,NA,NA,NA,NA,NA,NA,NA,NA,NA,NA,NA,NA,NA,NA,NA,NA,NA,NA,NA,NA,NA,NA,NA,NA,NA,NA
605,siamese,siamese_1.png,96.875,0.200622324,0.200622324,982.609375,974.20941,337.54013,94.15000002,1,cat,4.83,4.83,3,3,31,mammal,1,3.71,6,NA,NA,NA,NA,NA,NA,NA,NA,NA,NA,NA,NA,NA,NA,NA,NA,NA,NA,NA,NA,NA,NA,NA,NA,NA,NA,NA,NA,NA,NA,NA,NA,NA,NA,NA,NA,NA,NA,NA,NA,NA,NA,NA,NA,NA,NA,NA,NA,NA,NA,NA,NA,NA,NA,NA,NA
606,siamese,siamese_2.png,93.5483871,0.2108423,0.2108423,772.3366666,319.7787,114.42923,103.1366667,1,cat,4.83,4.83,3,3,29,siamese cat,1,1.899855709,10,NA,NA,NA,NA,NA,NA,NA,NA,NA,NA,NA,NA,NA,NA,NA,NA,NA,NA,NA,NA,NA,NA,NA,NA,NA,NA,NA,NA,NA,NA,NA,NA,NA,NA,NA,NA,NA,NA,NA,NA,NA,NA,NA,NA,NA,NA,NA,NA,NA,NA,NA,NA,NA,NA,NA,NA
607,siamese,siamese_3.png,96.77419355,0.205592508,0.205592508,839.0166666,410.79125,146.99706,96.26000001,1,cat,4.83,4.83,3,3,30,siamese cat,1,1.899855709,10,NA,NA,NA,NA,NA,NA,NA,NA,NA,NA,NA,NA,NA,NA,NA,NA,NA,NA,NA,NA,NA,NA,NA,NA,NA,NA,NA,NA,NA,NA,NA,NA,NA,NA,NA,NA,NA,NA,NA,NA,NA,NA,NA,NA,NA,NA,NA,NA,NA,NA,NA,NA,NA,NA,NA,NA
608,siamese,siamese_4.png,81.25,0.818091464,0.516158246,993.0354839,610.25312,214.82126,93.99032257,1,cat,4.83,4.439314095,3,3.933333333,26,siamese cat,5,1.899855709,10,sphinx,1,2.79,6,NA,NA,NA,NA,NA,NA,NA,NA,NA,NA,NA,NA,NA,NA,NA,NA,NA,NA,NA,NA,NA,NA,NA,NA,NA,NA,NA,NA,NA,NA,NA,NA,NA,NA,NA,NA,NA,NA,NA,NA,NA,NA,NA,NA,NA,NA,NA,NA,NA,NA,NA,NA
609,silo,silo_1.png,28.125,2.497200775,0.787779135,1540.695833,958.79944,383.59262,98.72500001,0,tower,4.5,3.67,5,5.421052632,9,silo,8,2.56,4,lighthouse,3,3.77,10,mill,1,4.27,4,gain tower,1,NA,9,chimney,1,3.9,7,water tower,1,10,NA,industry,1,8,4.95,observatory,1,11,3.37,NA,NA,NA,NA,NA,NA,NA,NA,NA,NA,NA,NA,NA,NA,NA,NA,NA,NA,NA,NA,NA,NA,NA,NA,NA,NA,NA,NA
610,silo,silo_2.png,25,2.944613393,0.821379134,1252.756,631.99614,247.73794,105.108,0,silo,2.56,3.6225,4,4.875,8,tower,7,4.5,5,building,2,5.24,8,spaceship,1,3.56,9,mill,1,4.27,4,observatory,1,3.37,11,rocket,1,6,4.32,farm,1,4,4.81,missile,1,7,3.66,container,1,9,3.77,grain silo,1,9,1.297795718,storage tower,1,12,NA,NA,NA,NA,NA,NA,NA,NA,NA,NA,NA,NA,NA,NA,NA,NA,NA
611,silo,silo_3.png,25,2.855388542,0.825392393,1819.6,1186.77914,507.5845,97.17142856,0,silo,2.56,3.425714286,4,5.214285714,8,tower,6,4.5,5,lighthouse,2,3.77,10,mill,1,4.27,4,tank,1,4.34,4,container,1,3.77,9,water tower,1,10,2.428129486,watermill,1,9,2.49,factory,1,7,NA,observatory,1,11,3.37,water tank,1,9,2.907923331,NA,NA,NA,NA,NA,NA,NA,NA,NA,NA,NA,NA,NA,NA,NA,NA,NA,NA,NA,NA
612,silo,silo_4.png,25,3.064091782,0.828034508,1001.088,584.29183,229.03819,97.57200005,0,silo,2.56,3.674117647,4,4.882352941,8,tower,7,4.5,5,building,2,5.24,8,spaceship,1,3.56,9,mill,1,4.27,4,factory,1,4.59,7,rocket,1,6,NA,farm,1,4,4.81,missile,1,7,3.66,container,1,9,3.77,granary,1,7,2.64,grain silo,1,9,1.297795718,storage tower,1,12,NA,NA,NA,NA,NA,NA,NA,NA,NA,NA,NA,NA,NA
613,skateboard,skateboard_1.png,93.75,0.399790067,0.252239448,985.7419355,667.44592,234.95426,91.5451613,0,skateboard,3.39,3.39,10,10,30,board,1,5.1,5,skate,1,3.61,5,NA,NA,NA,NA,NA,NA,NA,NA,NA,NA,NA,NA,NA,NA,NA,NA,NA,NA,NA,NA,NA,NA,NA,NA,NA,NA,NA,NA,NA,NA,NA,NA,NA,NA,NA,NA,NA,NA,NA,NA,NA,NA,NA,NA,NA,NA,NA,NA,NA,NA,NA,NA
614,skateboard,skateboard_2.png,100,0,0,711.96875,226.15177,78.35615,91.71562499,0,skateboard,3.39,3.39,10,10,33,NA,NA,NA,NA,NA,NA,NA,NA,NA,NA,NA,NA,NA,NA,NA,NA,NA,NA,NA,NA,NA,NA,NA,NA,NA,NA,NA,NA,NA,NA,NA,NA,NA,NA,NA,NA,NA,NA,NA,NA,NA,NA,NA,NA,NA,NA,NA,NA,NA,NA,NA,NA,NA,NA,NA,NA,NA,NA,NA,NA
615,skateboard,skateboard_3.png,96.875,0.200622324,0.200622324,787.709375,325.90208,112.91723,89.69999997,0,skateboard,3.39,3.39,10,10,31,skate,1,3.61,5,NA,NA,NA,NA,NA,NA,NA,NA,NA,NA,NA,NA,NA,NA,NA,NA,NA,NA,NA,NA,NA,NA,NA,NA,NA,NA,NA,NA,NA,NA,NA,NA,NA,NA,NA,NA,NA,NA,NA,NA,NA,NA,NA,NA,NA,NA,NA,NA,NA,NA,NA,NA,NA,NA,NA,NA
616,skateboard,skateboard_4.png,93.75,0.399790067,0.252239448,817.496875,292.54377,101.35939,89.340625,0,skateboard,3.39,3.39,10,10,30,vehicle,1,4.52,7,board,1,5.1,5,NA,NA,NA,NA,NA,NA,NA,NA,NA,NA,NA,NA,NA,NA,NA,NA,NA,NA,NA,NA,NA,NA,NA,NA,NA,NA,NA,NA,NA,NA,NA,NA,NA,NA,NA,NA,NA,NA,NA,NA,NA,NA,NA,NA,NA,NA,NA,NA,NA,NA,NA,NA
617,sled,sled_1.png,46.875,1.916965414,0.682836858,974.5354838,424.86271,149.56014,92.57741932,0,sledge,3.3,3.158888889,6,5.333333333,15,sled,11,3.09,4,toboggan,2,2.55,8,sleigh,1,3.31,6,santa's sleigh,1,NA,13,bench,1,4.2,5,vehicle,1,7,4.52,NA,NA,NA,NA,NA,NA,NA,NA,NA,NA,NA,NA,NA,NA,NA,NA,NA,NA,NA,NA,NA,NA,NA,NA,NA,NA,NA,NA,NA,NA,NA,NA,NA,NA,NA,NA
618,sled,sled_2.png,43.75,1.878173191,0.726576571,1268.623333,635.65772,227.46302,88.82333332,0,sledge,3.3,3.164642857,6,5.357142857,14,sled,11,3.09,4,sleigh,2,3.31,6,toboggan,2,2.55,8,santa's sleigh,1,NA,13,vehicle,1,4.52,7,NA,NA,NA,NA,NA,NA,NA,NA,NA,NA,NA,NA,NA,NA,NA,NA,NA,NA,NA,NA,NA,NA,NA,NA,NA,NA,NA,NA,NA,NA,NA,NA,NA,NA,NA,NA,NA,NA,NA,NA
619,sled,sled_3.png,42.42424242,2.299328016,0.766442672,1154.432258,378.03557,133.07605,91.48709669,0,sledge,3.3,3.448275862,6,5.103448276,14,sled,9,3.09,4,sleigh,3,3.31,6,boat,2,4.89,4,snow,2,4.79,4,ski,1,NA,3,vehicle,1,7,4.52,bob,1,3,4.86,NA,NA,NA,NA,NA,NA,NA,NA,NA,NA,NA,NA,NA,NA,NA,NA,NA,NA,NA,NA,NA,NA,NA,NA,NA,NA,NA,NA,NA,NA,NA,NA
620,sled,sled_4.png,40.625,1.973913366,0.763613927,1143.275,607.01492,210.31608,95.65312497,0,sled,3.09,3.207931034,4,5.103448276,13,sledge,10,3.3,6,sleigh,6,3.31,6,wood,1,4.78,4,toboggan,1,2.55,8,wood bob,1,NA,7,NA,NA,NA,NA,NA,NA,NA,NA,NA,NA,NA,NA,NA,NA,NA,NA,NA,NA,NA,NA,NA,NA,NA,NA,NA,NA,NA,NA,NA,NA,NA,NA,NA,NA,NA,NA,NA,NA,NA,NA
621,sneaker,sneaker_1.png,63.63636364,1.182032094,0.745779218,1076.335484,637.85055,224.53611,91.83548386,0,trainer,3.92,3.865,7,6.1,21,shoe,9,4.15,4,sneaker,2,2.06,7,show,1,5.77,4,NA,NA,NA,NA,NA,NA,NA,NA,NA,NA,NA,NA,NA,NA,NA,NA,NA,NA,NA,NA,NA,NA,NA,NA,NA,NA,NA,NA,NA,NA,NA,NA,NA,NA,NA,NA,NA,NA,NA,NA,NA,NA,NA,NA,NA,NA,NA,NA
622,sneaker,sneaker_2.png,41.93548387,1.901575124,0.735629675,924.1275862,660.93938,240.55297,94.63103447,0,shoe,4.15,3.799259259,4,5.740740741,13,trainer,11,3.92,7,sneaker,2,2.06,7,converse,2,2.77,8,plimsoll,1,2.26,8,vans sneaker,1,NA,11,NA,NA,NA,NA,NA,NA,NA,NA,NA,NA,NA,NA,NA,NA,NA,NA,NA,NA,NA,NA,NA,NA,NA,NA,NA,NA,NA,NA,NA,NA,NA,NA,NA,NA,NA,NA,NA,NA,NA,NA
623,sneaker,sneaker_3.png,46.875,1.574284096,0.787142048,958.465625,529.68816,183.52422,91.98124999,0,trainer,3.92,3.756333333,7,5.9,15,shoe,11,4.15,4,sneaker,4,2.06,7,nike shoe,1,NA,8,show,1,5.77,4,NA,NA,NA,NA,NA,NA,NA,NA,NA,NA,NA,NA,NA,NA,NA,NA,NA,NA,NA,NA,NA,NA,NA,NA,NA,NA,NA,NA,NA,NA,NA,NA,NA,NA,NA,NA,NA,NA,NA,NA,NA,NA,NA,NA
624,sneaker,sneaker_4.png,59.375,1.133432101,0.715116036,920.6866667,548.51827,196.28113,93.10333333,0,trainer,3.92,4.007241379,7,5.862068966,19,shoe,12,4.15,4,sneaker,1,2.06,7,NA,NA,NA,NA,NA,NA,NA,NA,NA,NA,NA,NA,NA,NA,NA,NA,NA,NA,NA,NA,NA,NA,NA,NA,NA,NA,NA,NA,NA,NA,NA,NA,NA,NA,NA,NA,NA,NA,NA,NA,NA,NA,NA,NA,NA,NA,NA,NA,NA,NA,NA,NA
625,snowmobile,snowmobile_1.png,37.5,2.606238929,0.753372003,1562.639286,806.25596,298.63589,92.9107143,0,snowmobile,2.04,1.877894737,10,8.526315789,12,jetski,8,1.6,6,ski machine,1,0.996765722,10,snow speeder,1,0.996765722,11,snow,1,4.79,4,transport,1,4.62,9,ski,1,3,3.88,scooter,1,7,NA,ski mobil,1,8,NA,truck,1,5,4.22,sledge,1,6,3.3,tools,1,5,4.21,NA,NA,NA,NA,NA,NA,NA,NA,NA,NA,NA,NA,NA,NA,NA,NA
626,snowmobile,snowmobile_2.png,34.375,3.188106502,0.83735469,1459.028571,722.49643,267.61151,108.9928572,0,snowmobile,2.04,2.465238095,10,8,11,jetski,3,1.6,6,skidoo,3,1.97,6,snow,2,4.79,4,vehicle,2,4.52,7,snow speeder,1,NA,11,bobsleigh,1,9,2.69,sledge,1,6,NA,sled,1,4,3.09,skiing,1,6,3.8,snow plough,1,10,2.385931806,ski,1,3,3.88,sleigh,1,6,3.31,snow jet,1,7,NA,NA,NA,NA,NA,NA,NA,NA,NA
627,snowmobile,snowmobile_3.png,31.25,2.859265829,0.797572033,1195.040625,583.32398,202.10774,88.74374998,0,snowmobile,2.04,1.831578947,10,8.105263158,10,jetski,9,1.6,6,snow buggy,2,NA,9,ski mobile,2,NA,9,snow ski,1,0.996765722,7,ski mobil,1,NA,8,ski,1,3,3.88,sledge,1,6,3.3,vehicle,1,7,4.52,snow plough,1,10,2.385931806,skidoo,1,6,1.97,snow bike,1,8,NA,ski buggy,1,8,NA,NA,NA,NA,NA,NA,NA,NA,NA,NA,NA,NA,NA
628,snowmobile,snowmobile_4.png,27.27272727,3.465842585,0.866460646,1700.106897,943.03851,343.22469,100.4413793,0,snowmobile,2.04,2.185555556,10,8.111111111,9,jetski,5,1.6,6,snow ski,2,NA,7,vehicle,2,4.52,7,skidoo,2,1.97,6,ski machinery,1,NA,12,snow speeder,1,11,0.996765722,snow,1,4,4.79,scooter,1,7,3.63,drone,1,5,3.34,sledge,1,6,3.3,skiing,1,6,3.8,ski mobile,1,9,NA,ski buggy,1,8,NA,ski jet,1,6,NA,snow jet,1,7,NA
629,spaniel,spaniel_1.png,84.375,0.98806367,0.382235204,863.7875,498.90439,172.85838,90.79687492,1,dog,5.17,5.17,3,3,27,labrador,1,3.23,8,collar,1,3.98,6,spaniel,1,3.2,7,mammal,1,3.71,6,king charles dog,1,NA,14,NA,NA,NA,NA,NA,NA,NA,NA,NA,NA,NA,NA,NA,NA,NA,NA,NA,NA,NA,NA,NA,NA,NA,NA,NA,NA,NA,NA,NA,NA,NA,NA,NA,NA,NA,NA,NA,NA,NA,NA
630,spaniel,spaniel_2.png,84.375,0.98806367,0.382235204,1013.26875,813.30608,281.791,100.98125,1,dog,5.17,5.17,3,3,27,animal,1,4.93,6,dog leash,1,1.297795718,8,spaniel,1,3.2,7,mammal,1,3.71,6,gun dog,1,1.871826985,6,NA,NA,NA,NA,NA,NA,NA,NA,NA,NA,NA,NA,NA,NA,NA,NA,NA,NA,NA,NA,NA,NA,NA,NA,NA,NA,NA,NA,NA,NA,NA,NA,NA,NA,NA,NA,NA,NA,NA,NA
631,spaniel,spaniel_3.png,93.75,0.337290067,0.337290067,1123.49375,1158.49276,401.38989,100.5,1,dog,5.17,5.046875,3,3.25,30,spaniel,2,3.2,7,NA,NA,NA,NA,NA,NA,NA,NA,NA,NA,NA,NA,NA,NA,NA,NA,NA,NA,NA,NA,NA,NA,NA,NA,NA,NA,NA,NA,NA,NA,NA,NA,NA,NA,NA,NA,NA,NA,NA,NA,NA,NA,NA,NA,NA,NA,NA,NA,NA,NA,NA,NA,NA,NA,NA,NA
632,spaniel,spaniel_4.png,75,1.076597656,0.538298828,870.896875,361.68112,125.31382,87.359375,1,dog,5.17,4.776,3,3.8,24,spaniel,6,3.2,7,mammal,1,3.71,6,charles spaniel,1,1.871826985,14,NA,NA,NA,NA,NA,NA,NA,NA,NA,NA,NA,NA,NA,NA,NA,NA,NA,NA,NA,NA,NA,NA,NA,NA,NA,NA,NA,NA,NA,NA,NA,NA,NA,NA,NA,NA,NA,NA,NA,NA,NA,NA,NA,NA,NA,NA,NA,NA
633,speedboat,speedboat_1.png,51.51515152,1.162872082,0.733690596,1193.09375,876.44312,303.66647,92.91562501,0,boat,4.89,3.986774194,4,6.258064516,17,speedboat,15,2.89,9,ship,1,4.77,4,NA,NA,NA,NA,NA,NA,NA,NA,NA,NA,NA,NA,NA,NA,NA,NA,NA,NA,NA,NA,NA,NA,NA,NA,NA,NA,NA,NA,NA,NA,NA,NA,NA,NA,NA,NA,NA,NA,NA,NA,NA,NA,NA,NA,NA,NA,NA,NA,NA,NA,NA,NA
634,speedboat,speedboat_2.png,57.57575758,1.294994945,0.647497472,983.79375,506.63095,175.53544,94.84687497,0,boat,4.89,4.09,4,6,19,speedboat,12,2.89,9,yacht,1,3.77,5,ship,1,4.77,4,NA,NA,NA,NA,NA,NA,NA,NA,NA,NA,NA,NA,NA,NA,NA,NA,NA,NA,NA,NA,NA,NA,NA,NA,NA,NA,NA,NA,NA,NA,NA,NA,NA,NA,NA,NA,NA,NA,NA,NA,NA,NA,NA,NA,NA,NA,NA,NA
635,speedboat,speedboat_3.png,61.29032258,0.962900415,0.962900415,1241.636667,885.98933,317.04138,96.1666666,0,boat,4.89,4.09,4,6,19,speedboat,12,2.89,9,NA,NA,NA,NA,NA,NA,NA,NA,NA,NA,NA,NA,NA,NA,NA,NA,NA,NA,NA,NA,NA,NA,NA,NA,NA,NA,NA,NA,NA,NA,NA,NA,NA,NA,NA,NA,NA,NA,NA,NA,NA,NA,NA,NA,NA,NA,NA,NA,NA,NA,NA,NA,NA,NA,NA,NA
636,speedboat,speedboat_4.png,60.60606061,1.260692411,0.630346206,1264.715625,687.23865,238.11167,86.62187498,0,boat,4.89,4.223333333,4,5.666666667,20,speedboat,10,2.89,9,yacht,1,3.77,5,race boat,1,1.297795718,8,NA,NA,NA,NA,NA,NA,NA,NA,NA,NA,NA,NA,NA,NA,NA,NA,NA,NA,NA,NA,NA,NA,NA,NA,NA,NA,NA,NA,NA,NA,NA,NA,NA,NA,NA,NA,NA,NA,NA,NA,NA,NA,NA,NA,NA,NA,NA,NA
637,sponge,sponge_1.png,28.125,3.022286955,0.843045626,1966.221053,1226.89394,551.66866,102.4157895,1,coral,3.86,4.05,5,5,9,plant,2,4.81,5,sponge,2,4.12,6,loofah,2,NA,6,sea sponge,1,1.649978236,9,sea,1,5.2,3,sea urchin,1,9,2.729159482,sea creature,1,11,2.576549318,pickle,1,6,3.66,undersea sponge,1,14,NA,seaweed,1,7,3.83,sea thing,1,8,1.473886977,NA,NA,NA,NA,NA,NA,NA,NA,NA,NA,NA,NA,NA,NA,NA,NA
638,sponge,sponge_2.png,59.375,3.026986833,0.954908028,1501.8,1189.67395,737.35401,89.47000002,1,plant,4.81,4.77,5,5,3,fruit,2,4.73,5,coral,2,3.86,5,coconut,1,4.08,7,vegetable,1,4.18,9,blob,1,3.49,4,seaweed,1,7,3.83,bacteria,1,8,NA,melon,1,5,3.49,NA,NA,NA,NA,NA,NA,NA,NA,NA,NA,NA,NA,NA,NA,NA,NA,NA,NA,NA,NA,NA,NA,NA,NA,NA,NA,NA,NA
639,sponge,sponge_3.png,50,1.720175521,0.612738884,1507.628571,780.54607,333.83893,96.72380952,1,coral,3.86,4.038125,5,5,16,plant,3,4.81,5,sponge,1,4.12,6,fossil,1,3.73,6,sea creature,1,2.576549318,11,seabed,1,3.46,6,seaweed,1,7,3.83,NA,NA,NA,NA,NA,NA,NA,NA,NA,NA,NA,NA,NA,NA,NA,NA,NA,NA,NA,NA,NA,NA,NA,NA,NA,NA,NA,NA,NA,NA,NA,NA,NA,NA,NA,NA
640,sponge,sponge_4.png,53.125,2.330124965,0.83000726,1545.614286,979.38086,513.02164,91.92142857,1,coral,3.86,4.071111111,5,5,7,fossil,2,3.73,6,plant,2,4.81,5,crystal,1,4.16,7,sponge,1,4.12,6,honeycomb,1,3.26,9,seaweed,1,7,3.83,NA,NA,NA,NA,NA,NA,NA,NA,NA,NA,NA,NA,NA,NA,NA,NA,NA,NA,NA,NA,NA,NA,NA,NA,NA,NA,NA,NA,NA,NA,NA,NA,NA,NA,NA,NA
641,sportster,sportster_1.png,80.64516129,0.886570351,0.559363613,1008.196667,800.55031,286.46798,103.1966667,0,car,5.44,5.146814404,3,3.857142857,25,sports car,4,3.387700829,9,mazda car,1,NA,8,mazda mx5,1,1.172856981,8,NA,NA,NA,NA,NA,NA,NA,NA,NA,NA,NA,NA,NA,NA,NA,NA,NA,NA,NA,NA,NA,NA,NA,NA,NA,NA,NA,NA,NA,NA,NA,NA,NA,NA,NA,NA,NA,NA,NA,NA,NA,NA,NA,NA,NA,NA,NA,NA
642,sportster,sportster_2.png,84.375,0.73806367,0.465666329,1004.75,683.85376,236.93888,98.31875006,0,car,5.44,5.203996898,3,3.344827586,27,smart car,2,2.017955021,8,sports car,1,3.387700829,9,car (smart),1,NA,10,smart car 2x2,1,NA,11,NA,NA,NA,NA,NA,NA,NA,NA,NA,NA,NA,NA,NA,NA,NA,NA,NA,NA,NA,NA,NA,NA,NA,NA,NA,NA,NA,NA,NA,NA,NA,NA,NA,NA,NA,NA,NA,NA,NA,NA,NA,NA,NA,NA
643,sportster,sportster_3.png,81.25,0.930892729,0.465446365,1062.36,995.6616,356.28638,93.67000001,0,car,5.44,5.220110803,3,3.642857143,26,sports car,4,3.387700829,9,classic car,1,3.028174186,10,convertable,1,NA,11,NA,NA,NA,NA,NA,NA,NA,NA,NA,NA,NA,NA,NA,NA,NA,NA,NA,NA,NA,NA,NA,NA,NA,NA,NA,NA,NA,NA,NA,NA,NA,NA,NA,NA,NA,NA,NA,NA,NA,NA,NA,NA,NA,NA,NA,NA,NA,NA
644,sportster,sportster_4.png,81.81818182,1.032819496,0.444811146,1073.209091,755.89682,257.90137,94.87575758,0,car,5.44,5.376551724,3,3.275862069,27,vehicle,2,4.52,7,volkswagen bettle car,1,NA,19,vintage car,1,2.553068223,10,classic car,1,3.028174186,10,vw beetle,1,2.18709742,8,NA,NA,NA,NA,NA,NA,NA,NA,NA,NA,NA,NA,NA,NA,NA,NA,NA,NA,NA,NA,NA,NA,NA,NA,NA,NA,NA,NA,NA,NA,NA,NA,NA,NA,NA,NA,NA,NA,NA,NA
645,spruce,spruce_1.png,84.375,0.98806367,0.382235204,857.978125,389.06519,134.80174,97.14375001,1,tree,4.95,4.95,4,4,27,christmas tree,1,3.61533675,13,plant,1,4.81,5,pine tree,1,2.45916372,8,leaves,1,4.81,6,pine,1,3.99,4,NA,NA,NA,NA,NA,NA,NA,NA,NA,NA,NA,NA,NA,NA,NA,NA,NA,NA,NA,NA,NA,NA,NA,NA,NA,NA,NA,NA,NA,NA,NA,NA,NA,NA,NA,NA,NA,NA,NA,NA
646,spruce,spruce_2.png,84.375,0.92556367,0.398618576,777.00625,300.9985,104.28874,94.93437509,1,tree,4.95,4.883793103,4,4,27,pine,2,3.99,4,christmas tree,1,3.61533675,13,conifer,1,2.82,7,leaf,1,4.29,4,NA,NA,NA,NA,NA,NA,NA,NA,NA,NA,NA,NA,NA,NA,NA,NA,NA,NA,NA,NA,NA,NA,NA,NA,NA,NA,NA,NA,NA,NA,NA,NA,NA,NA,NA,NA,NA,NA,NA,NA,NA,NA,NA,NA
647,spruce,spruce_3.png,90.32258065,0.612069284,0.306034642,966.8499999,679.69126,243.21992,100.9866667,1,tree,4.95,4.829310345,4,3.931034483,28,fir,2,3.2,3,pine tree,1,2.45916372,8,NA,NA,NA,NA,NA,NA,NA,NA,NA,NA,NA,NA,NA,NA,NA,NA,NA,NA,NA,NA,NA,NA,NA,NA,NA,NA,NA,NA,NA,NA,NA,NA,NA,NA,NA,NA,NA,NA,NA,NA,NA,NA,NA,NA,NA,NA,NA,NA,NA,NA,NA,NA
648,spruce,spruce_4.png,78.78787879,1.098593129,0.473138308,948.9099999,518.07549,185.38753,90.63333338,1,tree,4.95,4.752272111,4,5.333333333,26,christmas tree,4,3.61533675,13,pine,1,3.99,4,fir,1,3.2,3,pine tree,1,2.45916372,8,NA,NA,NA,NA,NA,NA,NA,NA,NA,NA,NA,NA,NA,NA,NA,NA,NA,NA,NA,NA,NA,NA,NA,NA,NA,NA,NA,NA,NA,NA,NA,NA,NA,NA,NA,NA,NA,NA,NA,NA,NA,NA,NA,NA
649,stapler,stapler_1.png,93.75,0.399790067,0.252239448,797.353125,250.49179,86.78939,92.97499998,0,stapler,2.58,2.58,7,7,30,tool,1,4.07,4,office,1,5.13,6,NA,NA,NA,NA,NA,NA,NA,NA,NA,NA,NA,NA,NA,NA,NA,NA,NA,NA,NA,NA,NA,NA,NA,NA,NA,NA,NA,NA,NA,NA,NA,NA,NA,NA,NA,NA,NA,NA,NA,NA,NA,NA,NA,NA,NA,NA,NA,NA,NA,NA,NA,NA
650,stapler,stapler_2.png,100,0,0,1195.072727,508.84931,173.61222,86.7939394,0,stapler,2.58,2.58,7,7,33,NA,NA,NA,NA,NA,NA,NA,NA,NA,NA,NA,NA,NA,NA,NA,NA,NA,NA,NA,NA,NA,NA,NA,NA,NA,NA,NA,NA,NA,NA,NA,NA,NA,NA,NA,NA,NA,NA,NA,NA,NA,NA,NA,NA,NA,NA,NA,NA,NA,NA,NA,NA,NA,NA,NA,NA,NA,NA,NA,NA
651,stapler,stapler_3.png,100,0,0,837.50625,231.63091,80.25454,93.56562501,0,stapler,2.58,2.58,7,7,32,NA,NA,NA,NA,NA,NA,NA,NA,NA,NA,NA,NA,NA,NA,NA,NA,NA,NA,NA,NA,NA,NA,NA,NA,NA,NA,NA,NA,NA,NA,NA,NA,NA,NA,NA,NA,NA,NA,NA,NA,NA,NA,NA,NA,NA,NA,NA,NA,NA,NA,NA,NA,NA,NA,NA,NA,NA,NA,NA,NA
652,stapler,stapler_4.png,96.875,0.200622324,0.200622324,886.70625,367.93778,127.48159,93.54374999,0,stapler,2.58,2.58,7,7,31,office,1,5.13,6,NA,NA,NA,NA,NA,NA,NA,NA,NA,NA,NA,NA,NA,NA,NA,NA,NA,NA,NA,NA,NA,NA,NA,NA,NA,NA,NA,NA,NA,NA,NA,NA,NA,NA,NA,NA,NA,NA,NA,NA,NA,NA,NA,NA,NA,NA,NA,NA,NA,NA,NA,NA,NA,NA,NA,NA
653,steamboat,steamboat_1.png,53.125,1.576855747,0.679114806,950.2933333,526.69614,188.47233,87.51999999,0,boat,4.89,4.842857143,4,4,17,ship,11,4.77,4,steamboat,2,2.37,9,battleship,1,3.03,10,passenger boat,1,NA,13,NA,NA,NA,NA,NA,NA,NA,NA,NA,NA,NA,NA,NA,NA,NA,NA,NA,NA,NA,NA,NA,NA,NA,NA,NA,NA,NA,NA,NA,NA,NA,NA,NA,NA,NA,NA,NA,NA,NA,NA,NA,NA,NA,NA
654,steamboat,steamboat_2.png,46.875,1.602841398,0.690306216,1065.887097,629.17858,221.48339,102.4548387,0,ship,4.77,4.662,4,4.333333333,15,boat,13,4.89,4,steamboat,2,2.37,9,ferry,1,4.02,5,fishing trawler,1,NA,14,NA,NA,NA,NA,NA,NA,NA,NA,NA,NA,NA,NA,NA,NA,NA,NA,NA,NA,NA,NA,NA,NA,NA,NA,NA,NA,NA,NA,NA,NA,NA,NA,NA,NA,NA,NA,NA,NA,NA,NA,NA,NA,NA,NA
655,steamboat,steamboat_3.png,43.75,1.864921284,0.721450034,1010.34,674.78999,241.46606,93.70333332,0,boat,4.89,4.834615385,4,4,14,ship,12,4.77,4,steamboat,2,2.37,9,tug boat,2,2.172856981,7,ferry,1,4.02,5,battleship boardgame,1,NA,19,NA,NA,NA,NA,NA,NA,NA,NA,NA,NA,NA,NA,NA,NA,NA,NA,NA,NA,NA,NA,NA,NA,NA,NA,NA,NA,NA,NA,NA,NA,NA,NA,NA,NA,NA,NA,NA,NA,NA,NA
656,steamboat,steamboat_4.png,59.375,1.727793039,0.615452298,1140.844828,587.69301,213.8945,94.78275857,0,boat,4.89,4.853076923,4,4,19,ship,8,4.77,4,yacht,1,NA,5,tug,1,3.51,3,sail boat,1,1.996765722,8,steamboat,1,2.37,9,NA,NA,NA,NA,NA,NA,NA,NA,NA,NA,NA,NA,NA,NA,NA,NA,NA,NA,NA,NA,NA,NA,NA,NA,NA,NA,NA,NA,NA,NA,NA,NA,NA,NA,NA,NA,NA,NA,NA,NA
657,steamroller,steamroller_1.png,34.375,2.398847453,0.799615818,1327.153572,849.93622,314.815,104.9749999,0,roller,3.95,3.487826087,6,7.739130435,11,steamroller,7,2.51,11,tractor,5,3.84,7,road roller,2,1.394705731,10,roadwork,1,1.74,8,digger lifter,1,NA,12,farm,1,4,4.81,roller machine,1,13,NA,NA,NA,NA,NA,NA,NA,NA,NA,NA,NA,NA,NA,NA,NA,NA,NA,NA,NA,NA,NA,NA,NA,NA,NA,NA,NA,NA,NA,NA,NA,NA,NA
658,steamroller,steamroller_2.png,21.875,3.26977905,0.858805947,1672.938462,1332.73436,512.27718,96.83461541,0,steamroller,2.51,3.363888889,11,8.444444444,7,roller,7,3.95,6,tractor,3,3.84,7,machinery,2,3.88,9,road flattening machine,1,NA,21,heavy roller,1,NA,11,road,1,4,5.28,car,1,3,5.44,flatten,1,7,3.24,truck,1,5,4.22,roller press,1,11,NA,digging vehicle,1,14,NA,vehicle,1,7,4.52,digger,1,6,3.81,NA,NA,NA,NA,NA,NA,NA,NA
659,steamroller,steamroller_3.png,56.25,1.903601955,0.678076698,1391.606452,1016.23297,357.73425,93.94516126,0,tractor,3.84,3.52586623,7,7.785714286,18,steam roller,6,2.110709074,11,roller,2,3.95,6,vehicle,2,4.52,7,toy,1,4.39,3,toy tractor,1,1.598825713,10,train,1,5,4.98,NA,NA,NA,NA,NA,NA,NA,NA,NA,NA,NA,NA,NA,NA,NA,NA,NA,NA,NA,NA,NA,NA,NA,NA,NA,NA,NA,NA,NA,NA,NA,NA,NA,NA,NA,NA
660,steamroller,steamroller_4.png,32.25806452,2.199581231,0.783506643,1584.003448,1058.37971,385.20383,103.7965518,0,tractor,3.84,3.4452,7,8,10,roller,8,3.95,6,steamroller,8,2.51,11,digger,1,3.81,6,roller machine,1,NA,13,road roller,1,1.394705731,10,vehicle,1,7,4.52,NA,NA,NA,NA,NA,NA,NA,NA,NA,NA,NA,NA,NA,NA,NA,NA,NA,NA,NA,NA,NA,NA,NA,NA,NA,NA,NA,NA,NA,NA,NA,NA,NA,NA,NA,NA
661,stockcar,stockcar_1.png,78.125,1.371987352,0.457329117,1110.012903,719.4605,253.26443,87.44838712,0,car,5.44,5.44,3,3,25,sports car,1,3.387700829,9,dirt car,1,NA,7,vehicle,1,4.52,7,banger car,1,0.996765722,9,rally car,1,2.34894824,8,banger,1,6,3.03,vauxhall astra,1,13,NA,NA,NA,NA,NA,NA,NA,NA,NA,NA,NA,NA,NA,NA,NA,NA,NA,NA,NA,NA,NA,NA,NA,NA,NA,NA,NA,NA,NA,NA,NA,NA,NA
662,stockcar,stockcar_2.png,72.72727273,1.505182376,0.53615678,996.4757576,752.30674,256.67648,91.91515154,0,car,5.44,4.954029128,3,3.724137931,24,rally car,3,2.34894824,8,banger,2,3.03,6,rally,1,3.94,5,sports car,1,3.387700829,9,dirt car,1,NA,7,banger car,1,9,0.996765722,NA,NA,NA,NA,NA,NA,NA,NA,NA,NA,NA,NA,NA,NA,NA,NA,NA,NA,NA,NA,NA,NA,NA,NA,NA,NA,NA,NA,NA,NA,NA,NA,NA,NA,NA,NA
663,stockcar,stockcar_3.png,56.25,2.443326952,0.681548817,1270.184375,948.53619,328.64498,101.15,0,car,5.44,4.739283976,3,3.913043478,18,banger,3,3.03,6,banger car,2,0.996765722,9,wreck,1,3.96,5,crushed car,1,1.540833766,10,vehicle,1,4.52,7,race,1,4,5.11,rally car,1,8,2.34894824,old car,1,6,3.011706072,crash,1,5,4.54,car wreck,1,8,1.974489327,bashed up car,1,11,NA,NA,NA,NA,NA,NA,NA,NA,NA,NA,NA,NA,NA,NA,NA,NA,NA
664,stockcar,stockcar_4.png,79.41176471,1.311522766,0.437174255,1082.242424,815.35743,278.18849,94.58484852,0,car,5.44,5.44,3,3,27,junkyard,1,2.38,8,van,1,4.69,3,stockcar,1,1.3,8,rally car,1,2.34894824,8,vehicle,1,4.52,7,banger car,1,9,0.996765722,banger,1,6,3.03,NA,NA,NA,NA,NA,NA,NA,NA,NA,NA,NA,NA,NA,NA,NA,NA,NA,NA,NA,NA,NA,NA,NA,NA,NA,NA,NA,NA,NA,NA,NA,NA
665,strawberry,strawberry_1.png,79.41176471,1.031823501,0.515911751,937.2911765,781.15493,262.57043,94.07352941,1,strawberry,3.99,4.04,10,9.090909091,27,berry,3,3.8,5,fruit,3,4.73,5,strawberry fields,1,2.252038227,16,NA,NA,NA,NA,NA,NA,NA,NA,NA,NA,NA,NA,NA,NA,NA,NA,NA,NA,NA,NA,NA,NA,NA,NA,NA,NA,NA,NA,NA,NA,NA,NA,NA,NA,NA,NA,NA,NA,NA,NA,NA,NA,NA,NA,NA,NA,NA,NA
666,strawberry,strawberry_2.png,84.375,0.86306367,0.431531835,837.7096775,334.06271,117.59673,91.97096767,1,strawberry,3.99,4.026666667,10,9.333333333,27,berry,2,3.8,5,fruit,2,4.73,5,eat,1,5.21,3,NA,NA,NA,NA,NA,NA,NA,NA,NA,NA,NA,NA,NA,NA,NA,NA,NA,NA,NA,NA,NA,NA,NA,NA,NA,NA,NA,NA,NA,NA,NA,NA,NA,NA,NA,NA,NA,NA,NA,NA,NA,NA,NA,NA,NA,NA,NA,NA
667,strawberry,strawberry_3.png,93.5483871,0.345117315,0.345117315,743.4032258,265.90964,93.60549,99.57419353,1,strawberry,3.99,3.977741935,10,9.677419355,29,berry,2,3.8,5,NA,NA,NA,NA,NA,NA,NA,NA,NA,NA,NA,NA,NA,NA,NA,NA,NA,NA,NA,NA,NA,NA,NA,NA,NA,NA,NA,NA,NA,NA,NA,NA,NA,NA,NA,NA,NA,NA,NA,NA,NA,NA,NA,NA,NA,NA,NA,NA,NA,NA,NA,NA,NA,NA,NA,NA
668,strawberry,strawberry_4.png,87.5,0.731064443,0.365532222,728.315625,198.98453,68.94335,88.18124998,1,strawberry,3.99,4.039333333,10,9.666666667,28,fruit,2,4.73,5,berry,1,3.8,5,strawberry fields,1,2.252038227,16,NA,NA,NA,NA,NA,NA,NA,NA,NA,NA,NA,NA,NA,NA,NA,NA,NA,NA,NA,NA,NA,NA,NA,NA,NA,NA,NA,NA,NA,NA,NA,NA,NA,NA,NA,NA,NA,NA,NA,NA,NA,NA,NA,NA,NA,NA,NA,NA
669,suitcase,suitcase_1.png,56.25,2.166615922,0.683491225,948.7875,570.96073,197.82417,91.85,0,suitcase,3.78,3.916666667,8,7.466666667,18,briefcase,5,3.14,9,box,3,5.12,3,case,2,5.43,4,container,2,3.77,9,chest,1,4.48,5,trunk,1,5,3.93,NA,NA,NA,NA,NA,NA,NA,NA,NA,NA,NA,NA,NA,NA,NA,NA,NA,NA,NA,NA,NA,NA,NA,NA,NA,NA,NA,NA,NA,NA,NA,NA,NA,NA,NA,NA
670,suitcase,suitcase_2.png,62.5,1.724903441,0.667283739,1101.384375,785.95509,272.31454,93.296875,0,suitcase,3.78,3.912333333,8,7.433333333,20,briefcase,5,3.14,9,case,3,5.43,4,bag,2,4.89,3,clothes,1,4.74,7,old suitcase,1,1.598825713,11,NA,NA,NA,NA,NA,NA,NA,NA,NA,NA,NA,NA,NA,NA,NA,NA,NA,NA,NA,NA,NA,NA,NA,NA,NA,NA,NA,NA,NA,NA,NA,NA,NA,NA,NA,NA,NA,NA,NA,NA
671,suitcase,suitcase_3.png,48.48484848,1.489758698,0.641604148,956.467742,650.98623,229.16012,89.19032265,0,briefcase,3.14,3.437142857,9,8.535714286,16,suitcase,14,3.78,8,bag,1,4.89,3,container,1,3.77,9,carry,1,4.95,5,NA,NA,NA,NA,NA,NA,NA,NA,NA,NA,NA,NA,NA,NA,NA,NA,NA,NA,NA,NA,NA,NA,NA,NA,NA,NA,NA,NA,NA,NA,NA,NA,NA,NA,NA,NA,NA,NA,NA,NA,NA,NA,NA,NA
672,suitcase,suitcase_4.png,65.625,1.629740426,0.630469659,965.640625,732.90452,253.93379,90.86250001,0,suitcase,3.78,3.772,8,7.833333333,21,briefcase,5,3.14,9,case,2,5.43,4,luggage,2,3.61,7,bag,1,4.89,3,container,1,3.77,9,NA,NA,NA,NA,NA,NA,NA,NA,NA,NA,NA,NA,NA,NA,NA,NA,NA,NA,NA,NA,NA,NA,NA,NA,NA,NA,NA,NA,NA,NA,NA,NA,NA,NA,NA,NA,NA,NA,NA,NA
673,sunflower,sunflower_1.png,78.78787879,0.818091464,0.516158246,859.159375,370.48885,128.36548,89.73125,1,sunflower,3.55,3.703225806,9,8.516129032,26,flower,5,4.5,6,plant,1,4.81,5,NA,NA,NA,NA,NA,NA,NA,NA,NA,NA,NA,NA,NA,NA,NA,NA,NA,NA,NA,NA,NA,NA,NA,NA,NA,NA,NA,NA,NA,NA,NA,NA,NA,NA,NA,NA,NA,NA,NA,NA,NA,NA,NA,NA,NA,NA,NA,NA,NA,NA,NA,NA
674,sunflower,sunflower_2.png,69.6969697,1.027083513,0.648017548,795.1848486,323.66301,110.42926,98.21515147,1,sunflower,3.55,3.8171875,9,8.15625,23,flower,9,4.5,6,plant,1,4.81,5,NA,NA,NA,NA,NA,NA,NA,NA,NA,NA,NA,NA,NA,NA,NA,NA,NA,NA,NA,NA,NA,NA,NA,NA,NA,NA,NA,NA,NA,NA,NA,NA,NA,NA,NA,NA,NA,NA,NA,NA,NA,NA,NA,NA,NA,NA,NA,NA,NA,NA,NA,NA
675,sunflower,sunflower_3.png,78.125,1.009186087,0.504593043,826.45625,356.02295,123.35339,94.83749999,1,sunflower,3.55,3.708333333,9,8.5,25,flower,5,4.5,6,sunflower oil,1,2.744953749,12,plant,1,4.81,5,NA,NA,NA,NA,NA,NA,NA,NA,NA,NA,NA,NA,NA,NA,NA,NA,NA,NA,NA,NA,NA,NA,NA,NA,NA,NA,NA,NA,NA,NA,NA,NA,NA,NA,NA,NA,NA,NA,NA,NA,NA,NA,NA,NA,NA,NA,NA,NA
676,sunflower,sunflower_4.png,71.875,1.237298345,0.618649172,875.0064516,618.02406,217.55678,94.35161286,1,sunflower,3.55,3.802666667,9,8.2,23,flower,5,4.5,6,plant,3,4.81,5,sunflower oil,1,2.744953749,12,NA,NA,NA,NA,NA,NA,NA,NA,NA,NA,NA,NA,NA,NA,NA,NA,NA,NA,NA,NA,NA,NA,NA,NA,NA,NA,NA,NA,NA,NA,NA,NA,NA,NA,NA,NA,NA,NA,NA,NA,NA,NA,NA,NA,NA,NA,NA,NA
677,supertanker,supertanker_1.png,48.48484848,1.740771392,0.6734223,1142.365625,792.93707,274.73363,86.17812497,0,ship,4.77,4.723793103,4,4.137931034,16,boat,12,4.89,4,tanker,2,3.38,6,ferry,1,4.02,5,tanker ship,1,0.996765722,10,commercial boat,1,1.297795718,14,NA,NA,NA,NA,NA,NA,NA,NA,NA,NA,NA,NA,NA,NA,NA,NA,NA,NA,NA,NA,NA,NA,NA,NA,NA,NA,NA,NA,NA,NA,NA,NA,NA,NA,NA,NA,NA,NA,NA,NA
678,supertanker,supertanker_2.png,50,1.655639062,0.640488619,814.25,279.01,103.34485,88.0357143,0,boat,4.89,4.843846154,4,4,16,ship,12,4.77,4,gun,1,4.6,3,cruise ship,1,NA,10,cargo ship,1,NA,9,oil transport ship,1,NA,16,NA,NA,NA,NA,NA,NA,NA,NA,NA,NA,NA,NA,NA,NA,NA,NA,NA,NA,NA,NA,NA,NA,NA,NA,NA,NA,NA,NA,NA,NA,NA,NA,NA,NA,NA,NA,NA,NA,NA,NA
679,supertanker,supertanker_3.png,50,1.89939747,0.67657903,1236.751613,1087.91434,382.96752,92.74516128,0,boat,4.89,4.738148148,4,4.148148148,16,ship,10,4.77,4,tanker,2,3.38,6,ferry,1,4.02,5,submarine,1,3.77,9,cargo boat,1,1.871826985,9,cargo ship,1,9,2.7000571,NA,NA,NA,NA,NA,NA,NA,NA,NA,NA,NA,NA,NA,NA,NA,NA,NA,NA,NA,NA,NA,NA,NA,NA,NA,NA,NA,NA,NA,NA,NA,NA,NA,NA,NA,NA
680,supertanker,supertanker_4.png,78.125,1.371987352,0.457329117,1477.207143,776.87964,287.75496,85.07857142,0,boat,4.89,4.89,4,4,25,ferry,1,4.02,5,battleship,1,3.03,10,navy ship,1,NA,8,warship,1,3.09,7,cargo tanker,1,NA,11,oil tanker,1,9,2.473886977,oil transport ship,1,16,NA,NA,NA,NA,NA,NA,NA,NA,NA,NA,NA,NA,NA,NA,NA,NA,NA,NA,NA,NA,NA,NA,NA,NA,NA,NA,NA,NA,NA,NA,NA,NA,NA
681,surfboard,surfboard_1.png,71.875,1.372159763,0.488773169,1632.154545,921.48201,385.05575,98.15000002,0,surf board,2.275519323,2.275519323,9,9,23,snow board,2,1.297795718,9,skateboard,1,3.39,10,paddle board,1,NA,11,board,1,5.1,5,hover board,1,NA,10,water sport equipment,1,19,NA,NA,NA,NA,NA,NA,NA,NA,NA,NA,NA,NA,NA,NA,NA,NA,NA,NA,NA,NA,NA,NA,NA,NA,NA,NA,NA,NA,NA,NA,NA,NA,NA,NA,NA,NA,NA
682,surfboard,surfboard_2.png,71.875,1.389009375,0.598213777,1353.037931,627.6468,228.43593,98.26551722,0,surfboard,2.84,3.370357143,9,7.678571429,23,boat,3,4.89,4,board,3,5.1,5,surf,2,3.8,4,paddle,1,3.73,6,NA,NA,NA,NA,NA,NA,NA,NA,NA,NA,NA,NA,NA,NA,NA,NA,NA,NA,NA,NA,NA,NA,NA,NA,NA,NA,NA,NA,NA,NA,NA,NA,NA,NA,NA,NA,NA,NA,NA,NA,NA,NA,NA,NA
683,surfboard,surfboard_3.png,81.25,1.118392729,0.432653367,1187.632258,414.53651,145.92511,97.11290323,0,surfboard,2.84,2.908571429,9,8.642857143,26,surf,2,3.8,4,board,1,5.1,5,sea,1,5.2,3,boat,1,4.89,4,NA,NA,NA,NA,NA,NA,NA,NA,NA,NA,NA,NA,NA,NA,NA,NA,NA,NA,NA,NA,NA,NA,NA,NA,NA,NA,NA,NA,NA,NA,NA,NA,NA,NA,NA,NA,NA,NA,NA,NA,NA,NA,NA,NA
684,surfboard,surfboard_4.png,71.875,1.315589456,0.566593539,1459.989655,1045.22476,380.416,92.97241379,0,surfboard,2.84,3.235185185,9,8.148148148,23,boat,3,4.89,4,paddle board,2,1.540833766,11,board,2,5.1,5,surf,1,3.8,4,NA,NA,NA,NA,NA,NA,NA,NA,NA,NA,NA,NA,NA,NA,NA,NA,NA,NA,NA,NA,NA,NA,NA,NA,NA,NA,NA,NA,NA,NA,NA,NA,NA,NA,NA,NA,NA,NA,NA,NA,NA,NA,NA,NA
685,sycamore,sycamore_1.png,96.875,0.200622324,0.200622324,778.634375,288.02692,99.79441,93.44375,1,tree,4.95,4.95,4,4,31,dirt,1,4,4,NA,NA,NA,NA,NA,NA,NA,NA,NA,NA,NA,NA,NA,NA,NA,NA,NA,NA,NA,NA,NA,NA,NA,NA,NA,NA,NA,NA,NA,NA,NA,NA,NA,NA,NA,NA,NA,NA,NA,NA,NA,NA,NA,NA,NA,NA,NA,NA,NA,NA,NA,NA,NA,NA,NA,NA
686,sycamore,sycamore_2.png,93.75,0.399790067,0.252239448,907.13125,566.60965,196.31662,94.75312502,1,tree,4.95,4.95,4,4,30,nature,1,4.83,6,chestnut tree,1,2.26393745,12,NA,NA,NA,NA,NA,NA,NA,NA,NA,NA,NA,NA,NA,NA,NA,NA,NA,NA,NA,NA,NA,NA,NA,NA,NA,NA,NA,NA,NA,NA,NA,NA,NA,NA,NA,NA,NA,NA,NA,NA,NA,NA,NA,NA,NA,NA,NA,NA,NA,NA,NA,NA
687,sycamore,sycamore_3.png,90.625,0.597454723,0.298727362,729.096875,250.82225,86.90388,93.73437497,1,tree,4.95,4.95,4,4,29,plant,1,4.81,5,oak,1,4.23,3,oak tree,1,3.152101759,7,NA,NA,NA,NA,NA,NA,NA,NA,NA,NA,NA,NA,NA,NA,NA,NA,NA,NA,NA,NA,NA,NA,NA,NA,NA,NA,NA,NA,NA,NA,NA,NA,NA,NA,NA,NA,NA,NA,NA,NA,NA,NA,NA,NA,NA,NA,NA,NA
688,sycamore,sycamore_4.png,100,0,0,879.05625,470.46012,163.00312,103.2625,1,tree,4.95,4.95,4,4,32,NA,NA,NA,NA,NA,NA,NA,NA,NA,NA,NA,NA,NA,NA,NA,NA,NA,NA,NA,NA,NA,NA,NA,NA,NA,NA,NA,NA,NA,NA,NA,NA,NA,NA,NA,NA,NA,NA,NA,NA,NA,NA,NA,NA,NA,NA,NA,NA,NA,NA,NA,NA,NA,NA,NA,NA,NA,NA,NA,NA
689,tabby,tabby_1.png,100,0,0,762.625,205.53217,71.21196,87.08437499,1,cat,4.83,4.83,3,3,32,NA,NA,NA,NA,NA,NA,NA,NA,NA,NA,NA,NA,NA,NA,NA,NA,NA,NA,NA,NA,NA,NA,NA,NA,NA,NA,NA,NA,NA,NA,NA,NA,NA,NA,NA,NA,NA,NA,NA,NA,NA,NA,NA,NA,NA,NA,NA,NA,NA,NA,NA,NA,NA,NA,NA,NA,NA,NA,NA,NA
690,tabby,tabby_2.png,90.625,0.597454723,0.298727362,943.175,553.92906,191.9231,89.16562501,1,cat,4.83,4.83,3,3,29,animal,1,4.93,6,litter box,1,1.841863762,9,mammal,1,3.71,6,NA,NA,NA,NA,NA,NA,NA,NA,NA,NA,NA,NA,NA,NA,NA,NA,NA,NA,NA,NA,NA,NA,NA,NA,NA,NA,NA,NA,NA,NA,NA,NA,NA,NA,NA,NA,NA,NA,NA,NA,NA,NA,NA,NA,NA,NA,NA,NA
691,tabby,tabby_3.png,93.93939394,0.390452131,0.246347867,715.8484848,206.0115,70.28823,94.16666667,1,cat,4.83,4.83,3,3,31,feline,1,2.98,6,mammal,1,3.71,6,NA,NA,NA,NA,NA,NA,NA,NA,NA,NA,NA,NA,NA,NA,NA,NA,NA,NA,NA,NA,NA,NA,NA,NA,NA,NA,NA,NA,NA,NA,NA,NA,NA,NA,NA,NA,NA,NA,NA,NA,NA,NA,NA,NA,NA,NA,NA,NA,NA,NA,NA,NA
692,tabby,tabby_4.png,91.17647059,0.570401499,0.28520075,878.6294118,644.96356,216.79228,112.6264706,1,cat,4.83,4.83,3,3,31,animal,1,4.93,6,cat bell,1,0.996765722,7,mammal,1,3.71,6,NA,NA,NA,NA,NA,NA,NA,NA,NA,NA,NA,NA,NA,NA,NA,NA,NA,NA,NA,NA,NA,NA,NA,NA,NA,NA,NA,NA,NA,NA,NA,NA,NA,NA,NA,NA,NA,NA,NA,NA,NA,NA,NA,NA,NA,NA,NA,NA
693,tangerine,tangerine_1.png,81.25,1.032302495,0.444588485,839.9749999,396.00673,137.20681,88.34999994,1,orange,4.64,4.649310345,6,5.896551724,26,fruit,3,4.73,5,orange juice,1,3.54515514,11,citrus fruit,1,2.678006959,11,kumquat,1,2.44,7,NA,NA,NA,NA,NA,NA,NA,NA,NA,NA,NA,NA,NA,NA,NA,NA,NA,NA,NA,NA,NA,NA,NA,NA,NA,NA,NA,NA,NA,NA,NA,NA,NA,NA,NA,NA,NA,NA,NA,NA,NA,NA,NA,NA
694,tangerine,tangerine_2.png,75,1.13597686,0.56798843,805.0000001,233.66392,80.95893,88.42187498,1,orange,4.64,4.557741935,6,5.903225806,24,fruit,5,4.73,5,satsuma,2,3.14,7,tangerine,1,3.03,9,NA,NA,NA,NA,NA,NA,NA,NA,NA,NA,NA,NA,NA,NA,NA,NA,NA,NA,NA,NA,NA,NA,NA,NA,NA,NA,NA,NA,NA,NA,NA,NA,NA,NA,NA,NA,NA,NA,NA,NA,NA,NA,NA,NA,NA,NA,NA,NA
695,tangerine,tangerine_3.png,87.87878788,0.714653245,0.357326622,938.9375,792.44931,274.56463,90.92812505,1,orange,4.64,4.646,6,5.933333333,29,fruit,2,4.73,5,citrus fruit,1,2.678006959,11,clementine,1,2.77,10,NA,NA,NA,NA,NA,NA,NA,NA,NA,NA,NA,NA,NA,NA,NA,NA,NA,NA,NA,NA,NA,NA,NA,NA,NA,NA,NA,NA,NA,NA,NA,NA,NA,NA,NA,NA,NA,NA,NA,NA,NA,NA,NA,NA,NA,NA,NA,NA
696,tangerine,tangerine_4.png,87.5,0.793564443,0.341769603,1085.709375,695.87968,241.10558,95.87499998,1,orange,4.64,4.64,6,6,28,tangerine,1,3.03,9,fruit,1,4.73,5,rotten orange,1,NA,12,clementine,1,2.77,10,NA,NA,NA,NA,NA,NA,NA,NA,NA,NA,NA,NA,NA,NA,NA,NA,NA,NA,NA,NA,NA,NA,NA,NA,NA,NA,NA,NA,NA,NA,NA,NA,NA,NA,NA,NA,NA,NA,NA,NA,NA,NA,NA,NA
697,tank,tank_1.png,96.77419355,0.205592508,0.205592508,958.4419355,482.78499,169.94993,96.81290321,0,tank,4.34,4.34,4,4,30,army tank,1,1.774916972,8,NA,NA,NA,NA,NA,NA,NA,NA,NA,NA,NA,NA,NA,NA,NA,NA,NA,NA,NA,NA,NA,NA,NA,NA,NA,NA,NA,NA,NA,NA,NA,NA,NA,NA,NA,NA,NA,NA,NA,NA,NA,NA,NA,NA,NA,NA,NA,NA,NA,NA,NA,NA,NA,NA,NA,NA
698,tank,tank_2.png,100,0,0,790.8193549,215.07003,75.70894,97.19032266,0,tank,4.34,4.34,4,4,31,NA,NA,NA,NA,NA,NA,NA,NA,NA,NA,NA,NA,NA,NA,NA,NA,NA,NA,NA,NA,NA,NA,NA,NA,NA,NA,NA,NA,NA,NA,NA,NA,NA,NA,NA,NA,NA,NA,NA,NA,NA,NA,NA,NA,NA,NA,NA,NA,NA,NA,NA,NA,NA,NA,NA,NA,NA,NA,NA,NA
699,tank,tank_3.png,93.93939394,0.200622324,0.200622324,1025.028125,797.81264,276.4229,91.60937502,0,tank,4.34,4.34,4,4,31,vehicle,1,4.52,7,NA,NA,NA,NA,NA,NA,NA,NA,NA,NA,NA,NA,NA,NA,NA,NA,NA,NA,NA,NA,NA,NA,NA,NA,NA,NA,NA,NA,NA,NA,NA,NA,NA,NA,NA,NA,NA,NA,NA,NA,NA,NA,NA,NA,NA,NA,NA,NA,NA,NA,NA,NA,NA,NA,NA,NA
700,tank,tank_4.png,93.75,0.205592508,0.205592508,1159.777419,773.08029,272.13966,94.78709678,0,tank,4.34,4.34,4,4,30,army machine,1,1.172856981,11,NA,NA,NA,NA,NA,NA,NA,NA,NA,NA,NA,NA,NA,NA,NA,NA,NA,NA,NA,NA,NA,NA,NA,NA,NA,NA,NA,NA,NA,NA,NA,NA,NA,NA,NA,NA,NA,NA,NA,NA,NA,NA,NA,NA,NA,NA,NA,NA,NA,NA,NA,NA,NA,NA,NA,NA
701,tankard,tankard_1.png,36.36363636,2.714277362,0.817078903,1283.596875,937.48479,324.81593,89.21562496,0,tankard,3.14,3.784814815,7,4.851851852,12,mug,6,3.93,3,cup,5,5.09,3,jug,3,4.06,3,goblet,2,3.22,6,stein,1,3.45,5,beer mug,1,7,1.598825713,beer tankard,1,11,NA,container,1,9,3.77,tin,1,3,4.35,NA,NA,NA,NA,NA,NA,NA,NA,NA,NA,NA,NA,NA,NA,NA,NA,NA,NA,NA,NA,NA,NA,NA,NA
702,tankard,tankard_2.png,51.61290323,2.444187892,0.706528748,1472.4,957.55427,361.18492,103.1222222,0,tankard,3.14,3.292,7,6.8,16,kettle,2,4.02,6,jug,2,NA,3,teapot,2,3.78,6,drink,1,5.06,5,thermos,1,2.46,7,coffee,1,6,4.65,mug,1,3,3.93,pot,1,3,4.76,flask,1,5,3.52,salt,1,4,4.69,NA,NA,NA,NA,NA,NA,NA,NA,NA,NA,NA,NA,NA,NA,NA,NA,NA,NA,NA,NA
703,tankard,tankard_3.png,28.125,3.010428829,0.870209087,1591.268966,1230.24206,447.75419,93.48620688,0,tankard,3.14,3.364306057,7,5.92,9,kettle,5,4.02,6,flask,4,3.52,5,stein,3,3.45,5,beer mug,3,1.598825713,7,jug,2,4.06,3,glass,1,5,4.92,mug,1,3,3.93,coffee,1,6,4.65,cup,1,3,5.09,NA,NA,NA,NA,NA,NA,NA,NA,NA,NA,NA,NA,NA,NA,NA,NA,NA,NA,NA,NA,NA,NA,NA,NA
704,tankard,tankard_4.png,39.39393939,2.496938088,0.787696266,1468.626923,744.78993,286.28277,93.89615383,0,tankard,3.14,3.37231612,7,6.826086957,13,teapot,5,3.78,6,kettle,3,4.02,6,jug,2,NA,3,coffee pot,2,2.891635379,9,antique,1,4.23,7,tea,1,3,5.02,container,1,9,3.77,pot,1,3,NA,NA,NA,NA,NA,NA,NA,NA,NA,NA,NA,NA,NA,NA,NA,NA,NA,NA,NA,NA,NA,NA,NA,NA,NA,NA,NA,NA,NA
705,teacup,teacup_1.png,37.5,2.431849704,0.810616568,1551.633333,756.53654,270.71815,91.0266667,0,cup,5.09,4.246,3,4.05,12,teacup,7,3.01,6,cup and saucer,6,NA,12,mug,2,3.93,3,teacup and saucer,2,NA,15,ornament,1,3.26,8,container,1,9,3.77,fancy cup and saucer,1,17,NA,NA,NA,NA,NA,NA,NA,NA,NA,NA,NA,NA,NA,NA,NA,NA,NA,NA,NA,NA,NA,NA,NA,NA,NA,NA,NA,NA,NA,NA,NA,NA,NA
706,teacup,teacup_2.png,28.125,2.483458593,0.827819531,934.7838709,485.77273,171.00168,91.92580637,0,cup,5.09,4.092105263,3,4.263157895,9,cup and saucer,8,NA,12,teacup,8,3.01,6,mug,2,3.93,3,teacup and saucer,2,NA,15,tea,1,5.02,3,container,1,9,3.77,fancy teacup,1,11,NA,NA,NA,NA,NA,NA,NA,NA,NA,NA,NA,NA,NA,NA,NA,NA,NA,NA,NA,NA,NA,NA,NA,NA,NA,NA,NA,NA,NA,NA,NA,NA,NA
707,teacup,teacup_3.png,33.33333333,2.290988571,0.816066594,1403.553125,711.76303,246.60878,87.34062502,0,cup,5.09,4.572352941,3,3.352941176,11,cup and saucer,11,NA,12,mug,4,3.93,3,teacup,3,3.01,6,teacup and saucer,1,NA,15,tea cup and saucer,1,NA,15,blue cup and saucer,1,16,NA,container,1,9,3.77,NA,NA,NA,NA,NA,NA,NA,NA,NA,NA,NA,NA,NA,NA,NA,NA,NA,NA,NA,NA,NA,NA,NA,NA,NA,NA,NA,NA,NA,NA,NA,NA
708,teacup,teacup_4.png,37.5,2.41268789,0.859416767,930.4375,519.98969,180.16392,87.20312501,0,cup,5.09,4.437391304,3,3.782608696,12,cup and saucer,6,NA,12,teacup,6,3.01,6,tea,3,5.02,3,mug,2,3.93,3,teacup and saucer,2,NA,15,container,1,9,3.77,NA,NA,NA,NA,NA,NA,NA,NA,NA,NA,NA,NA,NA,NA,NA,NA,NA,NA,NA,NA,NA,NA,NA,NA,NA,NA,NA,NA,NA,NA,NA,NA,NA,NA,NA,NA
709,television,television_1.png,68.75,1.386960293,0.597331285,796.7225806,348.77649,122.77627,97.05806452,0,tv,5.06,4.832,2,3.266666667,22,monitor,6,4.07,7,screen,2,4.61,6,television,1,4.87,10,digital screen,1,NA,13,NA,NA,NA,NA,NA,NA,NA,NA,NA,NA,NA,NA,NA,NA,NA,NA,NA,NA,NA,NA,NA,NA,NA,NA,NA,NA,NA,NA,NA,NA,NA,NA,NA,NA,NA,NA,NA,NA,NA,NA,NA,NA,NA,NA
710,television,television_2.png,62.5,1.751614472,0.677616976,1064.86129,864.59197,304.3536,96.78387097,0,tv,5.06,4.864,2,3.866666667,20,monitor,4,4.07,7,television,3,4.87,10,screen,3,4.61,6,tool,1,NA,4,widescreen monitor,1,NA,17,NA,NA,NA,NA,NA,NA,NA,NA,NA,NA,NA,NA,NA,NA,NA,NA,NA,NA,NA,NA,NA,NA,NA,NA,NA,NA,NA,NA,NA,NA,NA,NA,NA,NA,NA,NA,NA,NA,NA,NA
711,television,television_3.png,56.25,1.654417187,0.7125187,1146.7625,872.61581,302.3404,97.35624997,0,tv,5.06,4.949333333,2,4.666666667,18,television,8,4.87,10,screen,4,4.61,6,tv screen,1,2.752640578,8,flatscreen,1,2.09,10,NA,NA,NA,NA,NA,NA,NA,NA,NA,NA,NA,NA,NA,NA,NA,NA,NA,NA,NA,NA,NA,NA,NA,NA,NA,NA,NA,NA,NA,NA,NA,NA,NA,NA,NA,NA,NA,NA,NA,NA,NA,NA,NA,NA
712,television,television_4.png,46.875,2.294452269,0.764817423,1070.64375,614.31028,212.84374,94.1375,0,tv,5.06,4.801071429,2,4.75,15,television,5,4.87,10,monitor,5,4.07,7,screen,3,4.61,6,electronic,1,3.84,10,computer screen,1,2.68250746,14,entertainment,1,13,4.33,widescreen monitor,1,17,NA,NA,NA,NA,NA,NA,NA,NA,NA,NA,NA,NA,NA,NA,NA,NA,NA,NA,NA,NA,NA,NA,NA,NA,NA,NA,NA,NA,NA,NA,NA,NA,NA
713,toadstool,toadstool_1.png,69.6969697,1.277527832,0.638763916,1032.760606,675.37649,230.42896,95.51212121,1,mushroom,3.87,3.658125,8,7.71875,23,fungus,6,3.48,6,toadstool,3,2.39,9,fly agaric mushroom,1,NA,17,NA,NA,NA,NA,NA,NA,NA,NA,NA,NA,NA,NA,NA,NA,NA,NA,NA,NA,NA,NA,NA,NA,NA,NA,NA,NA,NA,NA,NA,NA,NA,NA,NA,NA,NA,NA,NA,NA,NA,NA,NA,NA,NA,NA,NA,NA,NA,NA
714,toadstool,toadstool_2.png,70.96774194,1.236640742,0.618320371,1029.258621,503.81585,183.36689,102.8241379,1,mushroom,3.87,3.621851852,8,8,22,toadstool,4,2.39,9,fungus,2,3.48,6,fly agaric mushroom,1,NA,17,mushroom fly agaric,1,NA,17,NA,NA,NA,NA,NA,NA,NA,NA,NA,NA,NA,NA,NA,NA,NA,NA,NA,NA,NA,NA,NA,NA,NA,NA,NA,NA,NA,NA,NA,NA,NA,NA,NA,NA,NA,NA,NA,NA,NA,NA,NA,NA,NA,NA
715,toadstool,toadstool_3.png,81.81818182,0.865856617,0.546294702,1063.66875,682.21156,236.3699,87.64375,1,mushroom,3.87,3.6946875,8,7.90625,27,toadstool,3,2.39,9,fungus,3,3.48,6,NA,NA,NA,NA,NA,NA,NA,NA,NA,NA,NA,NA,NA,NA,NA,NA,NA,NA,NA,NA,NA,NA,NA,NA,NA,NA,NA,NA,NA,NA,NA,NA,NA,NA,NA,NA,NA,NA,NA,NA,NA,NA,NA,NA,NA,NA,NA,NA,NA,NA,NA,NA
716,toadstool,toadstool_4.png,56.25,1.713106011,0.737794601,1199.803333,726.56734,259.99401,94.24333334,1,mushroom,3.87,4.000344828,8,7.137931034,18,flower,4,4.5,6,fungus,4,3.48,6,plant,3,4.81,5,toadstool,1,2.39,9,NA,NA,NA,NA,NA,NA,NA,NA,NA,NA,NA,NA,NA,NA,NA,NA,NA,NA,NA,NA,NA,NA,NA,NA,NA,NA,NA,NA,NA,NA,NA,NA,NA,NA,NA,NA,NA,NA,NA,NA,NA,NA,NA,NA
717,toolbox,toolbox_1.png,78.125,1.309487352,0.466448806,1018.312903,391.40062,137.78082,90.0387097,0,toolbox,2.88,3.052307692,7,6.692307692,25,box,2,5.12,3,case,1,5.43,4,tools,1,4.21,5,container,1,3.77,9,old toolbox,1,1.297795718,10,toolkit,1,7,2.52,NA,NA,NA,NA,NA,NA,NA,NA,NA,NA,NA,NA,NA,NA,NA,NA,NA,NA,NA,NA,NA,NA,NA,NA,NA,NA,NA,NA,NA,NA,NA,NA,NA,NA,NA,NA
718,toolbox,toolbox_2.png,62.5,1.407253534,0.606071108,998.1645161,420.92923,148.17547,95.30967741,0,toolbox,2.88,3.6,7,5.714285714,20,box,9,5.12,3,toolkit,1,2.52,7,container,1,3.77,9,tools,1,4.21,5,NA,NA,NA,NA,NA,NA,NA,NA,NA,NA,NA,NA,NA,NA,NA,NA,NA,NA,NA,NA,NA,NA,NA,NA,NA,NA,NA,NA,NA,NA,NA,NA,NA,NA,NA,NA,NA,NA,NA,NA,NA,NA,NA,NA
719,toolbox,toolbox_3.png,78.125,1.160897117,0.499971175,1205.143333,681.71853,243.94536,95.35666666,0,toolbox,2.88,3.103571429,7,6.857142857,25,box,3,5.12,3,container,2,3.77,9,tool,1,4.07,4,toolkit,1,2.52,7,NA,NA,NA,NA,NA,NA,NA,NA,NA,NA,NA,NA,NA,NA,NA,NA,NA,NA,NA,NA,NA,NA,NA,NA,NA,NA,NA,NA,NA,NA,NA,NA,NA,NA,NA,NA,NA,NA,NA,NA,NA,NA,NA,NA
720,toolbox,toolbox_4.png,81.81818182,0.911607375,0.455803688,940.8363637,373.04984,127.27936,92.98484849,0,toolbox,2.88,3.169032258,7,6.483870968,27,box,4,5.12,3,container,1,3.77,9,tools,1,4.21,5,NA,NA,NA,NA,NA,NA,NA,NA,NA,NA,NA,NA,NA,NA,NA,NA,NA,NA,NA,NA,NA,NA,NA,NA,NA,NA,NA,NA,NA,NA,NA,NA,NA,NA,NA,NA,NA,NA,NA,NA,NA,NA,NA,NA,NA,NA,NA,NA
721,toucan,toucan_1.png,59.375,1.782022336,0.689380343,831.5466666,341.43636,122.17918,90.20333328,1,toucan,2.7,3.129642857,6,5.571428571,19,bird,6,4.85,4,puffin,3,3.3,6,pecan,2,2.74,5,pelican,1,3.08,7,parrot,1,3.84,6,NA,NA,NA,NA,NA,NA,NA,NA,NA,NA,NA,NA,NA,NA,NA,NA,NA,NA,NA,NA,NA,NA,NA,NA,NA,NA,NA,NA,NA,NA,NA,NA,NA,NA,NA,NA,NA,NA,NA,NA
722,toucan,toucan_2.png,56.25,1.70037578,0.657795144,980.9612903,622.33563,219.07454,91.10000002,1,toucan,2.7,3.40862069,6,5.379310345,18,bird,9,4.85,4,puffin,2,3.3,6,toucan pelican,1,0.996765722,13,parrot,1,NA,6,pecan,1,2.74,5,NA,NA,NA,NA,NA,NA,NA,NA,NA,NA,NA,NA,NA,NA,NA,NA,NA,NA,NA,NA,NA,NA,NA,NA,NA,NA,NA,NA,NA,NA,NA,NA,NA,NA,NA,NA,NA,NA,NA,NA
723,toucan,toucan_3.png,57.57575758,2.125598264,0.670551594,1180.116667,684.39559,244.90331,80.47333338,1,toucan,2.7,3.061666667,6,5.583333333,19,bird,5,4.85,4,parrot,2,3.84,6,pecan,2,2.74,5,pelican or toucan,1,NA,15,beak,1,3.83,4,pelican,1,7,3.08,penguin,1,7,3.88,puffin,1,6,3.3,NA,NA,NA,NA,NA,NA,NA,NA,NA,NA,NA,NA,NA,NA,NA,NA,NA,NA,NA,NA,NA,NA,NA,NA,NA,NA,NA,NA
724,toucan,toucan_4.png,53.125,2.098832069,0.69961069,906.3655172,374.74373,136.39029,92.26206898,1,toucan,2.7,3.184,6,5.6,17,bird,4,4.85,4,parrot,3,3.84,6,pecan,2,2.74,5,pelican or toucan,1,NA,15,crow,1,3.65,4,pelican,1,7,3.08,puffin,1,6,3.3,NA,NA,NA,NA,NA,NA,NA,NA,NA,NA,NA,NA,NA,NA,NA,NA,NA,NA,NA,NA,NA,NA,NA,NA,NA,NA,NA,NA,NA,NA,NA,NA
725,tractor,tractor_1.png,93.75,0.399790067,0.252239448,998.0709678,727.58377,256.12398,83.59677419,0,tractor,3.84,3.84,7,7,30,digger,1,3.81,6,farming,1,NA,7,NA,NA,NA,NA,NA,NA,NA,NA,NA,NA,NA,NA,NA,NA,NA,NA,NA,NA,NA,NA,NA,NA,NA,NA,NA,NA,NA,NA,NA,NA,NA,NA,NA,NA,NA,NA,NA,NA,NA,NA,NA,NA,NA,NA,NA,NA,NA,NA,NA,NA,NA,NA
726,tractor,tractor_2.png,90.625,0.597454723,0.298727362,1082.66875,625.14397,216.59736,86.68125,0,tractor,3.84,3.84,7,7,29,farm,1,4.81,4,plow,1,1.54,4,vehicle,1,4.52,7,NA,NA,NA,NA,NA,NA,NA,NA,NA,NA,NA,NA,NA,NA,NA,NA,NA,NA,NA,NA,NA,NA,NA,NA,NA,NA,NA,NA,NA,NA,NA,NA,NA,NA,NA,NA,NA,NA,NA,NA,NA,NA,NA,NA,NA,NA,NA,NA
727,tractor,tractor_3.png,94.11764706,0.381580488,0.240750483,950.5029412,413.56225,139.01111,97.40294118,0,tractor,3.84,3.84,7,7,32,farm,1,4.81,4,vehicle,1,4.52,7,NA,NA,NA,NA,NA,NA,NA,NA,NA,NA,NA,NA,NA,NA,NA,NA,NA,NA,NA,NA,NA,NA,NA,NA,NA,NA,NA,NA,NA,NA,NA,NA,NA,NA,NA,NA,NA,NA,NA,NA,NA,NA,NA,NA,NA,NA,NA,NA,NA,NA,NA,NA
728,tractor,tractor_4.png,96.875,0,0,945.9419355,432.64119,152.29831,93.83548384,0,tractor,3.84,3.84,7,7,31,NA,NA,NA,NA,NA,NA,NA,NA,NA,NA,NA,NA,NA,NA,NA,NA,NA,NA,NA,NA,NA,NA,NA,NA,NA,NA,NA,NA,NA,NA,NA,NA,NA,NA,NA,NA,NA,NA,NA,NA,NA,NA,NA,NA,NA,NA,NA,NA,NA,NA,NA,NA,NA,NA,NA,NA,NA,NA,NA,NA
729,trolley,trolley_1.png,81.81818182,1.009944118,0.434959256,938.4612903,417.7577,147.05903,95.06451615,0,suitcase,3.78,3.78,8,8,27,luggage,3,3.61,7,case,1,5.43,4,container,1,3.77,9,bag,1,4.89,3,NA,NA,NA,NA,NA,NA,NA,NA,NA,NA,NA,NA,NA,NA,NA,NA,NA,NA,NA,NA,NA,NA,NA,NA,NA,NA,NA,NA,NA,NA,NA,NA,NA,NA,NA,NA,NA,NA,NA,NA,NA,NA,NA,NA
730,trolley,trolley_2.png,68.75,1.535550528,0.594032032,968.2125,570.32561,197.60411,90.36562499,0,suitcase,3.78,3.927241379,8,7.448275862,22,luggage,4,3.61,7,case,3,5.43,4,bag,1,4.89,3,hawaiian shirt,1,1.974489327,13,wheelie,1,3.3,7,NA,NA,NA,NA,NA,NA,NA,NA,NA,NA,NA,NA,NA,NA,NA,NA,NA,NA,NA,NA,NA,NA,NA,NA,NA,NA,NA,NA,NA,NA,NA,NA,NA,NA,NA,NA,NA,NA,NA,NA
731,trolley,trolley_3.png,71.875,1.60009961,0.533366537,906.7766667,280.22402,100.27503,92.71666671,0,suitcase,3.78,3.75875,8,7.875,23,luggage,3,3.61,7,basket,1,4.16,6,airport,1,4.54,7,holiday,1,4.94,7,container,1,3.77,9,carry,1,5,4.95,case,1,4,5.43,NA,NA,NA,NA,NA,NA,NA,NA,NA,NA,NA,NA,NA,NA,NA,NA,NA,NA,NA,NA,NA,NA,NA,NA,NA,NA,NA,NA,NA,NA,NA,NA
732,trolley,trolley_4.png,50,2.663909766,0.743078837,1370.556667,1243.91812,445.1222,87.40666669,0,suitcase,3.78,4.180025696,8,6.909090909,16,case,3,5.43,4,bag,2,4.89,3,luggage,2,3.61,7,carry on,2,4.595282657,7,travel bag,1,1.598825713,9,briefcase,1,9,3.14,baggage at an airport,1,18,NA,trolley,1,7,3.82,cabin case,1,9,NA,wheely bag,1,9,NA,wheelie,1,7,3.3,NA,NA,NA,NA,NA,NA,NA,NA,NA,NA,NA,NA,NA,NA,NA,NA
733,trough,trough_1.png,53.125,1.93561217,0.645204057,1348.18,893.13244,350.10148,97.22800001,0,trough,3.32,3.503333333,6,5.285714286,17,log,7,4.09,3,water butt,1,2.26393745,9,trunk,1,NA,5,boat,1,4.89,4,water,1,5.53,5,tree pond,1,8,NA,tree,1,4,4.95,NA,NA,NA,NA,NA,NA,NA,NA,NA,NA,NA,NA,NA,NA,NA,NA,NA,NA,NA,NA,NA,NA,NA,NA,NA,NA,NA,NA,NA,NA,NA,NA
734,trough,trough_2.png,65.625,1.677337344,0.529141019,1380.621429,829.80354,307.35788,92.075,0,trough,3.32,3.32,6,6,21,water butt,1,2.26393745,9,concrete,1,4.22,8,animal,1,4.93,6,tank,1,4.34,4,water,1,5.53,5,cement,1,6,3.64,old,1,3,5.79,well,1,4,6.43,NA,NA,NA,NA,NA,NA,NA,NA,NA,NA,NA,NA,NA,NA,NA,NA,NA,NA,NA,NA,NA,NA,NA,NA,NA,NA,NA,NA
735,trough,trough_3.png,62.5,2.025605199,0.585531215,1516.92963,738.19367,278.44314,95.72592594,0,trough,3.32,3.32,6,6,20,water trough,1,1.841863762,11,tank,1,4.34,4,water,1,5.53,5,cement tray,1,NA,10,container,1,3.77,9,sink,1,4,4.26,pot,1,3,NA,cast,1,4,NA,bar,1,3,4.75,well,1,4,6.43,NA,NA,NA,NA,NA,NA,NA,NA,NA,NA,NA,NA,NA,NA,NA,NA,NA,NA,NA,NA
736,trough,trough_4.png,75.75757576,1.209150996,0.430708275,1245.139286,665.81537,246.61693,101.6892857,0,trough,3.32,3.32,6,6,25,water butt,1,2.26393745,9,animal,1,4.93,6,water,1,5.53,5,flower bed,1,2.286800333,9,sink,1,4.26,4,stone,1,5,4.84,NA,NA,NA,NA,NA,NA,NA,NA,NA,NA,NA,NA,NA,NA,NA,NA,NA,NA,NA,NA,NA,NA,NA,NA,NA,NA,NA,NA,NA,NA,NA,NA,NA,NA,NA,NA
737,truffle,truffle_1.png,33.33333333,2.451510777,0.817170259,1708.934783,1045.76509,427.38406,99.75652173,1,truffle,3.6,3.774285714,7,6.333333333,11,fungus,4,3.48,6,coral,3,3.86,5,mushroom,2,3.87,8,rock,2,5.01,4,plant,1,4.81,5,berry,1,5,3.8,vegetable,1,9,NA,NA,NA,NA,NA,NA,NA,NA,NA,NA,NA,NA,NA,NA,NA,NA,NA,NA,NA,NA,NA,NA,NA,NA,NA,NA,NA,NA,NA,NA,NA,NA,NA
738,truffle,truffle_2.png,36.36363636,2.162368784,0.770251302,1740.072222,1090.73106,503.88278,94.15555553,1,truffle,3.6,3.775714286,7,6.357142857,10,fungus,5,3.48,6,rock,2,5.01,4,fossil,1,3.73,6,gold nugget,1,1.394705731,10,coral,1,3.86,5,veg,1,3,4.12,NA,NA,NA,NA,NA,NA,NA,NA,NA,NA,NA,NA,NA,NA,NA,NA,NA,NA,NA,NA,NA,NA,NA,NA,NA,NA,NA,NA,NA,NA,NA,NA,NA,NA,NA,NA
739,truffle,truffle_3.png,31.25,3.02072778,0.873186151,1425.666667,649.51503,300.05512,94.57777779,1,truffle,3.6,4.05,7,5.833333333,7,rock,4,5.01,4,coral,2,3.86,5,fungus,2,3.48,6,skin,1,4.75,4,food,1,5.45,4,plant,1,5,NA,berry,1,5,3.8,moss,1,4,3.87,vegetable,1,9,NA,fossil,1,6,3.73,NA,NA,NA,NA,NA,NA,NA,NA,NA,NA,NA,NA,NA,NA,NA,NA,NA,NA,NA,NA
740,truffle,truffle_4.png,27.27272727,2.636842188,0.878947396,1307.294118,576.26929,273.93599,100.4941175,1,truffle,3.6,3.968,7,5.933333333,8,coral,4,3.86,5,rock,4,5.01,4,fungus,3,3.48,6,plant,2,4.81,5,food,1,5.45,4,berry,1,5,NA,stone,1,5,4.84,NA,NA,NA,NA,NA,NA,NA,NA,NA,NA,NA,NA,NA,NA,NA,NA,NA,NA,NA,NA,NA,NA,NA,NA,NA,NA,NA,NA,NA,NA,NA,NA
741,tulip,tulip_1.png,60.60606061,1.121421031,0.707537895,906.0515152,335.81078,114.57391,99.57272729,1,flower,4.5,4.01625,6,5.625,20,tulip,12,3.21,5,plant,1,4.81,5,NA,NA,NA,NA,NA,NA,NA,NA,NA,NA,NA,NA,NA,NA,NA,NA,NA,NA,NA,NA,NA,NA,NA,NA,NA,NA,NA,NA,NA,NA,NA,NA,NA,NA,NA,NA,NA,NA,NA,NA,NA,NA,NA,NA,NA,NA,NA,NA,NA,NA,NA,NA
742,tulip,tulip_2.png,48.38709677,1.173334444,0.740291611,897.3322581,378.31058,133.17286,93.88064512,1,flower,4.5,3.855,6,5.5,15,tulip,15,3.21,5,plant,1,4.81,5,NA,NA,NA,NA,NA,NA,NA,NA,NA,NA,NA,NA,NA,NA,NA,NA,NA,NA,NA,NA,NA,NA,NA,NA,NA,NA,NA,NA,NA,NA,NA,NA,NA,NA,NA,NA,NA,NA,NA,NA,NA,NA,NA,NA,NA,NA,NA,NA,NA,NA,NA,NA
743,tulip,tulip_3.png,53.125,1.32495701,0.662478505,1060.354839,628.69527,221.31326,99.3709678,1,tulip,3.21,3.743793103,5,5.413793103,17,flower,12,4.5,6,plant,1,4.81,5,rose,1,4.64,4,NA,NA,NA,NA,NA,NA,NA,NA,NA,NA,NA,NA,NA,NA,NA,NA,NA,NA,NA,NA,NA,NA,NA,NA,NA,NA,NA,NA,NA,NA,NA,NA,NA,NA,NA,NA,NA,NA,NA,NA,NA,NA,NA,NA,NA,NA,NA,NA
744,tulip,tulip_4.png,68.75,1.257531873,0.628765936,880.3225806,430.67953,151.60778,86.48064515,1,flower,4.5,4.251333333,6,5.666666667,22,tulip,7,3.21,5,rose,2,4.64,4,plant,1,4.81,5,NA,NA,NA,NA,NA,NA,NA,NA,NA,NA,NA,NA,NA,NA,NA,NA,NA,NA,NA,NA,NA,NA,NA,NA,NA,NA,NA,NA,NA,NA,NA,NA,NA,NA,NA,NA,NA,NA,NA,NA,NA,NA,NA,NA,NA,NA,NA,NA
745,tumbler,tumbler_1.png,41.17647059,2.523425433,0.796052093,1103.625,724.79009,251.12234,92.49375002,0,cup,5.09,4.735862069,3,3.379310345,14,vase,6,4.27,4,pot,5,4.76,3,bin,3,4.49,3,beaker,2,3.73,6,water,1,5.53,5,tumbler,1,7,NA,container,1,9,3.77,bucket,1,6,4.21,NA,NA,NA,NA,NA,NA,NA,NA,NA,NA,NA,NA,NA,NA,NA,NA,NA,NA,NA,NA,NA,NA,NA,NA,NA,NA,NA,NA
746,tumbler,tumbler_2.png,40.625,1.941245192,0.750976152,1309.041935,697.3401,245.4776,107.0419355,0,glass,4.92,4.75862069,5,4.379310345,13,cup,12,5.09,3,beaker,3,3.73,6,tumbler,2,2.75,7,mug,1,3.93,3,case,1,5.43,4,NA,NA,NA,NA,NA,NA,NA,NA,NA,NA,NA,NA,NA,NA,NA,NA,NA,NA,NA,NA,NA,NA,NA,NA,NA,NA,NA,NA,NA,NA,NA,NA,NA,NA,NA,NA,NA,NA,NA,NA
747,tumbler,tumbler_3.png,42.42424242,2.656129152,0.799574547,1059.654839,610.89463,215.04708,93.69032266,0,cup,5.09,4.72962963,3,3.777777778,14,beaker,4,3.73,6,pot,4,4.76,3,vase,3,4.27,4,glass,3,4.92,5,tumbler,1,2.75,7,container,1,9,3.77,bin,1,3,4.49,car,1,3,5.44,ceramic,1,7,NA,NA,NA,NA,NA,NA,NA,NA,NA,NA,NA,NA,NA,NA,NA,NA,NA,NA,NA,NA,NA,NA,NA,NA,NA
748,tumbler,tumbler_4.png,30.3030303,3.032862592,0.845995625,1277.68125,1015.26608,351.76529,95.83125,0,cup,5.09,4.58671376,3,3.72,10,pot,7,4.76,3,bin,3,4.49,3,beaker,2,3.73,6,plant pot,2,2.868921995,8,vase,2,4.27,4,bucket,1,6,4.21,planter,1,7,2.84,plant pot/vase,1,13,NA,mug,1,3,3.93,flowerpot,1,9,2.65,glass,1,5,4.92,wastepaper basket,1,16,1.974489327,NA,NA,NA,NA,NA,NA,NA,NA,NA,NA,NA,NA
749,tupperware,tupperware_1.png,34.375,2.448019116,0.816006372,1264.432258,859.31658,302.49655,101.3677419,0,tupperware,2.77,3.628888889,10,6.481481481,11,tub,8,3.7,3,box,5,5.12,3,container,4,3.77,9,tupperware box,1,1.996765722,13,tupperware tub,1,NA,13,lunch box,1,8,2.488127416,plastic pot,1,10,2.017955021,NA,NA,NA,NA,NA,NA,NA,NA,NA,NA,NA,NA,NA,NA,NA,NA,NA,NA,NA,NA,NA,NA,NA,NA,NA,NA,NA,NA,NA,NA,NA,NA
750,tupperware,tupperware_2.png,34.375,2.498320381,0.83277346,1251.751613,703.67904,247.70904,98.37096775,0,tupperware,2.77,3.44494936,10,8,11,container,8,3.77,9,tub,4,3.7,3,box,4,5.12,3,tupperware box,2,1.996765722,13,lunchbox,1,2.88,8,plastic tub,1,10,NA,lunch box,1,8,2.488127416,NA,NA,NA,NA,NA,NA,NA,NA,NA,NA,NA,NA,NA,NA,NA,NA,NA,NA,NA,NA,NA,NA,NA,NA,NA,NA,NA,NA,NA,NA,NA,NA
751,tupperware,tupperware_3.png,24.24242424,2.656129152,0.837915456,1072.075,692.02129,239.76874,94.6875,0,tupperware,2.77,3.705555556,10,6.62962963,8,container,7,3.77,9,tub,7,3.7,3,box,6,5.12,3,tupperware box,1,1.996765722,13,food container,1,1.172856981,13,plastic tub,1,10,1.951008231,lunch box,1,8,2.488127416,storage pot,1,10,NA,NA,NA,NA,NA,NA,NA,NA,NA,NA,NA,NA,NA,NA,NA,NA,NA,NA,NA,NA,NA,NA,NA,NA,NA,NA,NA,NA,NA
752,tupperware,tupperware_4.png,34.375,2.471108962,0.823702987,997.89375,430.61242,149.19685,96.64375001,0,tupperware,2.77,3.600714286,10,6.821428571,11,tub,7,3.7,3,container,5,3.77,9,box,5,5.12,3,tupperware box,1,1.996765722,13,plastic tub,1,1.951008231,10,lunch box,1,8,2.488127416,plastic pot,1,10,2.017955021,NA,NA,NA,NA,NA,NA,NA,NA,NA,NA,NA,NA,NA,NA,NA,NA,NA,NA,NA,NA,NA,NA,NA,NA,NA,NA,NA,NA,NA,NA,NA,NA
753,tyrannosaurus,tyrannosaurus_1.png,65.625,0.928362072,0.928362072,894.0935484,398.42681,140.25417,92.16774195,1,dinosaur,3.98,3.717789396,8,6.580645161,21,t rex,11,3.241042843,4,NA,NA,NA,NA,NA,NA,NA,NA,NA,NA,NA,NA,NA,NA,NA,NA,NA,NA,NA,NA,NA,NA,NA,NA,NA,NA,NA,NA,NA,NA,NA,NA,NA,NA,NA,NA,NA,NA,NA,NA,NA,NA,NA,NA,NA,NA,NA,NA,NA,NA,NA,NA,NA,NA,NA,NA
754,tyrannosaurus,tyrannosaurus_2.png,65.625,0.928362072,0.928362072,1157.183871,801.81458,282.25471,91.31935484,1,dinosaur,3.98,3.717789396,8,6.580645161,21,t rex,11,3.241042843,4,NA,NA,NA,NA,NA,NA,NA,NA,NA,NA,NA,NA,NA,NA,NA,NA,NA,NA,NA,NA,NA,NA,NA,NA,NA,NA,NA,NA,NA,NA,NA,NA,NA,NA,NA,NA,NA,NA,NA,NA,NA,NA,NA,NA,NA,NA,NA,NA,NA,NA,NA,NA,NA,NA,NA,NA
755,tyrannosaurus,tyrannosaurus_3.png,60.60606061,0.967294779,0.967294779,909.8366667,301.03909,107.72347,97.57000006,1,dinosaur,3.98,3.684417137,8,6.4,20,t rex,13,3.241042843,4,NA,NA,NA,NA,NA,NA,NA,NA,NA,NA,NA,NA,NA,NA,NA,NA,NA,NA,NA,NA,NA,NA,NA,NA,NA,NA,NA,NA,NA,NA,NA,NA,NA,NA,NA,NA,NA,NA,NA,NA,NA,NA,NA,NA,NA,NA,NA,NA,NA,NA,NA,NA,NA,NA,NA,NA
756,tyrannosaurus,tyrannosaurus_4.png,62.5,0.954434003,0.954434003,1190.96875,717.59419,248.62913,87.94999999,1,dinosaur,3.98,3.702891066,8,6.5,20,t rex,12,3.241042843,4,NA,NA,NA,NA,NA,NA,NA,NA,NA,NA,NA,NA,NA,NA,NA,NA,NA,NA,NA,NA,NA,NA,NA,NA,NA,NA,NA,NA,NA,NA,NA,NA,NA,NA,NA,NA,NA,NA,NA,NA,NA,NA,NA,NA,NA,NA,NA,NA,NA,NA,NA,NA,NA,NA,NA,NA
757,urchin,urchin_1.png,31.25,3.034159128,0.819945563,1313.1,748.43582,312.74568,91.2090909,1,urchin,3.06,2.869517578,6,7,10,sea urchin,2,2.729159482,9,sea anemone,2,2.057463562,10,galaxy,1,NA,6,sea,1,5.2,3,plant,1,4.81,5,animal,1,6,4.93,bomb,1,4,4.49,fish,1,4,NA,sea creature,1,11,2.576549318,virus,1,5,3.86,spike,1,5,3.77,inkblot,1,7,1.54,NA,NA,NA,NA,NA,NA,NA,NA,NA,NA,NA,NA
758,urchin,urchin_2.png,25,3.078555924,0.831943271,1247.573077,699.68535,268.94544,91.45769217,1,urchin,3.06,3.288006465,6,6.666666667,8,sea urchin,7,2.729159482,9,sea,3,5.2,3,spike,1,3.77,5,fungus,1,NA,6,plant,1,4.81,5,animal,1,6,4.93,sea creature,1,11,2.576549318,coral,1,5,3.86,fish,1,4,NA,sea anemone,1,10,2.057463562,spine,1,5,3.91,seaweed,1,7,3.83,NA,NA,NA,NA,NA,NA,NA,NA,NA,NA,NA,NA
759,urchin,urchin_3.png,43.75,2.86382639,0.862097646,1195.117647,744.61352,353.96029,95.39411763,1,urchin,3.06,2.91295977,6,7.333333333,6,sea urchin,4,2.729159482,9,plant,1,4.81,5,animal,1,4.93,6,spike,1,3.77,5,anemone,1,2.92,7,sea creature,1,11,2.576549318,inkblot,1,7,1.54,spider,1,6,4.24,sea anemone,1,10,2.057463562,NA,NA,NA,NA,NA,NA,NA,NA,NA,NA,NA,NA,NA,NA,NA,NA,NA,NA,NA,NA,NA,NA,NA,NA
760,urchin,urchin_4.png,21.875,3.252305701,0.87889709,1160.112,586.36892,229.85239,95.3360001,1,urchin,3.06,3.579802231,6,5.882352941,7,sea urchin,4,2.729159482,9,sea,4,5.2,3,coral,2,3.86,5,fungus,1,3.48,6,orchid,1,3.31,6,plant,1,5,4.81,animal,1,6,4.93,sea plant,1,8,NA,fish,1,4,5.19,sea anemone,1,10,2.057463562,sea creature,1,11,2.576549318,seaweed,1,7,3.83,NA,NA,NA,NA,NA,NA,NA,NA,NA,NA,NA,NA
761,vase,vase_1.png,93.93939394,0.32984607,0.32984607,963.2225806,364.35485,128.26017,92.77741935,0,vase,4.27,4.202258065,4,3.935483871,31,urn,2,3.22,3,NA,NA,NA,NA,NA,NA,NA,NA,NA,NA,NA,NA,NA,NA,NA,NA,NA,NA,NA,NA,NA,NA,NA,NA,NA,NA,NA,NA,NA,NA,NA,NA,NA,NA,NA,NA,NA,NA,NA,NA,NA,NA,NA,NA,NA,NA,NA,NA,NA,NA,NA,NA,NA,NA,NA,NA
762,vase,vase_2.png,90.625,0.534954723,0.337518852,982.9193548,604.20999,212.69396,89.56451612,0,vase,4.27,4.2,4,3.933333333,29,urn,2,3.22,3,decorated vase,1,0.996765722,13,NA,NA,NA,NA,NA,NA,NA,NA,NA,NA,NA,NA,NA,NA,NA,NA,NA,NA,NA,NA,NA,NA,NA,NA,NA,NA,NA,NA,NA,NA,NA,NA,NA,NA,NA,NA,NA,NA,NA,NA,NA,NA,NA,NA,NA,NA,NA,NA,NA,NA,NA,NA
763,vase,vase_3.png,90.625,0.597454723,0.298727362,935.30625,504.33028,174.73832,88.81874997,0,vase,4.27,4.27,4,4,29,flower vase,1,2.038158407,10,case,1,5.43,4,art nouveau vase,1,NA,14,NA,NA,NA,NA,NA,NA,NA,NA,NA,NA,NA,NA,NA,NA,NA,NA,NA,NA,NA,NA,NA,NA,NA,NA,NA,NA,NA,NA,NA,NA,NA,NA,NA,NA,NA,NA,NA,NA,NA,NA,NA,NA,NA,NA,NA,NA,NA,NA
764,vase,vase_4.png,93.93939394,0.390452131,0.246347867,1013.884375,569.15683,197.19916,92.45625001,0,vase,4.27,4.27,4,4,31,fruit,1,4.73,5,flower,1,4.5,6,NA,NA,NA,NA,NA,NA,NA,NA,NA,NA,NA,NA,NA,NA,NA,NA,NA,NA,NA,NA,NA,NA,NA,NA,NA,NA,NA,NA,NA,NA,NA,NA,NA,NA,NA,NA,NA,NA,NA,NA,NA,NA,NA,NA,NA,NA,NA,NA,NA,NA,NA,NA
765,wallet,wallet_1.png,90.625,0.597454723,0.298727362,926.390625,362.57096,125.62212,97.8625,0,wallet,3.81,3.81,6,6,29,money,1,5.84,5,container,1,3.77,9,purse,1,3.92,5,NA,NA,NA,NA,NA,NA,NA,NA,NA,NA,NA,NA,NA,NA,NA,NA,NA,NA,NA,NA,NA,NA,NA,NA,NA,NA,NA,NA,NA,NA,NA,NA,NA,NA,NA,NA,NA,NA,NA,NA,NA,NA,NA,NA,NA,NA,NA,NA
766,wallet,wallet_2.png,84.375,0.86306367,0.431531835,970.046875,383.88526,133.00701,93.68124999,0,wallet,3.81,3.948064516,6,5.870967742,27,money,2,5.84,5,purse,2,3.92,5,container,1,3.77,9,NA,NA,NA,NA,NA,NA,NA,NA,NA,NA,NA,NA,NA,NA,NA,NA,NA,NA,NA,NA,NA,NA,NA,NA,NA,NA,NA,NA,NA,NA,NA,NA,NA,NA,NA,NA,NA,NA,NA,NA,NA,NA,NA,NA,NA,NA,NA,NA
767,wallet,wallet_3.png,96.96969697,0.195909271,0.195909271,969.134375,380.34621,131.78082,81.54687499,0,wallet,3.81,3.81,6,6,32,container,1,3.77,9,NA,NA,NA,NA,NA,NA,NA,NA,NA,NA,NA,NA,NA,NA,NA,NA,NA,NA,NA,NA,NA,NA,NA,NA,NA,NA,NA,NA,NA,NA,NA,NA,NA,NA,NA,NA,NA,NA,NA,NA,NA,NA,NA,NA,NA,NA,NA,NA,NA,NA,NA,NA,NA,NA,NA,NA
768,wallet,wallet_4.png,90.625,0.534954723,0.337518852,872.5258065,313.81616,110.46954,90.17741934,0,wallet,3.81,3.945333333,6,5.933333333,29,money,2,5.84,5,container,1,3.77,9,NA,NA,NA,NA,NA,NA,NA,NA,NA,NA,NA,NA,NA,NA,NA,NA,NA,NA,NA,NA,NA,NA,NA,NA,NA,NA,NA,NA,NA,NA,NA,NA,NA,NA,NA,NA,NA,NA,NA,NA,NA,NA,NA,NA,NA,NA,NA,NA,NA,NA,NA,NA
769,wheelchair,wheelchair_1.png,90.625,0.534954723,0.337518852,971.3451613,621.45663,218.76512,93.31290323,0,wheelchair,4.01,4.053333333,10,9.666666667,29,chair,2,4.66,5,vehicle,1,4.52,7,NA,NA,NA,NA,NA,NA,NA,NA,NA,NA,NA,NA,NA,NA,NA,NA,NA,NA,NA,NA,NA,NA,NA,NA,NA,NA,NA,NA,NA,NA,NA,NA,NA,NA,NA,NA,NA,NA,NA,NA,NA,NA,NA,NA,NA,NA,NA,NA,NA,NA,NA,NA
770,wheelchair,wheelchair_2.png,90.90909091,0.522978426,0.32996265,816.4939394,286.53377,97.76129,88.59090911,0,wheelchair,4.01,4.050625,10,9.6875,30,chair,2,4.66,5,vehicle,1,4.52,7,NA,NA,NA,NA,NA,NA,NA,NA,NA,NA,NA,NA,NA,NA,NA,NA,NA,NA,NA,NA,NA,NA,NA,NA,NA,NA,NA,NA,NA,NA,NA,NA,NA,NA,NA,NA,NA,NA,NA,NA,NA,NA,NA,NA,NA,NA,NA,NA,NA,NA,NA,NA
771,wheelchair,wheelchair_3.png,84.375,0.839473436,0.419736718,875.9967742,280.94196,98.89717,90.71612904,0,wheelchair,4.01,4.075,10,9.5,27,chair,3,4.66,5,wheel,1,4.51,5,disabled,1,NA,8,NA,NA,NA,NA,NA,NA,NA,NA,NA,NA,NA,NA,NA,NA,NA,NA,NA,NA,NA,NA,NA,NA,NA,NA,NA,NA,NA,NA,NA,NA,NA,NA,NA,NA,NA,NA,NA,NA,NA,NA,NA,NA,NA,NA,NA,NA,NA,NA
772,wheelchair,wheelchair_4.png,96.77419355,0.205592508,0.205592508,879.2258064,317.1385,111.63907,92.97741937,0,wheelchair,4.01,4.01,10,10,30,chair,1,4.66,5,NA,NA,NA,NA,NA,NA,NA,NA,NA,NA,NA,NA,NA,NA,NA,NA,NA,NA,NA,NA,NA,NA,NA,NA,NA,NA,NA,NA,NA,NA,NA,NA,NA,NA,NA,NA,NA,NA,NA,NA,NA,NA,NA,NA,NA,NA,NA,NA,NA,NA,NA,NA,NA,NA,NA,NA
773,willow,willow_1.png,81.25,1.032302495,0.444588485,903.3625,402.70339,139.52704,87.18124997,1,tree,4.95,4.822758621,4,4.206896552,26,willow,3,3.72,6,weeping willow,1,2.172856981,13,willow tree,1,2.420011596,10,park,1,5.08,4,NA,NA,NA,NA,NA,NA,NA,NA,NA,NA,NA,NA,NA,NA,NA,NA,NA,NA,NA,NA,NA,NA,NA,NA,NA,NA,NA,NA,NA,NA,NA,NA,NA,NA,NA,NA,NA,NA,NA,NA,NA,NA,NA,NA
774,willow,willow_2.png,87.87878788,0.532835063,0.532835063,869.5363636,482.97286,164.78355,96.52424241,1,tree,4.95,4.800909091,4,4.242424242,29,willow,4,3.72,6,NA,NA,NA,NA,NA,NA,NA,NA,NA,NA,NA,NA,NA,NA,NA,NA,NA,NA,NA,NA,NA,NA,NA,NA,NA,NA,NA,NA,NA,NA,NA,NA,NA,NA,NA,NA,NA,NA,NA,NA,NA,NA,NA,NA,NA,NA,NA,NA,NA,NA,NA,NA,NA,NA,NA,NA
775,willow,willow_3.png,84.375,0.98806367,0.382235204,1071.303226,673.50531,237.08728,98.78387096,1,tree,4.95,4.751789446,4,4.551724138,27,sycamore tree,2,2.075946968,12,weeping willow,1,2.172856981,13,lagoon tree,1,NA,10,willow,1,3.72,6,NA,NA,NA,NA,NA,NA,NA,NA,NA,NA,NA,NA,NA,NA,NA,NA,NA,NA,NA,NA,NA,NA,NA,NA,NA,NA,NA,NA,NA,NA,NA,NA,NA,NA,NA,NA,NA,NA,NA,NA,NA,NA,NA,NA
776,willow,willow_4.png,81.25,0.818091464,0.516158246,845.5258064,239.42651,84.2829,91.54838709,1,tree,4.95,4.745,4,4.333333333,26,willow,5,3.72,6,weeping willow,1,2.172856981,13,NA,NA,NA,NA,NA,NA,NA,NA,NA,NA,NA,NA,NA,NA,NA,NA,NA,NA,NA,NA,NA,NA,NA,NA,NA,NA,NA,NA,NA,NA,NA,NA,NA,NA,NA,NA,NA,NA,NA,NA,NA,NA,NA,NA,NA,NA,NA,NA,NA,NA,NA,NA
777,wine bottle,wine bottle_1.png,71.875,1.097689859,0.548844929,945.4833334,482.49054,172.65385,96.72999997,0,wine,4.84,4.349943191,4,5.285714286,23,wine bottle,6,2.553068223,10,bottle of wine,1,NA,12,red wine,1,3.860088582,7,NA,NA,NA,NA,NA,NA,NA,NA,NA,NA,NA,NA,NA,NA,NA,NA,NA,NA,NA,NA,NA,NA,NA,NA,NA,NA,NA,NA,NA,NA,NA,NA,NA,NA,NA,NA,NA,NA,NA,NA,NA,NA,NA,NA,NA,NA,NA,NA
778,wine bottle,wine bottle_2.png,65.625,1.305041691,0.652520846,967.1483871,676.5694,238.1659,92.29677418,0,bottle,4.65,4.103484859,6,6.933333333,21,wine bottle,8,2.553068223,10,wine,2,4.84,4,container,1,3.77,9,NA,NA,NA,NA,NA,NA,NA,NA,NA,NA,NA,NA,NA,NA,NA,NA,NA,NA,NA,NA,NA,NA,NA,NA,NA,NA,NA,NA,NA,NA,NA,NA,NA,NA,NA,NA,NA,NA,NA,NA,NA,NA,NA,NA,NA,NA,NA,NA
779,wine bottle,wine bottle_3.png,62.5,1.573192411,0.677537093,757.83125,213.79013,74.07314,95.81874998,0,wine,4.84,4.427178037,4,5.333333333,20,wine bottle,5,2.553068223,10,bottle,5,4.65,6,bottle of wine,1,NA,12,drink,1,5.06,5,NA,NA,NA,NA,NA,NA,NA,NA,NA,NA,NA,NA,NA,NA,NA,NA,NA,NA,NA,NA,NA,NA,NA,NA,NA,NA,NA,NA,NA,NA,NA,NA,NA,NA,NA,NA,NA,NA,NA,NA,NA,NA,NA,NA
780,wine bottle,wine bottle_4.png,51.51515152,1.859651429,0.719411376,1105.290625,745.21516,258.19914,93.55625008,0,wine,4.84,4.472147341,4,5.379310345,17,bottle,8,4.65,6,wine bottle,5,2.553068223,10,bottle of wine,1,NA,12,drink,1,5.06,5,port,1,4.49,4,NA,NA,NA,NA,NA,NA,NA,NA,NA,NA,NA,NA,NA,NA,NA,NA,NA,NA,NA,NA,NA,NA,NA,NA,NA,NA,NA,NA,NA,NA,NA,NA,NA,NA,NA,NA,NA,NA,NA,NA
781,wineglass,wineglass_1.png,53.125,1.639355747,0.634189373,724.0806451,175.78444,61.87962,91.8483871,0,glass,4.92,4.05450626,5,6.571428571,17,wine glass,11,2.716925025,9,cup,1,5.09,3,wine,1,4.84,4,container,1,3.77,9,NA,NA,NA,NA,NA,NA,NA,NA,NA,NA,NA,NA,NA,NA,NA,NA,NA,NA,NA,NA,NA,NA,NA,NA,NA,NA,NA,NA,NA,NA,NA,NA,NA,NA,NA,NA,NA,NA,NA,NA,NA,NA,NA,NA
782,wineglass,wineglass_2.png,87.87878788,0.631171805,0.398225072,895.5424242,381.32624,130.10315,92.43939391,0,glass,4.92,4.9359375,5,4.8125,29,cup,3,5.09,3,container,1,3.77,9,NA,NA,NA,NA,NA,NA,NA,NA,NA,NA,NA,NA,NA,NA,NA,NA,NA,NA,NA,NA,NA,NA,NA,NA,NA,NA,NA,NA,NA,NA,NA,NA,NA,NA,NA,NA,NA,NA,NA,NA,NA,NA,NA,NA,NA,NA,NA,NA,NA,NA,NA,NA
783,wineglass,wineglass_3.png,75.75757576,0.799048521,0.799048521,857.5242424,384.13604,131.06182,89.54242426,0,glass,4.92,4.385921218,5,5.96969697,25,wine glass,8,2.716925025,9,NA,NA,NA,NA,NA,NA,NA,NA,NA,NA,NA,NA,NA,NA,NA,NA,NA,NA,NA,NA,NA,NA,NA,NA,NA,NA,NA,NA,NA,NA,NA,NA,NA,NA,NA,NA,NA,NA,NA,NA,NA,NA,NA,NA,NA,NA,NA,NA,NA,NA,NA,NA,NA,NA,NA,NA
784,wineglass,wineglass_4.png,56.25,1.151113551,0.726271789,845.9366667,469.57613,168.03257,91.53333336,0,glass,4.92,4.084350872,5,6.517241379,18,wine glass,13,2.716925025,9,wine,1,4.84,4,NA,NA,NA,NA,NA,NA,NA,NA,NA,NA,NA,NA,NA,NA,NA,NA,NA,NA,NA,NA,NA,NA,NA,NA,NA,NA,NA,NA,NA,NA,NA,NA,NA,NA,NA,NA,NA,NA,NA,NA,NA,NA,NA,NA,NA,NA,NA,NA,NA,NA,NA,NA
785,wolfhound,wolfhound_1.png,84.375,0.98806367,0.382235204,819.725,634.63679,219.88639,94.60624999,1,dog,5.17,5.17,3,3,27,animal,1,4.93,6,dog leash,1,1.297795718,8,hound,1,3.65,5,mammal,1,3.71,6,irish wolfhound,1,1.473886977,14,NA,NA,NA,NA,NA,NA,NA,NA,NA,NA,NA,NA,NA,NA,NA,NA,NA,NA,NA,NA,NA,NA,NA,NA,NA,NA,NA,NA,NA,NA,NA,NA,NA,NA,NA,NA,NA,NA,NA,NA
786,wolfhound,wolfhound_2.png,81.81818182,1.093425557,0.422994746,1107.8,653.64428,226.47203,91.17812507,1,dog,5.17,5.065172414,3,3.137931034,27,hound,2,3.65,5,mammal,1,3.71,6,wolfhound,1,2.06,9,afghan hound,1,2.017955021,11,NA,NA,NA,NA,NA,NA,NA,NA,NA,NA,NA,NA,NA,NA,NA,NA,NA,NA,NA,NA,NA,NA,NA,NA,NA,NA,NA,NA,NA,NA,NA,NA,NA,NA,NA,NA,NA,NA,NA,NA,NA,NA,NA,NA
787,wolfhound,wolfhound_3.png,84.375,0.98806367,0.382235204,970.6375,523.49755,181.37932,91.403125,1,dog,5.17,5.17,3,3,27,hound,1,3.65,5,mammal,1,3.71,6,lurcher,1,2.37,7,irish wolfhound,1,1.473886977,14,wolfhound,1,2.06,9,NA,NA,NA,NA,NA,NA,NA,NA,NA,NA,NA,NA,NA,NA,NA,NA,NA,NA,NA,NA,NA,NA,NA,NA,NA,NA,NA,NA,NA,NA,NA,NA,NA,NA,NA,NA,NA,NA,NA,NA
788,wolfhound,wolfhound_4.png,82.35294118,1.069641141,0.413793678,1013.914706,672.27237,225.97161,96.02941175,1,dog,5.17,4.983333333,3,3.266666667,28,lurcher,2,2.37,7,bath,1,4.65,4,wolfhound,1,2.06,9,irish wolfhound,1,1.473886977,14,mammal,1,3.71,6,NA,NA,NA,NA,NA,NA,NA,NA,NA,NA,NA,NA,NA,NA,NA,NA,NA,NA,NA,NA,NA,NA,NA,NA,NA,NA,NA,NA,NA,NA,NA,NA,NA,NA,NA,NA,NA,NA,NA,NA
789,yacht,yacht_1.png,40.625,1.995016746,0.771777829,891.209375,422.72982,146.46572,93.31250011,0,ship,4.77,4.495784381,4,4.4,13,boat,11,4.89,4,yacht,4,3.77,5,sail boat,2,1.996765722,8,sailing boat,1,2.553068223,11,steamboat,1,2.37,9,NA,NA,NA,NA,NA,NA,NA,NA,NA,NA,NA,NA,NA,NA,NA,NA,NA,NA,NA,NA,NA,NA,NA,NA,NA,NA,NA,NA,NA,NA,NA,NA,NA,NA,NA,NA,NA,NA,NA,NA
790,yacht,yacht_2.png,59.375,1.911607174,0.637202391,1497.041667,914.87032,366.01763,87.86666665,0,boat,4.89,4.76047619,4,4.095238095,19,ship,5,4.77,4,yacht,2,3.77,5,ocean,1,NA,5,liner,1,3.64,5,modern ship,1,NA,10,motor yacht,1,10,1.649978236,submarine,1,9,3.77,NA,NA,NA,NA,NA,NA,NA,NA,NA,NA,NA,NA,NA,NA,NA,NA,NA,NA,NA,NA,NA,NA,NA,NA,NA,NA,NA,NA,NA,NA,NA,NA
791,yacht,yacht_3.png,56.25,1.491314657,0.745657329,925.9125,372.23129,128.96919,94.71875001,0,boat,4.89,4.356875,4,4.5625,18,yacht,10,3.77,5,sailboat,2,2.08,8,ship,2,4.77,4,NA,NA,NA,NA,NA,NA,NA,NA,NA,NA,NA,NA,NA,NA,NA,NA,NA,NA,NA,NA,NA,NA,NA,NA,NA,NA,NA,NA,NA,NA,NA,NA,NA,NA,NA,NA,NA,NA,NA,NA,NA,NA,NA,NA,NA,NA,NA,NA
792,yacht,yacht_4.png,64.51612903,1.241946032,0.783580704,1085.32069,565.80346,205.92766,96.74482764,0,boat,4.89,4.154137931,4,4.965517241,20,sailboat,6,2.08,8,yacht,4,3.77,5,NA,NA,NA,NA,NA,NA,NA,NA,NA,NA,NA,NA,NA,NA,NA,NA,NA,NA,NA,NA,NA,NA,NA,NA,NA,NA,NA,NA,NA,NA,NA,NA,NA,NA,NA,NA,NA,NA,NA,NA,NA,NA,NA,NA,NA,NA,NA,NA,NA,NA,NA,NA
793,zeppelin,zeppelin_1.png,51.51515152,2.405105975,0.724009041,1051.555172,711.35474,258.90195,79.45862076,0,blimp,2.26,2.848,5,5.4,17,airship,5,2.83,7,air,2,5.22,3,plane,2,4.58,5,zeppelin,2,3.19,8,air balloon,1,3.074133627,10,sky,1,3,NA,aircraft,1,8,4.44,balloon plane,1,12,NA,balloon,1,7,4.25,NA,NA,NA,NA,NA,NA,NA,NA,NA,NA,NA,NA,NA,NA,NA,NA,NA,NA,NA,NA,NA,NA,NA,NA
794,zeppelin,zeppelin_2.png,46.875,2.345550457,0.739938786,1532.407143,1157.41762,428.70561,89.04285714,0,blimp,2.26,2.576956522,5,6.043478261,15,zeppelin,6,3.19,8,airship,3,2.83,7,plane,2,4.58,5,air balloon,1,3.074133627,10,aircraft,1,4.44,8,balloon,1,7,4.25,flying,1,6,4.82,submarine,1,9,NA,NA,NA,NA,NA,NA,NA,NA,NA,NA,NA,NA,NA,NA,NA,NA,NA,NA,NA,NA,NA,NA,NA,NA,NA,NA,NA,NA,NA
795,zeppelin,zeppelin_3.png,48.48484848,2.268344408,0.756114803,1297.075,1002.91331,371.47746,95.01071426,0,blimp,2.26,2.8,5,5.833333333,16,airship,5,2.83,7,plane,4,4.58,5,zeppelin,4,3.19,8,air balloon,1,3.074133627,10,missile,1,3.66,7,balloon,1,7,4.25,torpedo,1,7,3.19,NA,NA,NA,NA,NA,NA,NA,NA,NA,NA,NA,NA,NA,NA,NA,NA,NA,NA,NA,NA,NA,NA,NA,NA,NA,NA,NA,NA,NA,NA,NA,NA
796,zeppelin,zeppelin_4.png,43.75,2.549300488,0.804214764,1381.924138,931.60699,339.06411,98.19655166,0,blimp,2.26,2.695344469,5,6.083333333,14,airship,5,2.83,7,air balloon,3,3.074133627,10,balloon,3,4.25,7,plane,2,4.58,5,zeppelin,2,3.19,8,hovercraft,1,10,2.97,flight,1,6,4.58,air,1,3,5.22,NA,NA,NA,NA,NA,NA,NA,NA,NA,NA,NA,NA,NA,NA,NA,NA,NA,NA,NA,NA,NA,NA,NA,NA,NA,NA,NA,NA
797,zucchini,zucchini_1.png,28.125,2.520379273,0.840126424,1241.746429,742.77075,275.12108,91.80714286,1,marrow,3.6,3.6732,6,7.76,9,courgette,7,3.35,9,vegetable,5,4.18,9,cucumber,4,3.77,8,squash,1,3.92,6,fruit,1,NA,5,zucchini,1,8,2.34,mango,1,5,3.74,NA,NA,NA,NA,NA,NA,NA,NA,NA,NA,NA,NA,NA,NA,NA,NA,NA,NA,NA,NA,NA,NA,NA,NA,NA,NA,NA,NA,NA,NA,NA,NA
798,zucchini,zucchini_2.png,63.63636364,1.570361222,0.607498647,1016.15,474.76216,164.49367,89.8125,1,courgette,3.35,3.550689655,9,8.931034483,21,vegetable,6,4.18,9,cucumber,2,3.77,8,plant,1,4.81,5,zucchini,1,2.34,8,aubergine,1,3.46,9,NA,NA,NA,NA,NA,NA,NA,NA,NA,NA,NA,NA,NA,NA,NA,NA,NA,NA,NA,NA,NA,NA,NA,NA,NA,NA,NA,NA,NA,NA,NA,NA,NA,NA,NA,NA,NA,NA,NA,NA
799,zucchini,zucchini_3.png,25,2.60151528,0.86717176,1195.475,546.89231,202.56803,95.26785713,1,marrow,3.6,3.5888,6,7.96,8,courgette,7,3.35,9,vegetable,6,4.18,9,cucumber,4,3.77,8,zucchini,2,2.34,8,squash,1,3.92,6,fruit,1,5,4.73,aubergine,1,9,3.46,NA,NA,NA,NA,NA,NA,NA,NA,NA,NA,NA,NA,NA,NA,NA,NA,NA,NA,NA,NA,NA,NA,NA,NA,NA,NA,NA,NA,NA,NA,NA,NA
800,zucchini,zucchini_4.png,81.25,0.969802495,0.484901247,1504.02,728.4626,260.6722,99.39666668,1,courgette,3.35,3.450689655,9,8.896551724,26,cucumber,3,3.77,8,vegetable,2,4.18,9,aubergine,1,3.46,9,NA,NA,NA,NA,NA,NA,NA,NA,NA,NA,NA,NA,NA,NA,NA,NA,NA,NA,NA,NA,NA,NA,NA,NA,NA,NA,NA,NA,NA,NA,NA,NA,NA,NA,NA,NA,NA,NA,NA,NA,NA,NA,NA,NA,NA,NA,NA,NA